"ANO","NIVEL","CODMUNRES","POPRE_T","POPRC_T","POPRC_M","POPRC_F","POPRC_15","POPRC_15_49","POPRC_50","POPRC_F_15","POPRC_F_15_49","POPRC_F_50","IDHM_A","IDHM_CA","IDHM_CA_M","IDHM_CA_F","TN","TNRC","TNRCR","TGI_15","TGI_15_19","TGI_20_24","TGI_25_29","TGI_30_34","TGI_35_39","TGI_40_44","TGI_45_49","TGI_50","TGIF","IM_P25","IM_P50","IM_P75","IM_MD","IM_DP","EM_S","EM_FI","EM_FII","EM_M","EM_SI","EM_SC","TGRC_B","TGRC_PT","TGRC_A","TGRC_PD","TGRC_I","TGSC","TGCC","TGPRI","TGNPRI","TGU","TGG","TGD_22","TGD_22_27","TGD_28_31","TGD_32_36","TGD_37_41","TGD_42","TGD_PRT","TGD_AT","TGD_PST","DG_P25","DG_P50","DG_P75","DG_MD","DG_DP","TKC_NR","TKC_ID","TKC_IT","TKC_AD","TKC_MAD","TGPRG_S","TGPRG_N","TPV","TPC","TRAP_C","TRAP_P","TRAP_T","TGROB_1","TGROB_2","TGROB_3","TGROB_4","TGROB_5","TGROB_6","TGROB_7","TGROB_8","TGROB_9","TGROB_10","TNLOC_H","TNLOC_ES","TNLOC_D","TNLOC_O","TNLOC_AI","TRS_M","TRS_F","TRRC_B","TRRC_PT","TRRC_A","TRRC_PD","TRRC_I","TRP_BP","TRP_N","TRP_M","PESO_P25","PESO_P50","PESO_P75","PESO_MD","PESO_DP","TRPIG_P","TRPIG_A","TRPIG_G","TRAPG5_B","TRAPG5_N","APG5_MD","APG5_DP","TRAC","TRSAC","TO","TORC","TORCR","TO_NN","TO_N","TO_CB_I","TO_CB_N","TO_CB_C","TO_CB_R","TO_CB_O","TO_M","TO_F","TO_F_IF","TO_FT","TO_NT","TO_NT_P","TO_NT_T","TO_PNT","TO_MT_G","TONT_B","TONT_PT","TONT_A","TONT_PD","TONT_I","TO_MT","TO_MT_DG","TO_MT_PT","TO_MT_AB","TO_MT_42","TO_MT_43","TO_MT_P","TO_MT_P_I","TO_MT_P_ES","TO_MT_P_EFI","TO_MT_P_EFII","TO_MT_P_EM","TO_MT_P_ESI","TO_MT_P_ESC","POPRE_RA","POPRE_RE","TFG","TMG","RMM","TMM","TMM_P","TMN","TMN_P","TMN_T","TMI"
2015,"MUNICIPIO","2900108",9226,8316,4082,4234,1577,4170,2569,759,2099,1376,NA,0.603,NA,NA,64,0,58,0,6,15,12,21,9,1,0,0,64,22.75,29,31.25,28.02,5.97,0,7,9,38,0,8,14,2,0,45,0,16,47,26,38,58,6,0,0,0,12,49,1,12,49,1,37.25,38.5,39,38.11,2.07,0,14,4,4,39,58,6,18,46,56,6,1,9,8,14,4,11,2,2,5,1,7,39,24,0,1,0,33,31,14,2,0,45,0,8,53,3,2773.75,3077.5,3427.5,3051.2,583.72,1,51,5,1,62,9.56,0.82,0,64,NA,NA,NA,NA,NA,NA,NA,NA,NA,NA,NA,NA,NA,NA,NA,NA,NA,NA,NA,NA,NA,NA,NA,NA,NA,NA,NA,NA,NA,NA,NA,NA,NA,NA,NA,NA,NA,NA,NA,NA,30.490709861839,NA,NA,NA,NA,NA,NA,NA,NA
2015,"MUNICIPIO","2900207",19574,17064,8564,8500,5341,8912,2811,2674,4324,1502,NA,0.575,NA,NA,282,0,256,3,75,74,58,46,20,6,0,0,279,19,24,30,24.74,6.62,5,28,77,131,10,13,9,16,0,231,5,102,174,103,179,280,2,0,1,4,20,228,17,25,228,17,38,39.5,40,39.09,2.4,3,63,9,8,177,199,83,170,112,249,12,1,51,34,78,27,32,5,6,2,1,24,278,2,0,2,0,163,119,9,17,0,244,8,19,241,22,3035,3302.5,3630,3288.83,557.44,26,204,34,2,278,9.1,0.78,6,276,NA,NA,NA,NA,NA,NA,NA,NA,NA,NA,NA,NA,NA,NA,NA,NA,NA,NA,NA,NA,NA,NA,NA,NA,NA,NA,NA,NA,NA,NA,NA,NA,NA,NA,NA,NA,NA,NA,12.855,6.548,65.2173913043478,NA,NA,NA,NA,NA,NA,NA,NA
2015,"MUNICIPIO","2900306",15717,14653,7208,7445,4353,7323,2977,2168,3669,1608,NA,0.582,NA,NA,182,0,56,1,40,42,40,33,20,5,1,0,181,20,26,30,26.02,7.04,3,25,72,67,4,6,2,9,0,53,1,118,54,72,110,175,6,0,1,3,12,145,13,16,145,13,38,39,40,38.83,2.39,0,61,12,18,65,173,9,144,36,170,10,0,47,10,69,9,10,4,2,6,0,15,176,1,4,1,0,91,91,2,9,0,53,1,12,149,21,2912.5,3280,3646.25,3281.35,643.13,20,118,27,3,175,8.98,0.97,3,170,NA,NA,NA,NA,NA,NA,NA,NA,NA,NA,NA,NA,NA,NA,NA,NA,NA,NA,NA,NA,NA,NA,NA,NA,NA,NA,NA,NA,NA,NA,NA,NA,NA,NA,NA,NA,NA,NA,14.06,NA,49.6047969473971,NA,NA,NA,NA,NA,NA,NA,NA
2015,"MUNICIPIO","2900355",17153,15702,7907,7795,4285,8425,2992,2119,4163,1513,NA,0.546,NA,NA,149,0,124,1,30,52,32,19,10,5,0,0,148,20,23,29,24.83,6.26,0,17,53,60,4,1,24,5,0,112,0,105,41,76,73,142,6,0,2,4,15,116,4,21,116,4,38,39,40,38.41,2.68,0,35,8,9,83,145,4,109,39,138,3,1,45,13,39,8,8,2,0,6,1,16,145,3,0,1,0,69,80,25,5,0,112,0,13,128,8,3000,3300,3600,3232.46,614.98,9,108,20,3,145,9.05,0.98,0,147,NA,NA,NA,NA,NA,NA,NA,NA,NA,NA,NA,NA,NA,NA,NA,NA,NA,NA,NA,NA,NA,NA,NA,NA,NA,NA,NA,NA,NA,NA,NA,NA,NA,NA,NA,NA,NA,NA,10.107,NA,35.7914965169349,NA,NA,NA,NA,NA,NA,NA,NA
2015,"MUNICIPIO","2900405",17043,15731,7903,7828,4214,8127,3390,2067,3945,1816,NA,0.55,NA,NA,190,0,53,1,42,31,44,39,23,10,0,0,189,20,27,33,27.05,7.52,2,13,29,58,1,6,4,11,0,61,0,125,54,89,101,187,3,0,0,1,5,112,11,6,112,11,39,40,40,39.47,1.87,1,14,9,8,53,114,76,126,64,113,3,0,27,17,19,10,16,1,2,3,0,6,187,2,1,0,0,92,98,4,11,0,129,0,12,170,8,2944,3200,3484.25,3212.14,505.48,9,89,9,1,145,9.51,0.81,1,180,NA,NA,NA,NA,NA,NA,NA,NA,NA,NA,NA,NA,NA,NA,NA,NA,NA,NA,NA,NA,NA,NA,NA,NA,NA,NA,NA,NA,NA,NA,NA,NA,NA,NA,NA,NA,NA,NA,8.123,NA,48.1622306717364,NA,NA,NA,NA,NA,NA,NA,NA
2015,"MUNICIPIO","2900504",11437,10859,5422,5437,2514,5826,2519,1261,2839,1337,NA,0.584,NA,NA,95,0,32,0,17,24,20,16,10,6,1,1,94,21.5,26,32,27.17,7.63,2,18,25,45,1,1,19,32,0,44,0,25,69,41,54,95,0,1,0,1,8,76,8,10,76,8,38,39,40,38.86,2.94,1,22,8,5,49,95,0,52,43,92,1,0,29,6,28,2,17,0,1,0,0,9,94,1,0,0,0,37,58,19,32,0,44,0,10,81,4,2855,3125,3500,3130.27,644.53,13,71,7,1,33,9.12,1.7,2,93,NA,NA,NA,NA,NA,NA,NA,NA,NA,NA,NA,NA,NA,NA,NA,NA,NA,NA,NA,NA,NA,NA,NA,NA,NA,NA,NA,NA,NA,NA,NA,NA,NA,NA,NA,NA,NA,NA,4.633,NA,33.4624867911236,NA,NA,NA,NA,NA,NA,NA,NA
2015,"MUNICIPIO","2900603",4767,4602,2351,2251,1167,2332,1103,581,1121,549,NA,0.583,NA,NA,50,0,37,0,12,14,12,7,4,1,0,0,50,20,24,28.75,24.82,6.6,0,5,12,28,0,2,3,4,2,38,0,10,38,24,26,46,4,0,0,0,4,33,5,4,33,5,38,39,40,39.1,1.89,0,17,4,3,17,49,1,24,26,47,1,0,9,3,10,3,7,1,0,4,0,4,48,0,1,1,0,19,31,3,4,2,39,0,6,38,6,2870,3187.5,3537.5,3134.8,763.57,3,26,7,4,44,9.4,1.53,0,50,NA,NA,NA,NA,NA,NA,NA,NA,NA,NA,NA,NA,NA,NA,NA,NA,NA,NA,NA,NA,NA,NA,NA,NA,NA,NA,NA,NA,NA,NA,NA,NA,NA,NA,NA,NA,NA,NA,2.742,NA,44.6030330062444,NA,NA,NA,NA,NA,NA,NA,NA
2015,"MUNICIPIO","2900702",154495,141949,67212,74737,33087,82188,26674,16338,43078,15321,NA,0.683,NA,NA,2440,0,1613,24,423,598,551,509,267,61,6,1,2415,21,26,31,26.43,6.85,9,155,756,1133,113,222,160,344,22,1323,13,1322,991,1059,1381,2389,46,3,7,29,213,1790,135,252,1790,135,38,39,40,38.74,2.37,17,629,163,185,1137,294,2146,1551,887,2284,76,5,469,348,493,231,262,24,39,45,5,212,2414,12,12,2,0,1238,1202,160,344,22,1323,13,195,2067,178,2935,3250,3600,3232.14,588.31,152,1630,301,31,2329,9.47,0.94,26,2271,NA,NA,NA,NA,NA,NA,NA,NA,NA,NA,NA,NA,NA,NA,NA,NA,NA,NA,NA,NA,NA,NA,NA,NA,NA,NA,NA,NA,NA,NA,NA,NA,NA,NA,NA,NA,NA,NA,152.803,32.693,56.6414411068295,NA,NA,NA,NA,NA,NA,NA,NA
2015,"MUNICIPIO","2900801",23282,21271,10815,10456,6332,11075,3864,3146,5431,1879,NA,0.608,NA,NA,283,0,237,5,72,86,59,38,18,5,0,0,278,19,23,28,24.21,6.41,1,31,113,114,6,12,3,63,0,204,1,85,194,108,175,282,0,0,1,4,24,217,18,29,217,18,38,39,40,38.75,2.38,3,103,33,19,114,193,90,191,91,275,4,0,28,56,58,51,36,2,2,0,0,28,282,0,0,1,0,150,133,3,63,0,204,1,11,251,21,2986,3280,3635,3279.2,538.48,15,200,39,1,273,9.48,0.65,1,278,NA,NA,NA,NA,NA,NA,NA,NA,NA,NA,NA,NA,NA,NA,NA,NA,NA,NA,NA,NA,NA,NA,NA,NA,NA,NA,NA,NA,NA,NA,NA,NA,NA,NA,NA,NA,NA,NA,12.252,NA,52.1082673540784,NA,NA,NA,NA,NA,NA,NA,NA
2015,"MUNICIPIO","2900900",6145,6357,3200,3157,1615,3149,1593,791,1599,767,NA,0.563,NA,NA,74,0,72,0,19,19,19,11,6,0,0,0,74,19.25,24,29,24.76,6.27,0,10,25,30,5,3,3,4,0,67,0,38,36,29,45,74,0,0,0,0,6,65,3,6,65,3,38,39,40,38.96,1.79,1,22,2,7,42,74,0,49,25,72,2,0,7,20,6,26,8,1,1,0,0,5,74,0,0,0,0,37,37,3,4,0,67,0,4,65,5,3070,3270,3447.5,3259.12,439.39,3,62,8,0,73,8.92,0.28,0,74,NA,NA,NA,NA,NA,NA,NA,NA,NA,NA,NA,NA,NA,NA,NA,NA,NA,NA,NA,NA,NA,NA,NA,NA,NA,NA,NA,NA,NA,NA,NA,NA,NA,NA,NA,NA,NA,NA,5.925,NA,46.2789243277048,NA,NA,NA,NA,NA,NA,NA,NA
2015,"MUNICIPIO","2901007",37807,34351,16647,17704,8698,18282,7371,4231,9366,4107,NA,0.625,NA,NA,426,0,283,5,78,101,101,83,46,11,1,0,421,20.25,26,32,26.28,6.9,4,33,138,202,15,25,47,40,2,286,0,302,115,186,240,423,2,0,2,4,39,337,21,45,337,21,38,39,40,38.67,2.28,0,99,30,52,218,220,206,256,168,412,10,0,122,30,121,17,56,5,3,2,0,42,420,4,1,1,0,215,211,47,40,2,286,0,32,366,28,2905.75,3230,3568.75,3220.73,528.33,35,300,58,10,334,9.17,1.23,1,418,NA,NA,NA,NA,NA,NA,NA,NA,NA,NA,NA,NA,NA,NA,NA,NA,NA,NA,NA,NA,NA,NA,NA,NA,NA,NA,NA,NA,NA,NA,NA,NA,NA,NA,NA,NA,NA,NA,32.742,1.043,45.483664317745,NA,NA,NA,NA,NA,NA,NA,NA
2015,"MUNICIPIO","2901106",26441,25190,12283,12907,6577,13897,4716,3174,7149,2584,NA,0.666,NA,NA,270,0,74,2,47,70,62,50,26,11,2,0,268,21,26,31,26.33,7.13,1,12,68,131,6,16,3,26,1,76,0,169,84,142,128,268,0,0,1,2,9,205,9,12,205,9,38,39,40,38.86,1.95,1,34,13,16,89,250,20,164,103,255,9,0,51,52,43,31,28,4,5,0,0,8,269,1,0,0,0,134,136,3,26,1,76,0,20,236,14,2879.75,3200,3515,3196.82,539.37,20,186,18,1,193,9.48,0.65,1,234,NA,NA,NA,NA,NA,NA,NA,NA,NA,NA,NA,NA,NA,NA,NA,NA,NA,NA,NA,NA,NA,NA,NA,NA,NA,NA,NA,NA,NA,NA,NA,NA,NA,NA,NA,NA,NA,NA,19.082,NA,37.7675199328577,NA,NA,NA,NA,NA,NA,NA,NA
2015,"MUNICIPIO","2901155",16923,15961,8073,7888,4965,8155,2841,2463,4017,1408,NA,0.561,NA,NA,217,0,196,5,50,58,52,32,15,5,0,0,212,19,24,29,24.84,6.52,3,18,83,105,0,8,15,28,2,164,0,53,162,71,146,214,3,1,1,2,22,170,21,26,170,21,38,39,40,38.84,2.83,0,51,20,12,114,112,105,166,50,204,12,1,46,11,91,10,23,2,7,3,1,23,204,11,2,0,0,103,113,15,28,2,164,0,22,177,18,2915,3240,3615,3221.17,615.45,17,162,25,2,214,9.14,1,2,209,NA,NA,NA,NA,NA,NA,NA,NA,NA,NA,NA,NA,NA,NA,NA,NA,NA,NA,NA,NA,NA,NA,NA,NA,NA,NA,NA,NA,NA,NA,NA,NA,NA,NA,NA,NA,NA,NA,13.822,NA,54.0204132437142,NA,NA,NA,NA,NA,NA,NA,NA
2015,"MUNICIPIO","2901205",20096,25516,12892,12624,6365,12751,6400,3111,6234,3279,NA,0.54,NA,NA,250,0,226,0,50,70,54,46,20,8,0,2,248,20,25,30,25.84,6.94,1,32,88,107,4,7,14,6,1,224,0,117,128,111,139,239,8,0,1,3,26,186,18,30,186,18,38,39,40,38.56,2.39,2,51,24,31,104,228,22,164,83,238,7,0,42,38,55,38,19,3,4,8,0,25,246,0,3,1,0,122,128,14,6,1,224,0,27,208,12,2815,3125,3517.5,3096.87,651.22,20,178,21,3,240,9.28,0.96,1,246,NA,NA,NA,NA,NA,NA,NA,NA,NA,NA,NA,NA,NA,NA,NA,NA,NA,NA,NA,NA,NA,NA,NA,NA,NA,NA,NA,NA,NA,NA,NA,NA,NA,NA,NA,NA,NA,NA,6.35,NA,40.102662816811,NA,NA,NA,NA,NA,NA,NA,NA
2015,"MUNICIPIO","2901304",13723,13960,7181,6779,4401,7055,2504,2100,3418,1261,NA,0.555,NA,NA,184,0,166,2,45,44,41,34,16,2,0,0,182,19,25,30,25.17,6.61,3,25,71,73,5,5,6,26,1,143,0,125,54,59,125,176,8,0,0,3,19,147,8,22,147,8,38,39,40,38.77,2.12,2,75,9,12,75,96,88,120,64,171,12,0,19,24,53,23,23,3,7,8,0,16,183,1,0,0,0,91,93,6,26,1,143,0,17,155,12,2937.5,3250,3572,3209.64,578.36,13,132,23,4,177,9.49,0.92,1,179,NA,NA,NA,NA,NA,NA,NA,NA,NA,NA,NA,NA,NA,NA,NA,NA,NA,NA,NA,NA,NA,NA,NA,NA,NA,NA,NA,NA,NA,NA,NA,NA,NA,NA,NA,NA,NA,NA,8.58,NA,53.8326506729081,NA,NA,NA,NA,NA,NA,NA,NA
2015,"MUNICIPIO","2901353",14791,14414,7328,7086,3650,7899,2865,1813,3822,1451,NA,0.588,NA,NA,160,0,137,3,35,29,35,42,16,0,0,0,157,20,26.5,31,26.01,6.9,0,17,54,71,2,9,8,3,0,148,0,33,127,73,87,154,2,0,2,0,15,126,8,17,126,8,38,39,40,38.62,2.63,0,48,17,9,74,158,2,83,75,141,5,1,33,21,36,14,14,3,2,1,1,15,157,2,0,1,0,79,81,8,3,0,148,0,16,136,8,2895,3218,3494,3140.12,656.17,16,113,12,5,146,8.85,0.98,1,153,NA,NA,NA,NA,NA,NA,NA,NA,NA,NA,NA,NA,NA,NA,NA,NA,NA,NA,NA,NA,NA,NA,NA,NA,NA,NA,NA,NA,NA,NA,NA,NA,NA,NA,NA,NA,NA,NA,9.908,NA,41.8628990057561,NA,NA,NA,NA,NA,NA,NA,NA
2015,"MUNICIPIO","2901403",14724,14073,7460,6613,3740,7365,2968,1795,3388,1430,NA,0.625,NA,NA,189,0,170,4,44,45,38,39,15,4,0,0,185,19,25,31,25.5,6.85,0,16,41,102,8,10,20,15,4,134,2,35,151,69,120,182,7,1,1,6,20,137,14,28,137,14,38,39,40,38.63,3.05,1,50,9,9,106,179,10,104,85,171,5,3,24,36,37,25,24,0,4,6,3,19,163,22,1,3,0,105,84,20,15,4,137,2,14,167,7,2861.5,3165,3493.75,3147.42,545.75,10,137,17,3,181,8.97,0.9,3,186,NA,NA,NA,NA,NA,NA,NA,NA,NA,NA,NA,NA,NA,NA,NA,NA,NA,NA,NA,NA,NA,NA,NA,NA,NA,NA,NA,NA,NA,NA,NA,NA,NA,NA,NA,NA,NA,NA,6.872,NA,55.7851239669422,NA,NA,NA,NA,NA,NA,NA,NA
2015,"MUNICIPIO","2901502",11299,10242,5083,5159,2346,5594,2302,1085,2778,1296,NA,0.589,NA,NA,95,0,27,0,20,25,20,21,7,2,0,0,95,20,25,31,25.63,6.92,1,6,27,44,1,2,2,2,1,40,0,65,24,59,36,95,0,0,0,1,6,69,4,7,69,4,38,39,40,38.84,1.84,0,11,3,3,36,85,10,63,32,91,3,0,23,19,17,3,8,2,1,0,0,6,95,0,0,0,0,42,53,2,2,1,40,0,7,84,4,3026,3260,3565,3232.76,562.42,7,62,10,1,63,9.22,0.72,0,83,NA,NA,NA,NA,NA,NA,NA,NA,NA,NA,NA,NA,NA,NA,NA,NA,NA,NA,NA,NA,NA,NA,NA,NA,NA,NA,NA,NA,NA,NA,NA,NA,NA,NA,NA,NA,NA,NA,8.236,NA,34.1972642188625,NA,NA,NA,NA,NA,NA,NA,NA
2015,"MUNICIPIO","2901601",19183,17072,8581,8491,3722,9500,3850,1884,4693,1914,NA,0.592,NA,NA,126,0,97,0,32,31,30,24,3,6,0,0,126,19.25,24.5,30,25.06,6.78,1,19,27,56,1,6,21,5,0,99,0,94,28,60,66,123,2,0,0,0,14,90,5,14,90,5,38,39,40,38.47,1.88,0,40,6,11,52,5,121,77,48,119,5,0,30,10,36,5,8,3,1,2,0,13,124,2,0,0,0,59,67,21,5,0,99,0,5,114,7,2930,3200,3447.5,3200.9,420.02,4,93,10,0,123,8.89,0.64,0,126,NA,NA,NA,NA,NA,NA,NA,NA,NA,NA,NA,NA,NA,NA,NA,NA,NA,NA,NA,NA,NA,NA,NA,NA,NA,NA,NA,NA,NA,NA,NA,NA,NA,NA,NA,NA,NA,NA,10.872,NA,26.8484977626252,NA,NA,NA,NA,NA,NA,NA,NA
2015,"MUNICIPIO","2901700",12225,11554,5734,5820,3077,6202,2275,1504,3030,1286,NA,0.561,NA,NA,140,0,38,0,31,38,30,23,13,3,2,0,140,20,25,31,25.73,7.03,0,20,41,54,0,0,1,5,0,58,0,110,19,76,64,138,0,0,1,1,9,109,2,11,109,2,39,39,40,38.8,2.28,0,18,5,4,42,137,3,92,47,134,2,0,37,20,22,15,11,2,0,0,0,11,137,2,1,0,0,71,69,1,5,0,58,0,9,127,4,2992,3257.5,3441.25,3177.39,515.96,15,90,13,1,82,9.27,0.83,0,118,NA,NA,NA,NA,NA,NA,NA,NA,NA,NA,NA,NA,NA,NA,NA,NA,NA,NA,NA,NA,NA,NA,NA,NA,NA,NA,NA,NA,NA,NA,NA,NA,NA,NA,NA,NA,NA,NA,4.979,NA,46.2046204620462,NA,NA,NA,NA,NA,NA,NA,NA
2015,"MUNICIPIO","2901809",12187,11015,5573,5442,3073,5684,2258,1474,2803,1165,NA,0.598,NA,NA,97,0,13,1,14,27,27,14,11,2,1,0,96,21,25,30,26.08,6.68,4,7,29,49,2,5,14,9,0,72,0,33,64,36,61,95,0,0,0,3,5,47,2,8,47,2,38,39,40,38.37,2.84,0,21,5,4,24,97,0,57,37,43,3,0,6,2,11,0,3,2,1,0,0,7,96,0,0,1,0,50,47,14,9,0,72,0,6,82,9,2950,3200,3465,3246.44,526.11,2,42,10,0,17,9.12,0.6,0,15,NA,NA,NA,NA,NA,NA,NA,NA,NA,NA,NA,NA,NA,NA,NA,NA,NA,NA,NA,NA,NA,NA,NA,NA,NA,NA,NA,NA,NA,NA,NA,NA,NA,NA,NA,NA,NA,NA,9.127,NA,34.6057795219408,NA,NA,NA,NA,NA,NA,NA,NA
2015,"MUNICIPIO","2901908",19146,17731,8961,8770,5118,8876,3737,2521,4330,1919,NA,0.548,NA,NA,230,0,88,4,60,54,48,38,21,3,1,1,225,19,24,30,25.1,7.35,6,42,76,94,1,10,12,10,2,73,0,150,71,97,133,221,9,0,0,3,23,180,14,26,180,14,38,39,40,38.97,2.19,0,76,12,20,105,227,3,193,37,216,8,1,63,17,79,7,15,4,1,8,1,20,222,0,2,6,0,127,103,12,10,2,73,0,20,189,21,2986.25,3347.5,3618.75,3292.96,608.09,15,159,35,1,227,9.29,0.68,1,218,NA,NA,NA,NA,NA,NA,NA,NA,NA,NA,NA,NA,NA,NA,NA,NA,NA,NA,NA,NA,NA,NA,NA,NA,NA,NA,NA,NA,NA,NA,NA,NA,NA,NA,NA,NA,NA,NA,16.643,NA,53.1177829099307,NA,NA,NA,NA,NA,NA,NA,NA
2015,"MUNICIPIO","2901957",7762,7459,3794,3665,2065,3849,1545,972,1905,788,NA,0.552,NA,NA,92,0,78,2,18,27,24,15,4,2,0,0,90,20,24,29,24.7,6.3,1,8,39,37,1,2,6,7,1,77,1,22,69,27,65,90,2,0,0,2,7,70,5,9,70,5,38,39,40,38.79,2.51,0,34,5,6,38,92,0,50,42,89,1,0,17,5,36,2,12,1,0,2,0,7,91,0,0,1,0,49,43,6,7,1,77,1,10,77,5,2940,3292.5,3577.5,3218.21,597.45,3,69,7,1,90,9.71,0.73,2,90,NA,NA,NA,NA,NA,NA,NA,NA,NA,NA,NA,NA,NA,NA,NA,NA,NA,NA,NA,NA,NA,NA,NA,NA,NA,NA,NA,NA,NA,NA,NA,NA,NA,NA,NA,NA,NA,NA,5.008,NA,48.2939632545932,NA,NA,NA,NA,NA,NA,NA,NA
2015,"MUNICIPIO","2902005",14089,13743,7052,6691,3255,7159,3329,1566,3412,1713,NA,0.581,NA,NA,158,0,106,1,24,33,39,34,21,5,1,0,157,22,27,32,27.23,6.91,1,19,47,47,0,13,14,9,0,101,0,57,92,56,102,152,4,0,0,0,12,131,9,12,131,9,38,39,40,38.84,1.67,0,24,3,11,109,134,24,85,73,153,2,0,27,21,46,15,27,0,1,4,0,10,124,32,1,1,0,72,86,14,9,0,101,0,17,135,6,2830,3100,3448.75,3101.72,539.33,16,117,11,0,151,9.74,0.52,0,157,NA,NA,NA,NA,NA,NA,NA,NA,NA,NA,NA,NA,NA,NA,NA,NA,NA,NA,NA,NA,NA,NA,NA,NA,NA,NA,NA,NA,NA,NA,NA,NA,NA,NA,NA,NA,NA,NA,5.902,NA,46.3071512309496,NA,NA,NA,NA,NA,NA,NA,NA
2015,"MUNICIPIO","2902054",12450,11561,5828,5733,3402,6386,1773,1682,3169,882,NA,0.57,NA,NA,176,0,134,2,38,57,37,30,10,2,0,0,174,20,24,29,24.63,6.18,3,11,64,85,4,5,4,38,0,108,1,115,59,82,94,174,2,0,1,3,17,131,14,21,131,14,38,39,40,38.72,2.79,2,59,11,15,71,161,15,127,48,164,10,1,34,28,41,14,18,3,6,2,1,20,174,1,1,0,0,85,91,4,38,0,108,1,16,153,7,2895,3215,3557,3200.6,537.4,11,123,22,3,170,9.24,1.21,0,165,NA,NA,NA,NA,NA,NA,NA,NA,NA,NA,NA,NA,NA,NA,NA,NA,NA,NA,NA,NA,NA,NA,NA,NA,NA,NA,NA,NA,NA,NA,NA,NA,NA,NA,NA,NA,NA,NA,NA,NA,55.5380246134427,NA,NA,NA,NA,NA,NA,NA,NA
2015,"MUNICIPIO","2902104",56370,51651,25940,25711,16593,26007,9051,8206,12803,4702,NA,0.534,NA,NA,665,0,547,17,201,155,126,97,45,22,2,0,648,19,23,29,24.34,7.09,22,126,247,192,12,24,78,45,6,476,0,307,335,322,343,652,12,1,1,3,91,499,39,96,499,39,38,39,40,38.64,2.37,1,184,61,85,277,197,468,491,173,626,30,1,205,36,203,22,36,10,14,12,1,88,625,26,12,2,0,338,327,78,45,6,476,0,51,549,60,2900,3250,3600,3246.91,572.74,47,461,104,14,613,9.38,1.02,6,582,NA,NA,NA,NA,NA,NA,NA,NA,NA,NA,NA,NA,NA,NA,NA,NA,NA,NA,NA,NA,NA,NA,NA,NA,NA,NA,NA,NA,NA,NA,NA,NA,NA,NA,NA,NA,NA,NA,26.781,1.035,51.9409513395298,NA,NA,NA,NA,NA,NA,NA,NA
2015,"MUNICIPIO","2902203",11314,10036,4999,5037,2514,5669,1853,1230,2810,997,NA,0.588,NA,NA,132,0,85,1,23,32,37,17,15,6,1,0,131,21,26,32,26.57,7.08,0,11,52,48,10,7,3,28,0,61,0,82,39,48,84,126,5,0,1,2,10,100,12,13,100,12,38,39,40,38.85,2.62,0,34,9,14,67,131,1,88,44,126,4,0,20,16,30,18,20,2,2,5,0,11,129,2,1,0,0,69,63,3,28,0,61,0,11,111,10,2977.5,3247.5,3566.25,3221.33,637.25,9,89,17,2,122,9.45,0.96,1,123,NA,NA,NA,NA,NA,NA,NA,NA,NA,NA,NA,NA,NA,NA,NA,NA,NA,NA,NA,NA,NA,NA,NA,NA,NA,NA,NA,NA,NA,NA,NA,NA,NA,NA,NA,NA,NA,NA,6.256,NA,46.9750889679715,NA,NA,NA,NA,NA,NA,NA,NA
2015,"MUNICIPIO","2902252",11737,10392,5502,4890,3432,5024,1936,1628,2412,850,NA,0.559,NA,NA,124,0,121,0,38,40,25,14,6,1,0,0,124,19,22,27,23.35,5.92,6,12,52,49,1,3,1,6,0,117,0,78,45,46,78,123,0,0,0,1,16,100,6,17,100,6,38,39,40,38.72,2.01,2,59,10,8,43,119,5,93,30,118,4,0,9,26,30,24,14,3,1,0,0,15,118,0,6,0,0,61,63,1,6,0,117,0,7,111,6,2945,3315,3615,3267.44,534.24,13,92,18,1,120,9.11,0.99,2,121,NA,NA,NA,NA,NA,NA,NA,NA,NA,NA,NA,NA,NA,NA,NA,NA,NA,NA,NA,NA,NA,NA,NA,NA,NA,NA,NA,NA,NA,NA,NA,NA,NA,NA,NA,NA,NA,NA,5.572,NA,51.4096185737977,NA,NA,NA,NA,NA,NA,NA,NA
2015,"MUNICIPIO","2902302",9127,8599,4376,4223,2416,4684,1499,1190,2259,774,NA,0.575,NA,NA,121,0,83,1,31,28,28,25,7,1,0,0,120,19,25,30,24.9,6.21,0,12,52,52,2,1,2,21,0,94,0,77,41,48,73,117,4,1,0,0,5,99,10,6,99,10,38,39,40,39.19,2.5,1,32,7,14,62,120,1,69,51,112,5,1,29,14,31,12,13,0,5,4,1,4,117,3,1,0,0,58,63,2,21,0,94,0,7,106,8,2890,3300,3500,3205.79,570.57,10,87,9,1,91,8.95,1.22,1,120,NA,NA,NA,NA,NA,NA,NA,NA,NA,NA,NA,NA,NA,NA,NA,NA,NA,NA,NA,NA,NA,NA,NA,NA,NA,NA,NA,NA,NA,NA,NA,NA,NA,NA,NA,NA,NA,NA,5.458,NA,53.5635236830456,NA,NA,NA,NA,NA,NA,NA,NA
2015,"MUNICIPIO","2902401",13089,13595,6833,6762,3911,7138,2546,1969,3550,1243,NA,0.568,NA,NA,194,0,164,5,57,48,47,28,6,3,0,0,189,19,23,28,23.82,6.16,3,29,70,76,8,6,2,11,2,175,0,131,62,70,124,192,2,0,0,2,22,150,9,24,150,9,38,39,40,38.8,2.14,7,67,14,13,83,168,26,119,75,191,3,0,21,35,34,43,25,1,0,2,0,22,194,0,0,0,0,95,99,2,11,2,175,0,15,166,13,2941.25,3231,3553.75,3233.98,511.31,17,138,21,0,166,8.9,0.43,1,193,NA,NA,NA,NA,NA,NA,NA,NA,NA,NA,NA,NA,NA,NA,NA,NA,NA,NA,NA,NA,NA,NA,NA,NA,NA,NA,NA,NA,NA,NA,NA,NA,NA,NA,NA,NA,NA,NA,10.679,NA,54.6478873239437,NA,NA,NA,NA,NA,NA,NA,NA
2015,"MUNICIPIO","2902500",14195,13850,7162,6688,3874,7250,2726,1904,3395,1389,NA,0.589,NA,NA,188,0,170,3,30,47,60,36,10,2,0,0,185,21,25,30,25.52,5.76,2,18,45,97,4,12,30,15,2,132,0,22,162,77,111,184,4,0,1,1,9,162,12,11,162,12,38,39,40,39.16,2.19,0,31,9,12,128,185,3,85,103,177,6,0,33,34,27,29,39,2,4,4,0,8,143,44,1,0,0,93,95,31,15,2,136,0,10,169,9,2953.5,3202.5,3512.5,3227.75,519.18,13,148,14,2,186,8.98,0.72,3,183,NA,NA,NA,NA,NA,NA,NA,NA,NA,NA,NA,NA,NA,NA,NA,NA,NA,NA,NA,NA,NA,NA,NA,NA,NA,NA,NA,NA,NA,NA,NA,NA,NA,NA,NA,NA,NA,NA,3.918,NA,55.3755522827688,NA,NA,NA,NA,NA,NA,NA,NA
2015,"MUNICIPIO","2902609",21197,20060,9966,10094,5762,9970,4328,2772,5017,2305,NA,0.585,NA,NA,207,0,172,3,44,51,42,36,24,7,0,0,204,20,25,31,26.04,6.98,2,30,66,75,2,6,4,9,0,171,0,91,100,97,110,204,3,1,1,2,29,158,10,33,158,10,38,39,40,38.32,2.71,0,67,18,15,91,90,117,150,57,187,9,0,45,23,50,17,18,6,2,3,0,29,206,1,0,0,0,113,94,4,9,0,171,0,8,181,18,2952.5,3290,3550,3277.94,530,12,150,31,1,198,9.3,0.72,2,187,NA,NA,NA,NA,NA,NA,NA,NA,NA,NA,NA,NA,NA,NA,NA,NA,NA,NA,NA,NA,NA,NA,NA,NA,NA,NA,NA,NA,NA,NA,NA,NA,NA,NA,NA,NA,NA,NA,12.765,NA,41.2597169623281,NA,NA,NA,NA,NA,NA,NA,NA
2015,"MUNICIPIO","2902658",13711,11814,5993,5821,3383,6129,2302,1690,2955,1176,NA,0.579,NA,NA,178,0,13,2,42,50,33,29,16,5,1,0,176,20,24,30,25.36,7.12,1,35,55,71,4,4,13,4,0,74,65,68,103,62,116,176,0,0,1,4,16,127,13,21,127,13,38,39,40,38.71,2.76,0,67,21,19,57,174,4,125,52,171,5,0,36,11,48,16,23,1,4,0,0,20,172,2,4,0,0,76,102,13,4,0,74,65,8,159,11,2892.5,3122.5,3435,3186.57,495.64,11,123,21,1,17,9,0.91,2,164,NA,NA,NA,NA,NA,NA,NA,NA,NA,NA,NA,NA,NA,NA,NA,NA,NA,NA,NA,NA,NA,NA,NA,NA,NA,NA,NA,NA,NA,NA,NA,NA,NA,NA,NA,NA,NA,NA,5.684,NA,60.2368866328257,NA,NA,NA,NA,NA,NA,NA,NA
2015,"MUNICIPIO","2902708",54188,49325,25160,24165,16963,24698,7664,8416,11831,3918,NA,0.557,NA,NA,981,0,965,17,252,256,235,151,53,17,0,0,964,19,24,29,24.48,6.45,11,132,331,457,12,34,22,97,5,854,1,202,774,348,633,952,28,0,2,13,113,788,61,128,788,61,38,39,40,38.75,2.36,12,445,133,94,279,33,948,669,311,957,17,3,251,36,343,44,147,4,6,26,3,114,962,11,6,2,0,505,476,22,97,5,854,1,89,850,41,2855.5,3170,3450,3148.53,518.7,96,723,104,7,968,9.33,0.86,5,975,NA,NA,NA,NA,NA,NA,NA,NA,NA,NA,NA,NA,NA,NA,NA,NA,NA,NA,NA,NA,NA,NA,NA,NA,NA,NA,NA,NA,NA,NA,NA,NA,NA,NA,NA,NA,NA,NA,NA,NA,82.91775843124,NA,NA,NA,NA,NA,NA,NA,NA
2015,"MUNICIPIO","2902807",22394,21187,10648,10539,5932,11642,3613,2874,5772,1893,NA,0.575,NA,NA,398,0,371,6,76,111,86,73,36,10,0,0,392,20,25,31,25.76,6.73,3,62,113,188,3,26,13,4,0,373,0,181,212,193,205,388,10,0,1,6,32,341,12,39,341,12,38,39,40,38.43,2.18,1,91,19,32,235,56,342,249,149,391,6,0,38,124,33,109,39,4,1,10,0,34,386,12,0,0,0,215,183,13,4,0,373,0,36,355,7,2840,3145,3433.75,3113.71,505.02,26,334,21,6,385,9.06,0.79,2,394,NA,NA,NA,NA,NA,NA,NA,NA,NA,NA,NA,NA,NA,NA,NA,NA,NA,NA,NA,NA,NA,NA,NA,NA,NA,NA,NA,NA,NA,NA,NA,NA,NA,NA,NA,NA,NA,NA,18.982,8.6,68.9535689535689,NA,NA,NA,NA,NA,NA,NA,NA
2015,"MUNICIPIO","2902906",34853,34788,17553,17235,9974,18729,6085,4932,9212,3091,NA,0.551,NA,NA,620,0,540,11,104,165,146,106,66,22,0,0,609,20,26,31,26.1,6.9,8,125,245,188,11,23,81,35,3,477,0,224,384,189,431,607,12,0,4,9,66,473,36,79,473,36,38,39,40,38.68,2.53,2,180,49,74,249,278,342,453,166,591,21,1,68,79,170,119,50,4,15,12,1,68,607,1,8,4,0,298,322,81,35,3,477,0,49,532,38,2925,3210,3520,3186.58,558.28,53,441,72,10,597,9.43,0.9,1,612,NA,NA,NA,NA,NA,NA,NA,NA,NA,NA,NA,NA,NA,NA,NA,NA,NA,NA,NA,NA,NA,NA,NA,NA,NA,NA,NA,NA,NA,NA,NA,NA,NA,NA,NA,NA,NA,NA,29.022,481,67.3035171515415,NA,NA,NA,NA,NA,NA,NA,NA
2015,"MUNICIPIO","2903003",14526,13987,7012,6975,3796,6716,3475,1855,3306,1814,NA,0.63,NA,NA,196,0,181,5,31,51,43,41,18,7,0,0,191,21,26,31,26.21,6.71,0,17,61,96,6,15,18,20,1,152,0,41,146,79,117,188,7,0,1,2,20,162,11,23,162,11,38,39,40,38.89,2.47,2,42,7,13,121,123,73,131,64,187,8,1,37,26,64,10,24,4,3,7,1,19,187,8,0,1,0,99,97,18,20,1,152,0,12,172,12,2938.75,3200,3512.5,3196.17,541.67,19,141,24,5,191,9.08,0.93,4,192,NA,NA,NA,NA,NA,NA,NA,NA,NA,NA,NA,NA,NA,NA,NA,NA,NA,NA,NA,NA,NA,NA,NA,NA,NA,NA,NA,NA,NA,NA,NA,NA,NA,NA,NA,NA,NA,NA,11.336,NA,59.286146400484,NA,NA,NA,NA,NA,NA,NA,NA
2015,"MUNICIPIO","2903102",6424,6313,3337,2976,1685,3370,1258,768,1621,587,NA,0.577,NA,NA,75,0,61,3,24,15,15,15,2,1,0,0,72,18,22,28.5,23.56,6.66,0,11,18,36,1,7,3,3,0,60,0,29,44,34,41,73,2,0,2,0,10,56,2,12,56,2,38,39,40,38.26,2.88,0,17,3,9,37,75,0,23,52,71,3,1,21,3,13,4,13,1,2,2,1,11,74,0,1,0,0,34,41,3,3,0,60,0,7,66,2,2827.5,3170,3505,3135.72,500.73,7,54,5,3,72,9.37,0.88,0,75,NA,NA,NA,NA,NA,NA,NA,NA,NA,NA,NA,NA,NA,NA,NA,NA,NA,NA,NA,NA,NA,NA,NA,NA,NA,NA,NA,NA,NA,NA,NA,NA,NA,NA,NA,NA,NA,NA,4.145,NA,46.2677359654534,NA,NA,NA,NA,NA,NA,NA,NA
2015,"MUNICIPIO","2903201",153918,137427,67913,69514,37020,82271,18136,18388,41895,9231,NA,0.721,NA,NA,2649,0,2496,27,499,651,687,518,225,39,3,0,2622,21,26,30,25.8,6.38,16,107,617,1399,173,307,379,247,44,1895,6,444,2171,1112,1537,2603,46,6,25,38,292,2115,139,361,2115,139,38,39,40,38.42,2.78,18,692,212,196,1432,47,2602,1160,1488,2511,105,10,384,504,429,358,477,39,46,45,10,306,2128,510,9,2,0,1361,1288,385,247,44,1904,6,225,2308,115,2880,3190,3485,3155.06,568.11,171,2044,274,30,2608,9.04,0.9,42,2602,NA,NA,NA,NA,NA,NA,NA,NA,NA,NA,NA,NA,NA,NA,NA,NA,NA,NA,NA,NA,NA,NA,NA,NA,NA,NA,NA,NA,NA,NA,NA,NA,NA,NA,NA,NA,NA,NA,153.918,58.492,63.2295023272467,NA,NA,NA,NA,NA,NA,NA,NA
2015,"MUNICIPIO","2903235",15377,13612,6909,6703,3790,7028,2794,1890,3383,1430,NA,0.607,NA,NA,155,0,149,1,27,35,45,30,15,1,1,0,154,21,26,31,26.1,6.4,2,10,53,81,2,7,25,10,0,116,0,59,93,50,105,151,4,0,0,3,15,125,12,18,125,12,38,39,40,38.88,2.41,0,45,8,16,84,102,53,99,55,151,4,0,33,11,58,10,23,0,1,4,0,15,105,50,0,0,0,83,72,25,10,0,116,0,11,137,7,2900,3200,3540,3198.9,524.88,12,118,13,4,151,9.1,0.82,0,155,NA,NA,NA,NA,NA,NA,NA,NA,NA,NA,NA,NA,NA,NA,NA,NA,NA,NA,NA,NA,NA,NA,NA,NA,NA,NA,NA,NA,NA,NA,NA,NA,NA,NA,NA,NA,NA,NA,6.393,NA,45.8173219036358,NA,NA,NA,NA,NA,NA,NA,NA
2015,"MUNICIPIO","2903276",15770,14191,7218,6973,3819,7998,2374,1873,3891,1209,NA,0.61,NA,NA,243,0,184,2,40,68,54,48,25,6,0,0,241,21,25,31,26.16,6.59,1,22,61,119,2,9,37,38,1,133,0,93,131,93,150,241,2,0,1,1,24,199,8,26,199,8,38,39,40,38.59,2.03,0,47,22,19,129,164,79,116,127,219,11,0,54,20,55,19,37,2,9,2,0,24,220,22,1,0,0,110,133,37,38,1,134,0,13,208,22,3000,3300,3631.5,3296.02,496.4,12,175,41,4,230,9.55,1,3,234,NA,NA,NA,NA,NA,NA,NA,NA,NA,NA,NA,NA,NA,NA,NA,NA,NA,NA,NA,NA,NA,NA,NA,NA,NA,NA,NA,NA,NA,NA,NA,NA,NA,NA,NA,NA,NA,NA,11.441,NA,62.4518118735544,NA,NA,NA,NA,NA,NA,NA,NA
2015,"MUNICIPIO","2903300",6492,6453,3306,3147,1619,3419,1415,763,1704,680,NA,0.602,NA,NA,80,0,79,2,32,20,9,11,5,0,1,0,78,18,21.5,27,22.88,6.69,2,6,32,33,2,5,3,4,0,73,0,57,22,42,38,78,2,0,0,0,10,66,3,10,66,3,38,39,40,38.72,2.11,3,30,5,9,32,76,4,48,32,78,2,0,11,22,6,20,8,0,0,2,0,10,80,0,0,0,0,40,40,3,4,0,73,0,11,66,3,2953.25,3237.5,3583.25,3181.79,570.98,5,66,6,3,77,8.71,1.05,1,79,NA,NA,NA,NA,NA,NA,NA,NA,NA,NA,NA,NA,NA,NA,NA,NA,NA,NA,NA,NA,NA,NA,NA,NA,NA,NA,NA,NA,NA,NA,NA,NA,NA,NA,NA,NA,NA,NA,NA,NA,46.9483568075117,NA,NA,NA,NA,NA,NA,NA,NA
2015,"MUNICIPIO","2903409",23759,21798,11159,10639,6574,11153,4071,3165,5466,2008,NA,0.705,NA,NA,319,0,269,7,93,94,61,44,17,3,0,0,312,19,23,28,23.67,6.29,10,41,115,124,4,11,11,62,3,220,6,82,227,106,213,314,4,1,1,5,30,236,31,37,236,31,38,39,40,38.93,2.61,1,112,28,27,124,172,147,260,58,302,4,0,57,32,104,21,37,1,3,4,0,31,301,1,8,9,0,162,157,11,63,3,229,6,19,279,21,2940,3235,3620,3255.6,541.34,18,229,44,6,303,9.61,0.97,1,316,NA,NA,NA,NA,NA,NA,NA,NA,NA,NA,NA,NA,NA,NA,NA,NA,NA,NA,NA,NA,NA,NA,NA,NA,NA,NA,NA,NA,NA,NA,NA,NA,NA,NA,NA,NA,NA,NA,16.467,12.785,58.3607757043542,NA,NA,NA,NA,NA,NA,NA,NA
2015,"MUNICIPIO","2903508",18383,16021,8120,7901,4196,8236,3589,2000,4045,1856,NA,0.575,NA,NA,218,0,199,2,48,55,44,37,30,2,0,0,216,20,25,31,25.82,6.8,1,40,73,81,3,8,6,9,0,201,0,91,124,95,123,207,10,0,3,1,17,172,12,21,172,12,38,39,40,38.62,2.7,0,40,17,12,123,167,51,118,99,207,10,0,35,41,53,28,16,2,4,10,0,16,216,0,0,2,0,119,99,6,9,0,201,0,20,189,9,2856.25,3152.5,3500,3147.02,591.11,16,149,22,3,213,9.22,0.82,0,216,NA,NA,NA,NA,NA,NA,NA,NA,NA,NA,NA,NA,NA,NA,NA,NA,NA,NA,NA,NA,NA,NA,NA,NA,NA,NA,NA,NA,NA,NA,NA,NA,NA,NA,NA,NA,NA,NA,6.777,NA,53.89369592089,NA,NA,NA,NA,NA,NA,NA,NA
2015,"MUNICIPIO","2903607",15799,14836,7553,7283,4077,7750,3009,1940,3797,1546,NA,0.538,NA,NA,206,0,170,2,50,57,43,27,22,5,0,0,204,19.25,24,30,25.21,7.12,11,30,73,65,5,6,13,44,0,137,0,148,46,80,126,196,10,1,0,1,24,156,13,26,156,13,37.5,39,40,38.66,2.56,3,65,14,17,94,106,100,131,75,170,17,0,43,9,59,7,22,5,10,10,0,19,201,4,1,0,0,105,101,13,44,0,137,0,20,175,11,2900,3270,3541.25,3200.42,543.93,11,147,22,3,189,9.62,1,1,196,NA,NA,NA,NA,NA,NA,NA,NA,NA,NA,NA,NA,NA,NA,NA,NA,NA,NA,NA,NA,NA,NA,NA,NA,NA,NA,NA,NA,NA,NA,NA,NA,NA,NA,NA,NA,NA,NA,7.002,NA,54.2533579141427,NA,NA,NA,NA,NA,NA,NA,NA
2015,"MUNICIPIO","2903706",14577,15411,7824,7587,4169,7655,3587,2061,3707,1819,NA,0.567,NA,NA,170,0,145,1,29,55,35,36,11,3,0,0,169,21,24.5,31,25.6,6.26,4,20,41,76,3,12,18,5,7,134,0,44,115,75,95,165,2,0,1,1,20,123,9,22,123,9,37,39,40,38.6,2.39,0,55,6,13,81,166,4,97,70,165,2,0,44,9,48,10,17,1,1,2,0,22,165,0,3,1,0,91,79,18,5,7,134,0,11,148,8,2875,3140,3520,3195.87,531.35,14,118,17,1,164,9.57,0.88,1,166,NA,NA,NA,NA,NA,NA,NA,NA,NA,NA,NA,NA,NA,NA,NA,NA,NA,NA,NA,NA,NA,NA,NA,NA,NA,NA,NA,NA,NA,NA,NA,NA,NA,NA,NA,NA,NA,NA,9.11,3.304,45.8591853250607,NA,NA,NA,NA,NA,NA,NA,NA
2015,"MUNICIPIO","2903805",18658,17991,9134,8857,5396,9026,3569,2554,4497,1806,NA,0.551,NA,NA,240,0,209,4,55,79,51,28,20,3,0,0,236,20,24,29,24.36,6.32,2,24,69,129,6,5,7,11,0,211,1,184,52,88,152,233,6,1,0,3,23,180,18,27,180,18,38,39,41,38.9,2.67,0,86,25,22,100,213,27,151,88,226,12,1,51,16,79,20,22,5,7,6,1,19,238,0,1,1,0,129,111,7,11,0,211,1,17,204,19,2977.5,3300,3650,3287.8,584.07,14,162,37,3,229,9.68,0.84,1,238,NA,NA,NA,NA,NA,NA,NA,NA,NA,NA,NA,NA,NA,NA,NA,NA,NA,NA,NA,NA,NA,NA,NA,NA,NA,NA,NA,NA,NA,NA,NA,NA,NA,NA,NA,NA,NA,NA,13.333,NA,53.3689126084056,NA,NA,NA,NA,NA,NA,NA,NA
2015,"MUNICIPIO","2903904",69526,63480,31676,31804,18522,34486,10472,9148,17206,5450,NA,0.633,NA,NA,1110,0,647,19,245,291,263,166,104,20,1,1,1090,20,24.5,30,25.21,6.72,6,101,207,526,19,67,75,51,0,562,0,222,753,435,675,1093,17,1,10,9,119,822,108,139,822,108,38,39,40,38.81,2.71,8,283,97,108,588,68,1042,794,316,1071,32,4,278,76,349,69,120,13,14,16,4,128,67,1042,1,0,0,567,542,75,51,0,562,0,75,968,67,2900,3200,3550,3213.35,535.5,81,806,115,17,1087,9.65,0.85,5,832,NA,NA,NA,NA,NA,NA,NA,NA,NA,NA,NA,NA,NA,NA,NA,NA,NA,NA,NA,NA,NA,NA,NA,NA,NA,NA,NA,NA,NA,NA,NA,NA,NA,NA,NA,NA,NA,NA,69.526,47.204,64.512379402534,NA,NA,NA,NA,NA,NA,NA,NA
2015,"MUNICIPIO","2903953",10554,10113,5191,4922,2705,5236,2172,1315,2512,1095,NA,0.546,NA,NA,113,0,98,1,23,37,22,20,9,0,0,1,111,21,24,30,25.16,6.86,2,16,44,39,0,3,7,1,0,97,0,54,54,47,66,110,0,0,0,1,8,88,10,9,88,10,38,39,41,39.39,2.26,0,31,3,6,62,44,69,91,19,109,1,0,31,11,36,12,7,0,1,0,0,9,109,0,3,1,0,67,46,7,1,0,97,0,8,95,7,3105,3350,3742.5,3343.14,476.89,8,79,12,5,103,9.01,1.56,2,107,NA,NA,NA,NA,NA,NA,NA,NA,NA,NA,NA,NA,NA,NA,NA,NA,NA,NA,NA,NA,NA,NA,NA,NA,NA,NA,NA,NA,NA,NA,NA,NA,NA,NA,NA,NA,NA,NA,4.34,NA,44.984076433121,NA,NA,NA,NA,NA,NA,NA,NA
2015,"MUNICIPIO","2904001",14585,13695,6702,6993,3676,6914,3105,1803,3481,1709,NA,0.612,NA,NA,162,0,134,0,28,45,45,26,14,4,0,0,162,21,26,30,26.07,6.3,0,25,25,92,4,11,7,14,1,136,1,23,131,73,89,157,5,0,0,3,17,121,8,20,121,8,38,39,40,38.8,2.34,0,33,7,12,99,104,58,85,77,152,8,0,47,11,46,5,12,1,3,5,0,17,160,1,0,1,0,78,82,7,14,1,136,1,11,145,6,2941.25,3200,3500,3189.63,528.88,6,118,14,4,150,8.82,1.05,0,156,NA,NA,NA,NA,NA,NA,NA,NA,NA,NA,NA,NA,NA,NA,NA,NA,NA,NA,NA,NA,NA,NA,NA,NA,NA,NA,NA,NA,NA,NA,NA,NA,NA,NA,NA,NA,NA,NA,5.619,NA,46.5383510485493,NA,NA,NA,NA,NA,NA,NA,NA
2015,"MUNICIPIO","2904050",16873,14834,7521,7313,4940,7910,1984,2431,3853,1029,NA,0.561,NA,NA,256,0,243,4,91,73,48,28,8,4,0,0,252,19,22,27,23.09,6.01,0,28,90,122,5,9,11,7,1,234,0,153,102,120,136,246,10,0,4,0,18,213,16,22,213,16,38,39,40,38.96,2.55,0,58,15,12,164,125,131,187,69,243,9,3,76,27,86,9,15,4,4,9,3,18,120,136,0,0,0,140,116,11,7,1,234,0,19,213,24,2900,3265,3550,3220.41,609.46,20,183,34,5,249,9.26,1.14,0,256,NA,NA,NA,NA,NA,NA,NA,NA,NA,NA,NA,NA,NA,NA,NA,NA,NA,NA,NA,NA,NA,NA,NA,NA,NA,NA,NA,NA,NA,NA,NA,NA,NA,NA,NA,NA,NA,NA,6.921,NA,66.4417337139891,NA,NA,NA,NA,NA,NA,NA,NA
2015,"MUNICIPIO","2904100",22429,22037,10856,11181,5820,11246,4971,2900,5575,2706,NA,0.603,NA,NA,278,0,221,2,49,88,56,53,21,9,0,0,276,20,24.5,31,25.76,6.58,4,23,71,153,11,11,33,8,2,232,1,70,206,129,149,273,4,1,2,3,22,216,28,28,216,28,38,39,41,39.09,2.71,0,67,19,27,148,139,139,194,83,269,8,0,98,13,88,10,29,4,1,4,0,25,271,5,2,0,0,143,135,33,8,2,232,1,15,246,17,2950,3250,3558.75,3243.8,497.18,21,201,34,2,230,9.66,0.71,0,277,NA,NA,NA,NA,NA,NA,NA,NA,NA,NA,NA,NA,NA,NA,NA,NA,NA,NA,NA,NA,NA,NA,NA,NA,NA,NA,NA,NA,NA,NA,NA,NA,NA,NA,NA,NA,NA,NA,NA,NA,49.8654708520179,NA,NA,NA,NA,NA,NA,NA,NA
2015,"MUNICIPIO","2904209",11021,11154,5608,5546,2882,5838,2434,1390,2895,1261,NA,0.575,NA,NA,125,0,88,1,20,39,28,27,8,2,0,0,124,21,25,30,25.58,6.29,1,14,43,51,7,8,11,10,0,102,0,40,81,67,58,122,1,0,0,2,5,94,13,7,94,13,38.25,40,41,39.37,2.18,2,13,0,5,79,42,83,98,26,120,2,0,42,10,35,4,11,1,1,1,0,7,124,1,0,0,0,74,51,11,10,0,102,0,9,107,9,3000,3300,3610,3286.34,504.83,9,86,14,0,101,9.05,0.48,0,125,NA,NA,NA,NA,NA,NA,NA,NA,NA,NA,NA,NA,NA,NA,NA,NA,NA,NA,NA,NA,NA,NA,NA,NA,NA,NA,NA,NA,NA,NA,NA,NA,NA,NA,NA,NA,NA,NA,5.916,NA,43.1778929188256,NA,NA,NA,NA,NA,NA,NA,NA
2015,"MUNICIPIO","2904308",15214,14282,7114,7168,3706,7681,2895,1845,3785,1538,NA,0.597,NA,NA,177,0,163,0,34,45,45,28,17,7,1,0,177,20,25,31,26.2,6.99,2,25,54,79,5,5,11,27,2,135,0,73,103,70,107,168,7,1,2,2,21,137,11,26,137,11,38,39,40,38.72,2.96,0,38,7,14,109,91,86,125,51,165,9,1,51,7,57,3,23,1,4,7,1,17,173,1,1,2,0,90,87,11,27,2,135,0,19,145,13,2880,3265,3600,3200.27,643.78,14,128,20,7,166,9.36,1.01,0,177,NA,NA,NA,NA,NA,NA,NA,NA,NA,NA,NA,NA,NA,NA,NA,NA,NA,NA,NA,NA,NA,NA,NA,NA,NA,NA,NA,NA,NA,NA,NA,NA,NA,NA,NA,NA,NA,NA,13.803,15.214,46.7635402906209,NA,NA,NA,NA,NA,NA,NA,NA
2015,"MUNICIPIO","2904407",10698,11077,5798,5279,2739,5883,2455,1322,2758,1199,NA,0.592,NA,NA,49,0,44,0,9,14,18,5,3,0,0,0,49,22,25,29,24.96,5.31,1,1,7,36,0,2,2,3,1,41,0,4,45,22,27,45,4,0,1,0,6,39,2,7,39,2,37.75,39,40,38.4,2.76,0,9,0,8,29,49,0,26,23,47,2,0,7,10,8,5,7,1,1,4,0,5,48,0,0,1,0,25,24,2,3,1,41,0,7,42,0,2750,3050,3285,3007.73,579.37,5,37,2,2,46,8.96,1.11,0,48,NA,NA,NA,NA,NA,NA,NA,NA,NA,NA,NA,NA,NA,NA,NA,NA,NA,NA,NA,NA,NA,NA,NA,NA,NA,NA,NA,NA,NA,NA,NA,NA,NA,NA,NA,NA,NA,NA,2.983,NA,17.7664974619289,NA,NA,NA,NA,NA,NA,NA,NA
2015,"MUNICIPIO","2904506",11070,10717,5472,5245,2863,4988,2866,1391,2364,1490,NA,0.57,NA,NA,135,0,46,1,29,34,33,25,10,2,1,0,134,20,25,30,25.59,6.74,1,5,15,27,1,6,7,1,0,44,0,36,96,48,87,135,0,0,2,2,6,118,5,10,118,5,40,41,41,39.9,2.85,0,14,6,2,32,54,81,116,19,44,9,1,13,4,9,3,6,4,5,0,1,7,118,15,2,0,0,63,71,38,3,1,89,0,7,116,12,3000,3350,3700,3335,559.68,7,102,21,2,129,9.54,0.87,3,131,NA,NA,NA,NA,NA,NA,NA,NA,NA,NA,NA,NA,NA,NA,NA,NA,NA,NA,NA,NA,NA,NA,NA,NA,NA,NA,NA,NA,NA,NA,NA,NA,NA,NA,NA,NA,NA,NA,4.033,NA,57.1065989847716,NA,NA,NA,NA,NA,NA,NA,NA
2015,"MUNICIPIO","2904605",69255,64602,31747,32855,14896,36236,13470,7340,18334,7181,NA,0.656,NA,NA,982,0,476,11,140,220,269,207,109,25,1,0,971,22,27,31,26.81,6.47,1,33,161,351,24,78,158,23,0,492,0,349,602,445,537,953,29,0,4,14,109,760,36,127,760,36,37,39,40,38.32,2.34,2,168,77,90,573,191,791,259,722,936,30,0,206,124,161,80,185,15,11,29,0,102,835,143,2,2,0,523,459,158,23,0,492,0,99,845,38,2850,3175,3480,3136.05,571.55,74,708,94,9,844,9.69,0.75,6,960,NA,NA,NA,NA,NA,NA,NA,NA,NA,NA,NA,NA,NA,NA,NA,NA,NA,NA,NA,NA,NA,NA,NA,NA,NA,NA,NA,NA,NA,NA,NA,NA,NA,NA,NA,NA,NA,NA,61.083,4.402,53.5616886658667,NA,NA,NA,NA,NA,NA,NA,NA
2015,"MUNICIPIO","2904704",19283,18605,9307,9298,4702,9536,4367,2340,4817,2141,NA,0.613,NA,NA,225,0,223,3,58,56,49,33,17,9,0,0,222,19,24,30,25.1,7.22,4,28,90,85,5,12,13,20,0,188,4,125,97,79,146,221,4,3,4,1,19,185,12,27,185,12,38,39,40,38.35,3.49,8,87,32,19,77,225,0,159,66,217,7,0,28,41,30,58,34,2,4,4,0,22,225,0,0,0,0,131,94,13,20,0,188,4,24,178,23,2838,3250,3540,3166.9,708.72,31,151,30,9,216,8.68,1.18,2,223,NA,NA,NA,NA,NA,NA,NA,NA,NA,NA,NA,NA,NA,NA,NA,NA,NA,NA,NA,NA,NA,NA,NA,NA,NA,NA,NA,NA,NA,NA,NA,NA,NA,NA,NA,NA,NA,NA,14.829,NA,46.7095702719535,NA,NA,NA,NA,NA,NA,NA,NA
2015,"MUNICIPIO","2904753",21549,19600,10202,9398,6209,10385,3006,3084,4824,1490,NA,0.565,NA,NA,290,0,287,4,68,72,70,51,21,4,0,0,286,20,25,30,25,6.42,4,35,106,129,4,9,14,5,1,268,1,34,256,108,182,290,0,0,2,1,27,239,20,30,239,20,38,39,40,38.91,2.44,0,66,42,44,134,210,80,187,103,282,7,0,80,14,90,20,47,1,6,0,0,30,211,77,2,0,0,149,141,14,5,1,269,1,19,253,17,2910,3200,3542,3216.61,510.98,30,216,34,1,287,9.42,0.7,2,287,NA,NA,NA,NA,NA,NA,NA,NA,NA,NA,NA,NA,NA,NA,NA,NA,NA,NA,NA,NA,NA,NA,NA,NA,NA,NA,NA,NA,NA,NA,NA,NA,NA,NA,NA,NA,NA,NA,NA,NA,60.1160862354892,NA,NA,NA,NA,NA,NA,NA,NA
2015,"MUNICIPIO","2904803",10166,11420,5992,5428,2997,6238,2185,1428,2934,1066,NA,0.561,NA,NA,97,0,68,1,19,25,20,25,6,1,0,0,96,20,25,31,25.6,6.4,0,11,30,39,3,5,2,3,0,82,0,40,53,36,61,96,0,0,0,2,5,76,8,7,76,8,37.5,39,40,38.7,2.06,0,16,11,6,53,85,12,52,44,88,2,0,20,10,24,9,16,0,2,0,0,6,97,0,0,0,0,42,55,2,3,0,86,0,8,78,11,2935,3250,3610,3282.84,553.98,8,66,17,0,83,9.28,0.57,0,93,NA,NA,NA,NA,NA,NA,NA,NA,NA,NA,NA,NA,NA,NA,NA,NA,NA,NA,NA,NA,NA,NA,NA,NA,NA,NA,NA,NA,NA,NA,NA,NA,NA,NA,NA,NA,NA,NA,7.142,NA,33.0606680299932,NA,NA,NA,NA,NA,NA,NA,NA
2015,"MUNICIPIO","2904852",18978,17327,8549,8778,5403,9051,2873,2659,4497,1622,NA,0.581,NA,NA,241,0,120,6,50,57,53,42,24,9,0,0,235,20,25,31,25.79,7.28,7,24,73,120,3,10,5,47,1,167,0,139,98,105,136,239,2,0,0,2,21,199,16,23,199,16,38,39,40,39.02,2.05,0,53,8,20,147,238,3,135,106,233,6,1,75,11,70,6,47,2,3,2,1,20,235,0,2,4,0,115,126,5,47,1,167,0,22,208,11,2950,3210,3480,3180.76,514.99,17,194,19,0,143,9.38,0.73,4,236,NA,NA,NA,NA,NA,NA,NA,NA,NA,NA,NA,NA,NA,NA,NA,NA,NA,NA,NA,NA,NA,NA,NA,NA,NA,NA,NA,NA,NA,NA,NA,NA,NA,NA,NA,NA,NA,NA,9.126,623,53.5912830776073,NA,NA,NA,NA,NA,NA,NA,NA
2015,"MUNICIPIO","2904902",34535,32026,15453,16573,8008,18021,5997,3931,9223,3419,NA,0.647,NA,NA,392,0,104,5,75,87,98,83,35,8,1,0,387,21,26,31,26.05,6.67,2,19,101,169,19,27,6,67,1,186,1,193,177,197,195,386,6,0,1,0,28,276,32,29,276,32,38,39,40,39.16,2.11,1,95,28,40,156,201,191,264,127,383,6,3,118,26,109,14,32,3,1,6,3,27,386,4,1,1,0,198,194,6,67,1,186,1,16,343,33,3000,3300,3641.25,3313.52,526.01,14,266,41,5,206,9.6,0.95,3,381,NA,NA,NA,NA,NA,NA,NA,NA,NA,NA,NA,NA,NA,NA,NA,NA,NA,NA,NA,NA,NA,NA,NA,NA,NA,NA,NA,NA,NA,NA,NA,NA,NA,NA,NA,NA,NA,NA,24.986,14.158,42.5024395532907,NA,NA,NA,NA,NA,NA,NA,NA
2015,"MUNICIPIO","2905008",23545,22236,11137,11099,5093,12024,5119,2491,5911,2697,NA,0.637,NA,NA,342,0,196,3,40,85,102,65,36,10,0,1,338,22,27,31,26.92,6.46,0,12,40,135,5,25,37,5,1,293,0,112,223,154,188,335,4,0,0,4,16,294,13,20,294,13,38,39,40,38.87,1.91,1,62,21,32,208,51,291,189,144,338,0,0,83,51,75,36,56,0,0,4,0,19,324,17,0,1,0,174,168,37,5,1,293,0,15,303,24,3000,3300,3600,3295.92,500.73,13,259,42,4,333,9.28,0.79,2,339,NA,NA,NA,NA,NA,NA,NA,NA,NA,NA,NA,NA,NA,NA,NA,NA,NA,NA,NA,NA,NA,NA,NA,NA,NA,NA,NA,NA,NA,NA,NA,NA,NA,NA,NA,NA,NA,NA,19.306,NA,57.858230417865,NA,NA,NA,NA,NA,NA,NA,NA
2015,"MUNICIPIO","2905107",10143,10368,5140,5228,3110,5121,2137,1525,2584,1119,NA,0.546,NA,NA,130,0,117,1,28,36,28,24,9,4,0,0,129,20,24.5,31.5,25.58,7.03,5,22,46,43,0,7,7,8,0,108,0,31,94,41,89,128,2,0,0,1,12,109,4,13,109,4,38,39,40,38.67,1.88,0,60,5,6,52,37,93,81,48,127,0,0,33,0,52,1,22,0,0,2,0,13,126,0,3,1,0,71,59,7,8,0,108,0,4,118,8,3050.5,3250,3507.5,3265.08,476.35,9,99,15,3,126,8.88,0.96,0,123,NA,NA,NA,NA,NA,NA,NA,NA,NA,NA,NA,NA,NA,NA,NA,NA,NA,NA,NA,NA,NA,NA,NA,NA,NA,NA,NA,NA,NA,NA,NA,NA,NA,NA,NA,NA,NA,NA,4.596,NA,50.3095975232198,NA,NA,NA,NA,NA,NA,NA,NA
2015,"MUNICIPIO","2905156",15982,13639,7054,6585,3291,7521,2827,1576,3614,1395,NA,0.542,NA,NA,153,0,129,1,24,34,41,34,16,3,0,0,152,22,26,31,26.62,6.21,1,19,42,79,0,5,8,1,1,139,0,78,71,67,86,148,2,0,1,0,17,110,8,18,110,8,37,39,40,38.51,2.16,0,15,4,28,76,149,4,95,55,142,5,1,17,30,24,25,19,1,2,2,1,15,149,1,2,1,0,80,73,8,1,1,139,0,14,136,2,2867.5,3165,3415,3096.34,548.5,10,113,9,3,144,9.11,1.1,2,151,NA,NA,NA,NA,NA,NA,NA,NA,NA,NA,NA,NA,NA,NA,NA,NA,NA,NA,NA,NA,NA,NA,NA,NA,NA,NA,NA,NA,NA,NA,NA,NA,NA,NA,NA,NA,NA,NA,3.94,NA,42.3353624792474,NA,NA,NA,NA,NA,NA,NA,NA
2015,"MUNICIPIO","2905206",52531,47515,23419,24096,11425,26247,9843,5652,13163,5281,NA,0.625,NA,NA,769,0,515,3,109,189,191,182,69,23,1,2,764,22,27,32,26.97,6.6,1,65,194,297,29,65,186,56,0,360,0,80,590,349,420,753,15,0,3,1,51,642,30,55,642,30,38,39,40,38.86,1.99,0,171,23,31,496,208,561,396,370,718,33,5,196,87,183,45,117,10,18,12,5,46,763,4,1,1,0,392,377,186,56,0,360,0,45,687,36,2943.75,3260,3545,3229.55,526.55,47,586,70,8,744,9.67,0.81,1,761,NA,NA,NA,NA,NA,NA,NA,NA,NA,NA,NA,NA,NA,NA,NA,NA,NA,NA,NA,NA,NA,NA,NA,NA,NA,NA,NA,NA,NA,NA,NA,NA,NA,NA,NA,NA,NA,NA,38.201,NA,58.4213325229811,NA,NA,NA,NA,NA,NA,NA,NA
2015,"MUNICIPIO","2905305",18695,17209,8764,8445,5177,8990,3042,2535,4338,1572,NA,0.584,NA,NA,288,0,281,5,87,73,62,45,14,2,0,0,283,19,23,29,23.9,6.31,2,23,124,130,3,4,14,10,1,261,0,74,209,107,181,282,6,0,0,3,35,226,23,38,226,23,38,39,40,38.73,2.29,1,94,17,22,148,116,172,215,73,277,10,0,77,17,100,14,27,2,7,6,0,36,286,2,0,0,0,156,132,14,10,1,262,0,22,247,19,2855,3200,3552.5,3209.59,543.37,22,215,34,8,279,9.03,0.85,4,284,NA,NA,NA,NA,NA,NA,NA,NA,NA,NA,NA,NA,NA,NA,NA,NA,NA,NA,NA,NA,NA,NA,NA,NA,NA,NA,NA,NA,NA,NA,NA,NA,NA,NA,NA,NA,NA,NA,12.016,NA,66.3900414937759,NA,NA,NA,NA,NA,NA,NA,NA
2015,"MUNICIPIO","2905404",17730,15374,7841,7533,4321,9102,1951,2143,4424,966,NA,0.627,NA,NA,281,0,277,0,59,75,61,57,24,5,0,0,281,21,25,31,25.75,6.42,1,17,86,139,11,21,21,22,2,233,1,126,155,106,175,272,9,0,0,0,9,268,4,9,268,4,39,39,39,39.06,1.17,2,44,23,54,149,278,3,154,127,241,18,17,56,23,82,29,36,10,8,7,17,8,278,1,2,0,0,142,139,22,23,2,233,1,17,244,20,3024,3308,3670,3297.86,562.41,24,205,40,15,263,8.43,1.14,2,276,NA,NA,NA,NA,NA,NA,NA,NA,NA,NA,NA,NA,NA,NA,NA,NA,NA,NA,NA,NA,NA,NA,NA,NA,NA,NA,NA,NA,NA,NA,NA,NA,NA,NA,NA,NA,NA,NA,14.352,3.855,63.5171790235081,NA,NA,NA,NA,NA,NA,NA,NA
2015,"MUNICIPIO","2905503",13641,12491,6152,6339,3661,6275,2555,1834,3131,1374,NA,0.573,NA,NA,179,0,164,3,38,45,47,28,12,6,0,0,176,20,25,30,25.44,6.91,4,17,75,72,1,6,6,10,0,160,0,94,85,74,105,175,4,0,0,2,19,133,16,21,133,16,38,39,40,38.99,2.48,1,49,10,6,106,64,115,139,40,174,4,0,42,14,65,8,12,1,3,4,0,21,178,0,0,1,0,89,90,6,10,0,160,0,7,158,14,3021.5,3325,3637.5,3327.64,512.18,6,129,24,2,176,9.46,0.73,1,177,NA,NA,NA,NA,NA,NA,NA,NA,NA,NA,NA,NA,NA,NA,NA,NA,NA,NA,NA,NA,NA,NA,NA,NA,NA,NA,NA,NA,NA,NA,NA,NA,NA,NA,NA,NA,NA,NA,8.217,NA,57.1702331523475,NA,NA,NA,NA,NA,NA,NA,NA
2015,"MUNICIPIO","2905602",33197,31472,15734,15738,9454,15866,6152,4683,8019,3036,NA,0.581,NA,NA,407,0,401,9,102,112,87,70,18,8,1,0,398,19,24,29,24.49,6.67,11,53,152,155,20,15,14,22,0,362,7,229,175,156,251,397,10,0,1,1,35,346,23,37,346,23,38,39,40,39.1,2,8,121,61,45,163,153,254,310,97,401,5,0,83,53,129,52,46,1,2,10,0,29,403,1,2,1,0,223,184,15,22,0,362,7,30,338,38,3002.5,3282,3636,3311.88,565.26,26,304,62,5,401,9.34,0.86,2,405,NA,NA,NA,NA,NA,NA,NA,NA,NA,NA,NA,NA,NA,NA,NA,NA,NA,NA,NA,NA,NA,NA,NA,NA,NA,NA,NA,NA,NA,NA,NA,NA,NA,NA,NA,NA,NA,NA,23.551,8.938,50.7544581618656,NA,NA,NA,NA,NA,NA,NA,NA
2015,"MUNICIPIO","2905701",286919,242970,120704,122266,62414,147095,33461,30290,74648,17328,NA,0.694,NA,NA,4579,0,4010,31,780,1023,1170,1004,461,105,4,1,4547,21,27,31,26.54,6.62,6,224,1139,2490,197,410,248,388,20,3840,5,1733,2736,1890,2689,4468,107,3,21,42,316,3981,87,382,3981,87,38,39,40,38.83,2.17,12,898,474,509,1936,1876,2703,2583,1986,4382,163,4,1032,567,1193,379,718,54,80,105,4,298,4504,45,23,7,0,2373,2205,248,388,20,3840,5,412,3888,279,2900,3230,3554,3191.75,592.46,397,3452,456,57,4475,9.09,0.9,41,4511,NA,NA,NA,NA,NA,NA,NA,NA,NA,NA,NA,NA,NA,NA,NA,NA,NA,NA,NA,NA,NA,NA,NA,NA,NA,NA,NA,NA,NA,NA,NA,NA,NA,NA,NA,NA,NA,NA,247.609,81.561,61.3412281641839,NA,NA,NA,NA,NA,NA,NA,NA
2015,"MUNICIPIO","2905800",36435,35180,17899,17281,11840,17686,5654,5793,8765,2723,NA,0.565,NA,NA,611,0,554,13,157,179,127,96,29,9,1,0,598,19,23,29,24.08,6.51,18,85,240,222,6,26,19,121,1,463,2,416,184,227,384,604,6,0,2,5,56,470,44,63,470,44,38,39,40,38.84,2.4,10,250,66,66,181,358,253,468,142,592,13,2,92,97,173,77,56,6,7,6,2,58,589,1,17,4,0,303,308,19,121,1,463,2,50,517,44,2906.5,3245,3567.5,3215.97,580.21,53,426,74,11,586,8.91,0.82,4,601,NA,NA,NA,NA,NA,NA,NA,NA,NA,NA,NA,NA,NA,NA,NA,NA,NA,NA,NA,NA,NA,NA,NA,NA,NA,NA,NA,NA,NA,NA,NA,NA,NA,NA,NA,NA,NA,NA,19.832,1.819,69.7090701654307,NA,NA,NA,NA,NA,NA,NA,NA
2015,"MUNICIPIO","2905909",29938,28090,14142,13948,8427,14304,5359,4131,7082,2735,NA,0.557,NA,NA,531,0,498,2,112,161,131,85,35,5,0,0,529,20,24,29,24.79,6,3,113,221,181,3,7,7,0,6,512,0,40,480,195,336,519,8,0,3,3,69,415,37,75,415,37,38,39,40,38.59,2.3,1,179,24,48,260,79,452,272,255,324,3,198,77,5,157,4,26,0,3,4,198,50,526,0,4,1,0,272,259,7,0,6,512,0,29,457,44,3000,3350,3650,3322.27,503.63,21,385,96,3,512,9.78,0.73,0,529,NA,NA,NA,NA,NA,NA,NA,NA,NA,NA,NA,NA,NA,NA,NA,NA,NA,NA,NA,NA,NA,NA,NA,NA,NA,NA,NA,NA,NA,NA,NA,NA,NA,NA,NA,NA,NA,NA,8.65,8.65,74.9788195425021,NA,NA,NA,NA,NA,NA,NA,NA
2015,"MUNICIPIO","2906006",72271,66616,33464,33152,19562,35085,11969,9674,17343,6135,NA,0.586,NA,NA,1161,0,139,25,250,300,292,196,70,27,1,0,1136,20,25,30,25.04,6.5,11,152,345,517,43,71,185,103,3,846,2,272,880,486,675,1107,28,3,4,15,95,751,78,117,751,78,38,39,40,38.81,2.78,0,209,65,66,337,147,1014,765,368,524,43,0,143,17,195,15,31,11,26,28,0,66,1114,1,44,2,0,597,564,185,103,3,846,2,98,973,73,2910,3225,3560,3199.03,566.14,60,708,111,3,206,8.89,0.84,7,142,NA,NA,NA,NA,NA,NA,NA,NA,NA,NA,NA,NA,NA,NA,NA,NA,NA,NA,NA,NA,NA,NA,NA,NA,NA,NA,NA,NA,NA,NA,NA,NA,NA,NA,NA,NA,NA,NA,31.833,2.961,66.9434353918007,NA,NA,NA,NA,NA,NA,NA,NA
2015,"MUNICIPIO","2906105",10142,9410,4808,4602,2757,4737,1916,1309,2303,990,NA,0.565,NA,NA,130,0,125,0,27,31,27,31,10,4,0,0,130,20,26,31,26.05,6.72,1,33,10,73,0,1,14,4,0,111,0,18,110,53,77,128,2,0,0,2,14,99,14,16,99,14,38,39,40,38.95,2.47,0,33,3,10,81,12,118,88,42,117,10,3,33,8,32,12,16,5,5,2,3,13,128,2,0,0,0,73,57,14,4,0,111,0,9,116,5,2950,3300,3600,3257.68,514.76,8,94,20,0,129,9.05,0.3,0,130,NA,NA,NA,NA,NA,NA,NA,NA,NA,NA,NA,NA,NA,NA,NA,NA,NA,NA,NA,NA,NA,NA,NA,NA,NA,NA,NA,NA,NA,NA,NA,NA,NA,NA,NA,NA,NA,NA,6.441,3.502,56.4481111593574,NA,NA,NA,NA,NA,NA,NA,NA
2015,"MUNICIPIO","2906204",26382,24067,12126,11941,7101,12499,4467,3470,6155,2316,NA,0.693,NA,NA,382,0,329,5,99,110,70,67,24,4,3,0,377,19,23.5,30,24.6,6.66,4,29,160,168,1,15,30,28,0,302,0,72,295,158,224,367,14,1,4,5,41,275,41,51,275,41,38,39,40,38.67,3.1,1,100,39,44,178,211,171,256,124,360,17,0,98,13,126,7,45,9,6,14,0,45,370,11,1,0,0,188,194,30,28,0,302,0,35,322,24,2905,3214,3560,3190.11,592.32,28,257,43,12,368,9.06,1.06,2,335,NA,NA,NA,NA,NA,NA,NA,NA,NA,NA,NA,NA,NA,NA,NA,NA,NA,NA,NA,NA,NA,NA,NA,NA,NA,NA,NA,NA,NA,NA,NA,NA,NA,NA,NA,NA,NA,NA,18.827,NA,62.0633631194151,NA,NA,NA,NA,NA,NA,NA,NA
2015,"MUNICIPIO","2906303",33268,32336,16089,16247,8844,16716,6776,4396,8391,3460,NA,0.59,NA,NA,457,0,374,4,147,131,94,52,22,6,1,0,453,18,22,28,23.39,6.39,12,63,181,157,14,16,31,53,1,361,0,117,330,177,280,449,8,1,1,8,57,358,23,67,358,23,38,39,40,38.53,2.57,6,143,39,34,222,156,301,292,164,445,12,0,122,25,131,36,54,1,10,8,0,61,439,14,4,0,0,247,210,31,53,1,361,0,45,388,24,2905,3200,3500,3170.11,529.1,45,343,46,6,399,9.71,0.71,6,441,NA,NA,NA,NA,NA,NA,NA,NA,NA,NA,NA,NA,NA,NA,NA,NA,NA,NA,NA,NA,NA,NA,NA,NA,NA,NA,NA,NA,NA,NA,NA,NA,NA,NA,NA,NA,NA,NA,26.856,16.868,54.4631152425218,NA,NA,NA,NA,NA,NA,NA,NA
2015,"MUNICIPIO","2906402",9011,8895,4499,4396,2246,4542,2107,1102,2169,1125,NA,0.587,NA,NA,91,0,19,1,17,20,20,18,12,3,0,0,90,21,26,32.5,26.69,7.19,0,11,19,45,1,2,0,5,1,37,0,60,25,51,40,88,2,0,0,1,4,75,3,5,75,3,38,39,40,39.02,1.87,0,6,1,5,44,88,3,51,39,89,0,0,33,10,14,4,16,0,0,2,0,3,90,0,1,0,0,49,42,0,5,1,37,0,10,78,3,2855,3215,3516,3132.58,598.47,9,62,8,2,39,8.95,1.02,0,81,NA,NA,NA,NA,NA,NA,NA,NA,NA,NA,NA,NA,NA,NA,NA,NA,NA,NA,NA,NA,NA,NA,NA,NA,NA,NA,NA,NA,NA,NA,NA,NA,NA,NA,NA,NA,NA,NA,4.651,NA,41.9548178884278,NA,NA,NA,NA,NA,NA,NA,NA
2015,"MUNICIPIO","2906501",88806,83158,40314,42844,20578,49181,13399,10103,25450,7291,NA,0.678,NA,NA,1096,0,519,6,211,250,258,240,100,30,1,0,1090,21,26,31,26.25,6.75,2,44,277,662,53,47,27,228,2,756,3,511,566,456,640,1077,19,1,3,8,50,458,21,62,458,21,38,39,40,38.58,2.5,0,239,111,125,497,575,521,638,456,1048,39,1,124,117,83,50,80,12,20,18,1,51,1095,1,0,0,0,569,526,27,228,2,756,3,100,933,63,2901.5,3230,3580,3187.59,653.99,45,403,66,18,1070,9.33,0.96,10,1075,NA,NA,NA,NA,NA,NA,NA,NA,NA,NA,NA,NA,NA,NA,NA,NA,NA,NA,NA,NA,NA,NA,NA,NA,NA,NA,NA,NA,NA,NA,NA,NA,NA,NA,NA,NA,NA,NA,79.905,33.015,43.0648330058939,NA,NA,NA,NA,NA,NA,NA,NA
2015,"MUNICIPIO","2906600",14667,13210,6815,6395,2931,7183,3096,1401,3419,1575,NA,0.591,NA,NA,164,0,84,1,23,43,45,36,15,1,0,0,163,22,26,31,26.24,5.96,0,6,15,47,4,15,20,6,0,62,0,57,106,54,110,160,4,0,0,1,11,148,2,12,148,2,38,40,41,39.45,1.91,0,8,6,10,62,90,74,68,96,86,1,0,16,9,14,9,26,0,1,4,0,8,163,1,0,0,0,73,91,32,8,0,122,0,6,145,13,3000,3250,3550,3287.88,480.39,12,124,21,0,160,9.16,0.47,0,164,NA,NA,NA,NA,NA,NA,NA,NA,NA,NA,NA,NA,NA,NA,NA,NA,NA,NA,NA,NA,NA,NA,NA,NA,NA,NA,NA,NA,NA,NA,NA,NA,NA,NA,NA,NA,NA,NA,10.771,NA,47.9672418835917,NA,NA,NA,NA,NA,NA,NA,NA
2015,"MUNICIPIO","2906709",26855,27918,14032,13886,7549,14712,5657,3680,7301,2905,NA,0.601,NA,NA,345,0,305,2,67,103,86,49,32,6,0,0,343,20,25,30,25.35,6.54,6,50,107,149,14,9,33,10,0,285,0,155,182,139,206,335,10,0,2,1,29,277,21,32,277,21,38,39,40,38.73,2.34,1,84,34,55,134,196,149,222,123,328,12,1,86,31,101,21,46,6,2,10,1,26,344,0,1,0,0,178,167,33,10,0,285,0,22,305,18,2870,3200,3540,3185.13,541.52,21,250,37,6,335,9.37,0.91,1,344,NA,NA,NA,NA,NA,NA,NA,NA,NA,NA,NA,NA,NA,NA,NA,NA,NA,NA,NA,NA,NA,NA,NA,NA,NA,NA,NA,NA,NA,NA,NA,NA,NA,NA,NA,NA,NA,NA,16.524,NA,47.2538008491987,NA,NA,NA,NA,NA,NA,NA,NA
2015,"MUNICIPIO","2906808",35235,32908,16560,16348,9841,16646,6421,4822,8217,3309,NA,0.557,NA,NA,480,0,358,11,129,113,113,76,30,6,2,0,469,19,24,29,24.46,6.66,7,69,172,192,5,12,18,13,1,403,0,154,316,203,277,469,8,0,1,3,59,340,31,63,340,31,38,39,40,38.78,2.37,0,96,35,45,268,153,327,279,201,435,15,3,116,37,125,21,35,4,9,8,3,50,364,111,5,0,0,253,227,18,13,1,403,0,32,403,44,3000,3315,3650,3293.12,549.15,25,314,73,7,469,8.85,0.71,3,462,NA,NA,NA,NA,NA,NA,NA,NA,NA,NA,NA,NA,NA,NA,NA,NA,NA,NA,NA,NA,NA,NA,NA,NA,NA,NA,NA,NA,NA,NA,NA,NA,NA,NA,NA,NA,NA,NA,26.65,NA,58.4154801022271,NA,NA,NA,NA,NA,NA,NA,NA
2015,"MUNICIPIO","2906824",17177,15732,7997,7735,4681,8089,2962,2297,3901,1537,NA,0.562,NA,NA,233,0,160,4,62,73,52,25,16,1,0,0,229,19,23,28,23.87,6.12,0,16,76,105,9,6,16,13,9,160,0,73,131,104,129,222,11,0,1,2,24,180,18,27,180,18,38,39,40,38.81,2.3,0,88,18,19,97,107,126,179,54,220,9,1,53,23,75,22,13,2,3,11,1,19,232,0,0,1,0,132,100,16,13,9,160,0,24,190,19,2840,3200,3620,3198.88,598.09,21,160,28,2,210,9.14,1.04,2,225,NA,NA,NA,NA,NA,NA,NA,NA,NA,NA,NA,NA,NA,NA,NA,NA,NA,NA,NA,NA,NA,NA,NA,NA,NA,NA,NA,NA,NA,NA,NA,NA,NA,NA,NA,NA,NA,NA,11,NA,59.728274801333,NA,NA,NA,NA,NA,NA,NA,NA
2015,"MUNICIPIO","2906857",12118,11527,5808,5719,2668,5879,2980,1288,2887,1544,NA,0.599,NA,NA,99,0,62,1,17,22,25,18,12,2,2,0,98,21.5,26,32,26.89,7.13,0,6,27,55,1,3,14,6,0,60,0,43,52,49,50,95,4,0,2,0,9,68,5,11,68,5,37.5,39,40,38.49,2.75,0,11,13,3,51,98,1,54,45,90,8,0,13,19,21,10,4,3,3,4,0,9,98,1,0,0,0,48,51,14,6,0,61,0,8,86,5,3062.5,3330,3600,3272.26,552.92,4,64,10,1,87,9.3,0.78,0,95,NA,NA,NA,NA,NA,NA,NA,NA,NA,NA,NA,NA,NA,NA,NA,NA,NA,NA,NA,NA,NA,NA,NA,NA,NA,NA,NA,NA,NA,NA,NA,NA,NA,NA,NA,NA,NA,NA,9.161,NA,34.2916522341531,NA,NA,NA,NA,NA,NA,NA,NA
2015,"MUNICIPIO","2906873",29346,26577,12998,13579,7137,14371,5069,3473,7389,2717,NA,0.621,NA,NA,477,0,414,1,99,114,136,82,34,10,1,0,476,20,25,30,25.59,6.49,4,35,176,208,13,23,41,71,0,323,0,150,290,200,277,474,3,0,5,3,37,409,15,45,409,15,38,39,40,38.66,2.34,1,66,40,39,296,89,388,267,210,447,11,10,84,83,97,91,41,3,7,3,10,42,472,5,0,0,0,247,230,41,71,0,323,0,39,410,28,2900,3200,3520,3185.63,574.29,43,369,49,6,466,9.75,0.87,2,472,NA,NA,NA,NA,NA,NA,NA,NA,NA,NA,NA,NA,NA,NA,NA,NA,NA,NA,NA,NA,NA,NA,NA,NA,NA,NA,NA,NA,NA,NA,NA,NA,NA,NA,NA,NA,NA,NA,29.346,2.141,64.5554202192448,NA,NA,NA,NA,NA,NA,NA,NA
2015,"MUNICIPIO","2906899",10016,10222,5216,5006,2418,5102,2702,1194,2506,1306,NA,0.555,NA,NA,107,0,94,0,12,34,23,23,11,4,0,0,107,21,27,31,26.94,6.5,2,12,38,48,0,2,4,2,0,98,0,57,49,47,60,106,0,0,1,1,10,85,2,12,85,2,38,39,40,38.4,2.36,0,20,6,10,51,105,2,55,50,104,1,0,22,15,17,25,6,1,0,0,0,12,105,1,1,0,0,58,49,4,2,0,98,0,7,94,6,2897.5,3110,3425,3134.77,509.36,11,80,8,0,104,9.23,0.61,0,106,NA,NA,NA,NA,NA,NA,NA,NA,NA,NA,NA,NA,NA,NA,NA,NA,NA,NA,NA,NA,NA,NA,NA,NA,NA,NA,NA,NA,NA,NA,NA,NA,NA,NA,NA,NA,NA,NA,3.431,1.231,42.6975259377494,NA,NA,NA,NA,NA,NA,NA,NA
2015,"MUNICIPIO","2906907",22548,21414,10873,10541,6246,11192,3976,3065,5424,2052,NA,0.616,NA,NA,262,0,242,5,63,83,63,37,9,2,0,0,257,19,23,28,23.84,5.81,2,33,106,107,3,9,8,41,0,207,0,65,189,107,155,260,1,0,2,3,17,223,13,22,223,13,38,39,40,38.94,2.26,1,66,31,50,103,136,126,183,78,255,3,1,52,44,71,43,21,1,2,1,1,20,258,0,4,0,0,138,124,8,41,0,207,0,12,226,23,3000,3290,3600,3288.02,544.1,20,194,39,5,253,9.12,0.82,3,255,NA,NA,NA,NA,NA,NA,NA,NA,NA,NA,NA,NA,NA,NA,NA,NA,NA,NA,NA,NA,NA,NA,NA,NA,NA,NA,NA,NA,NA,NA,NA,NA,NA,NA,NA,NA,NA,NA,14.771,NA,48.3038348082596,NA,NA,NA,NA,NA,NA,NA,NA
2015,"MUNICIPIO","2907004",9747,8899,4502,4397,2914,4689,1296,1429,2319,649,NA,0.552,NA,NA,141,0,57,1,38,34,29,24,15,0,0,0,140,19,24,31,24.74,6.72,0,18,56,60,0,3,2,16,0,54,0,99,34,59,82,136,4,1,0,1,3,122,4,5,122,4,38,39,40,38.85,2.36,2,43,9,10,61,131,10,106,35,135,4,0,39,13,47,7,12,0,4,4,0,4,127,5,6,3,0,69,72,2,16,0,54,0,11,124,5,2897.5,3205,3553.75,3201.78,578.08,11,101,11,5,127,8.94,1.49,1,128,NA,NA,NA,NA,NA,NA,NA,NA,NA,NA,NA,NA,NA,NA,NA,NA,NA,NA,NA,NA,NA,NA,NA,NA,NA,NA,NA,NA,NA,NA,NA,NA,NA,NA,NA,NA,NA,NA,6.75,NA,60.8020698576973,NA,NA,NA,NA,NA,NA,NA,NA
2015,"MUNICIPIO","2907103",29955,28380,14523,13857,8963,14730,4687,4368,7103,2386,NA,0.576,NA,NA,411,0,393,3,92,102,106,68,27,11,2,0,408,20,25,30,25.34,6.65,2,41,131,205,1,25,70,67,1,265,0,95,312,142,269,402,9,1,6,3,30,334,35,40,334,35,38,39,40,38.98,2.73,2,124,22,27,226,126,285,320,91,393,17,0,93,29,163,20,47,3,11,9,0,33,405,4,1,1,0,222,189,70,67,1,265,0,26,357,28,2900,3250,3580,3207.55,595.76,42,304,49,7,400,9.1,0.95,2,406,NA,NA,NA,NA,NA,NA,NA,NA,NA,NA,NA,NA,NA,NA,NA,NA,NA,NA,NA,NA,NA,NA,NA,NA,NA,NA,NA,NA,NA,NA,NA,NA,NA,NA,NA,NA,NA,NA,22.975,5.625,57.8628748416162,NA,NA,NA,NA,NA,NA,NA,NA
2015,"MUNICIPIO","2907202",72172,64940,33091,31849,19103,34501,11336,9356,16660,5833,NA,0.57,NA,NA,1098,0,1051,10,257,321,251,159,81,16,3,0,1088,20,24,29,24.77,6.42,8,160,347,480,35,48,99,42,3,947,2,335,757,387,711,1071,26,2,10,11,105,903,58,128,903,58,38,39,40,38.59,2.61,8,322,142,119,467,749,349,652,444,1042,50,0,193,123,329,118,144,15,28,26,0,106,1087,0,6,5,0,528,570,99,42,3,947,2,82,948,67,2910,3200,3550,3196.64,571.44,76,839,122,10,1077,9.23,0.85,7,1090,NA,NA,NA,NA,NA,NA,NA,NA,NA,NA,NA,NA,NA,NA,NA,NA,NA,NA,NA,NA,NA,NA,NA,NA,NA,NA,NA,NA,NA,NA,NA,NA,NA,NA,NA,NA,NA,NA,55,23,65.906362545018,NA,NA,NA,NA,NA,NA,NA,NA
2015,"MUNICIPIO","2907301",27286,25408,12268,13140,6475,13923,5010,3202,7076,2862,NA,0.613,NA,NA,340,0,302,0,78,96,69,59,31,7,0,0,340,20,24,30,25.36,6.62,2,22,89,175,17,22,22,39,1,254,4,144,184,155,185,336,4,0,2,2,27,277,22,31,277,22,38,39,40,38.9,2.28,1,81,41,44,161,45,295,212,128,328,7,0,122,18,96,16,37,1,6,4,0,30,338,2,0,0,0,172,168,23,40,1,256,4,15,305,20,3007.5,3340,3630,3308.49,494.76,17,261,41,0,325,9.42,0.58,3,337,NA,NA,NA,NA,NA,NA,NA,NA,NA,NA,NA,NA,NA,NA,NA,NA,NA,NA,NA,NA,NA,NA,NA,NA,NA,NA,NA,NA,NA,NA,NA,NA,NA,NA,NA,NA,NA,NA,22.849,657,48.0497456189938,NA,NA,NA,NA,NA,NA,NA,NA
2015,"MUNICIPIO","2907400",3672,2612,1354,1258,679,1333,600,334,623,301,NA,0.582,NA,NA,65,0,51,0,20,14,13,13,5,0,0,0,65,19,23,30,24.46,6.51,0,7,19,29,1,0,6,6,0,42,0,10,54,21,44,65,0,0,1,0,5,55,4,6,55,4,38,40,41,39.28,2.51,0,13,2,1,41,65,0,35,29,56,1,0,10,9,17,8,9,0,1,0,0,3,51,14,0,0,0,36,29,6,6,0,49,0,2,61,2,2975,3170,3440,3192.15,502.48,6,54,3,1,64,9.03,1.03,0,65,NA,NA,NA,NA,NA,NA,NA,NA,NA,NA,NA,NA,NA,NA,NA,NA,NA,NA,NA,NA,NA,NA,NA,NA,NA,NA,NA,NA,NA,NA,NA,NA,NA,NA,NA,NA,NA,NA,2.319,NA,104.333868378812,NA,NA,NA,NA,NA,NA,NA,NA
2015,"MUNICIPIO","2907509",55719,51077,24816,26261,11791,29990,9296,5834,15414,5013,NA,0.677,NA,NA,672,0,552,7,123,161,165,127,69,18,2,0,665,20,26,31,26.22,6.84,5,32,164,369,37,59,59,82,3,475,1,299,355,296,376,652,17,1,5,3,60,539,32,69,539,32,38,39,40,38.56,2.46,3,151,58,52,355,448,224,317,352,638,23,1,135,96,142,40,118,7,12,17,1,60,669,0,2,1,0,322,349,59,82,3,475,1,60,570,42,2890,3212.5,3575.75,3193.56,584.98,52,476,76,14,654,9.26,1.07,3,636,NA,NA,NA,NA,NA,NA,NA,NA,NA,NA,NA,NA,NA,NA,NA,NA,NA,NA,NA,NA,NA,NA,NA,NA,NA,NA,NA,NA,NA,NA,NA,NA,NA,NA,NA,NA,NA,NA,53.007,NA,43.5967302452316,NA,NA,NA,NA,NA,NA,NA,NA
2015,"MUNICIPIO","2907558",9762,8843,4543,4300,1995,4663,2185,953,2219,1128,NA,0.571,NA,NA,86,0,32,0,20,22,14,18,8,4,0,0,86,21,25,33,26.2,7.49,1,9,29,42,0,3,30,12,0,44,0,23,62,32,54,85,1,0,0,1,7,69,7,8,69,7,38,39,40,38.76,2.15,0,20,2,4,50,85,1,53,32,82,1,0,22,4,26,7,12,1,0,1,0,8,84,2,0,0,0,46,40,30,12,0,44,0,5,77,4,2911.25,3160,3506.25,3185.1,454.72,3,68,11,0,33,9,0.66,1,85,NA,NA,NA,NA,NA,NA,NA,NA,NA,NA,NA,NA,NA,NA,NA,NA,NA,NA,NA,NA,NA,NA,NA,NA,NA,NA,NA,NA,NA,NA,NA,NA,NA,NA,NA,NA,NA,NA,5.737,1.746,38.7561964849031,NA,NA,NA,NA,NA,NA,NA,NA
2015,"MUNICIPIO","2907608",18140,17013,8689,8324,4813,8634,3566,2328,4159,1837,NA,0.596,NA,NA,211,0,196,2,51,60,40,40,16,2,0,0,209,19.5,24,30,24.73,6.63,0,16,73,112,4,5,29,24,1,149,0,51,153,91,120,211,0,1,0,3,21,165,21,25,165,21,38,39,40,38.95,2.77,0,61,6,15,109,143,68,159,52,209,2,0,64,12,75,10,23,1,1,0,0,25,202,9,0,0,0,113,98,29,24,1,149,0,13,184,14,2955,3250,3522.5,3211.33,533.77,13,170,19,12,199,9.12,1.14,1,210,NA,NA,NA,NA,NA,NA,NA,NA,NA,NA,NA,NA,NA,NA,NA,NA,NA,NA,NA,NA,NA,NA,NA,NA,NA,NA,NA,NA,NA,NA,NA,NA,NA,NA,NA,NA,NA,NA,14.614,NA,50.7333493628276,NA,NA,NA,NA,NA,NA,NA,NA
2015,"MUNICIPIO","2907707",11522,10734,5442,5292,3236,5426,2072,1559,2619,1114,NA,0.6,NA,NA,160,0,135,1,42,36,35,27,16,3,0,0,159,19,25,30,25.26,6.76,1,17,43,70,4,8,0,7,1,134,0,37,119,63,97,159,0,0,0,2,8,128,16,10,128,16,39,40,41,39.46,2.14,0,54,6,13,68,101,59,120,40,142,1,0,37,14,56,11,12,0,1,0,0,9,158,0,1,1,0,79,81,0,7,1,149,0,7,139,14,3145,3404,3736.25,3387.16,571.61,8,121,20,1,159,9.44,0.65,2,141,NA,NA,NA,NA,NA,NA,NA,NA,NA,NA,NA,NA,NA,NA,NA,NA,NA,NA,NA,NA,NA,NA,NA,NA,NA,NA,NA,NA,NA,NA,NA,NA,NA,NA,NA,NA,NA,NA,7.452,2.739,61.0920198549065,NA,NA,NA,NA,NA,NA,NA,NA
2015,"MUNICIPIO","2907806",34478,32300,15860,16440,7732,16883,7685,3834,8509,4097,NA,0.585,NA,NA,310,0,233,3,58,92,81,36,27,13,0,0,307,21,25,29,25.59,6.78,8,44,88,117,8,15,41,14,1,242,2,236,71,130,180,305,2,1,0,2,35,232,15,38,232,15,38,39,40,38.57,2.27,0,80,21,21,147,280,30,195,112,295,9,1,73,28,87,15,38,2,7,2,1,31,306,0,4,0,0,143,167,41,14,1,242,2,17,265,25,2985,3250,3550,3247.72,525.99,19,220,41,1,280,9.04,0.69,2,300,NA,NA,NA,NA,NA,NA,NA,NA,NA,NA,NA,NA,NA,NA,NA,NA,NA,NA,NA,NA,NA,NA,NA,NA,NA,NA,NA,NA,NA,NA,NA,NA,NA,NA,NA,NA,NA,NA,24.355,NA,36.4320131625338,NA,NA,NA,NA,NA,NA,NA,NA
2015,"MUNICIPIO","2907905",17602,15755,7678,8077,4498,8321,2936,2216,4273,1588,NA,0.601,NA,NA,256,0,145,2,58,63,56,59,13,3,2,0,254,20,25,30,25.34,6.54,3,40,77,88,12,11,10,17,0,215,0,161,88,108,148,251,4,0,0,1,26,199,11,27,199,11,38,39,40,38.89,1.96,1,60,19,15,146,193,63,179,76,241,13,0,65,20,79,11,21,7,6,4,0,23,251,3,2,0,0,139,117,10,17,0,215,0,10,224,22,3000,3250,3572.5,3278.68,480.67,12,191,30,3,176,8.97,1.04,3,243,NA,NA,NA,NA,NA,NA,NA,NA,NA,NA,NA,NA,NA,NA,NA,NA,NA,NA,NA,NA,NA,NA,NA,NA,NA,NA,NA,NA,NA,NA,NA,NA,NA,NA,NA,NA,NA,NA,13.169,NA,59.9110695062017,NA,NA,NA,NA,NA,NA,NA,NA
2015,"MUNICIPIO","2908002",19770,20964,10274,10690,5260,10384,5320,2543,5374,2773,NA,0.613,NA,NA,276,0,259,2,69,62,65,52,22,4,0,0,274,19,25,30,25.2,6.76,3,43,101,93,12,18,16,20,0,238,0,159,113,106,170,269,6,0,0,2,26,225,20,28,225,20,38,39,40,38.93,2.2,2,95,18,22,130,254,22,182,94,265,6,0,33,59,42,62,37,2,2,6,0,25,271,0,3,2,0,140,136,16,20,0,238,0,24,236,16,2908,3250,3561.25,3213.13,527.82,24,207,30,10,257,8.85,0.86,5,267,NA,NA,NA,NA,NA,NA,NA,NA,NA,NA,NA,NA,NA,NA,NA,NA,NA,NA,NA,NA,NA,NA,NA,NA,NA,NA,NA,NA,NA,NA,NA,NA,NA,NA,NA,NA,NA,NA,17.531,NA,51.3583922590249,NA,NA,NA,NA,NA,NA,NA,NA
2015,"MUNICIPIO","2908101",19396,18153,9303,8850,4954,9402,3797,2413,4545,1892,NA,0.596,NA,NA,261,0,47,3,53,88,46,46,20,5,0,0,258,20,24,30,25.2,6.48,5,20,46,91,1,13,91,4,0,160,0,31,225,143,118,255,6,0,0,2,24,204,29,26,204,29,38,40,41,39.18,2.24,0,37,5,6,108,25,236,148,113,202,5,0,87,10,59,5,16,2,2,6,0,20,256,4,0,1,0,143,118,91,4,0,163,0,19,226,16,2900,3250,3600,3238.8,552.35,25,187,32,0,70,8.89,0.81,0,261,NA,NA,NA,NA,NA,NA,NA,NA,NA,NA,NA,NA,NA,NA,NA,NA,NA,NA,NA,NA,NA,NA,NA,NA,NA,NA,NA,NA,NA,NA,NA,NA,NA,NA,NA,NA,NA,NA,NA,NA,57.4257425742574,NA,NA,NA,NA,NA,NA,NA,NA
2015,"MUNICIPIO","2908200",22656,20391,9922,10469,5322,11377,3692,2606,5744,2119,NA,0.634,NA,NA,242,0,39,3,50,59,47,51,23,9,0,0,239,20.25,25,31,26.21,7.06,0,9,54,154,5,10,1,10,0,168,0,162,72,135,107,238,4,1,1,1,27,172,16,30,172,16,38,39,40,38.81,2.76,0,53,19,27,105,239,3,148,94,231,7,0,77,21,61,3,17,3,3,4,0,27,240,0,1,1,0,136,106,1,10,0,170,0,24,206,12,2930,3232.5,3507.5,3191.8,579.4,15,163,26,2,80,9.23,1.45,0,235,NA,NA,NA,NA,NA,NA,NA,NA,NA,NA,NA,NA,NA,NA,NA,NA,NA,NA,NA,NA,NA,NA,NA,NA,NA,NA,NA,NA,NA,NA,NA,NA,NA,NA,NA,NA,NA,NA,19.451,484,42.1309192200557,NA,NA,NA,NA,NA,NA,NA,NA
2015,"MUNICIPIO","2908309",18525,17889,8704,9185,3980,9953,3956,1938,5041,2206,NA,0.606,NA,NA,163,0,106,2,23,45,46,29,17,1,0,0,161,22,27,31,26.21,6.08,0,10,47,88,7,8,7,35,0,114,0,99,61,90,73,159,4,0,0,1,12,142,3,13,142,3,38,39,40,38.71,1.77,1,41,18,14,82,95,68,65,97,157,4,0,40,34,30,11,21,4,0,4,0,12,160,2,1,0,0,74,89,7,35,0,114,0,8,140,15,2970,3300,3660,3302.23,575.99,9,118,26,2,117,9.12,1.05,1,162,NA,NA,NA,NA,NA,NA,NA,NA,NA,NA,NA,NA,NA,NA,NA,NA,NA,NA,NA,NA,NA,NA,NA,NA,NA,NA,NA,NA,NA,NA,NA,NA,NA,NA,NA,NA,NA,NA,8.137,NA,32.3348541955961,NA,NA,NA,NA,NA,NA,NA,NA
2015,"MUNICIPIO","2908408",68146,62040,30707,31333,16411,33744,11885,8145,16991,6197,NA,0.611,NA,NA,1096,0,972,4,202,253,274,221,118,21,3,0,1092,21,26,31,26.32,6.64,1,118,318,551,27,67,43,81,0,944,0,219,859,493,603,1086,8,0,2,5,64,905,35,71,905,35,38,39,40,38.9,1.85,0,237,127,141,534,78,1018,571,524,1042,42,3,253,154,222,110,159,18,19,8,3,62,961,135,0,0,0,564,532,43,81,0,947,0,76,976,44,2939,3230,3520.5,3207.32,513.53,83,824,83,11,1065,9.66,0.76,3,1035,NA,NA,NA,NA,NA,NA,NA,NA,NA,NA,NA,NA,NA,NA,NA,NA,NA,NA,NA,NA,NA,NA,NA,NA,NA,NA,NA,NA,NA,NA,NA,NA,NA,NA,NA,NA,NA,NA,53.481,3.609,64.504737802366,NA,NA,NA,NA,NA,NA,NA,NA
2015,"MUNICIPIO","2908507",33354,30123,14559,15564,7402,17198,5523,3579,8846,3139,NA,0.663,NA,NA,410,0,113,6,68,96,93,93,39,15,0,0,404,21,26,31.75,26.38,6.84,1,16,99,221,8,20,13,21,0,153,0,268,118,223,187,389,17,0,0,5,25,304,6,30,304,6,38,39,40,38.75,1.91,1,57,32,20,135,350,60,235,170,387,15,0,94,56,57,42,39,7,6,17,0,25,409,0,1,0,0,210,200,13,21,0,153,0,32,354,24,2900,3233.5,3575.75,3219.14,584.13,29,255,38,6,254,9.37,0.87,1,355,NA,NA,NA,NA,NA,NA,NA,NA,NA,NA,NA,NA,NA,NA,NA,NA,NA,NA,NA,NA,NA,NA,NA,NA,NA,NA,NA,NA,NA,NA,NA,NA,NA,NA,NA,NA,NA,NA,14.366,NA,46.3486321501244,NA,NA,NA,NA,NA,NA,NA,NA
2015,"MUNICIPIO","2908606",26194,23620,11834,11786,7824,11913,3883,3900,5854,2032,NA,0.56,NA,NA,358,0,295,6,107,82,74,58,21,9,0,1,351,19,23,29,24.37,6.96,11,50,108,156,14,14,13,56,2,246,1,181,169,134,224,352,4,0,1,3,36,288,20,40,288,20,38,39,40,38.88,2.16,0,100,53,45,127,264,94,290,67,351,5,0,72,44,120,44,25,1,2,4,0,35,355,0,0,3,0,192,166,13,56,2,246,1,21,279,58,3020,3372.5,3808.75,3405.06,631.69,19,236,79,5,349,9.36,1.01,2,353,NA,NA,NA,NA,NA,NA,NA,NA,NA,NA,NA,NA,NA,NA,NA,NA,NA,NA,NA,NA,NA,NA,NA,NA,NA,NA,NA,NA,NA,NA,NA,NA,NA,NA,NA,NA,NA,NA,16.294,NA,61.154765971985,NA,NA,NA,NA,NA,NA,NA,NA
2015,"MUNICIPIO","2908705",18269,16898,8270,8628,4388,8313,4197,2180,4188,2260,NA,0.582,NA,NA,199,0,161,2,28,35,54,48,26,6,0,0,197,23,28,33,27.72,6.69,1,27,51,91,4,16,15,4,1,158,0,64,127,87,112,197,2,0,0,0,16,155,13,16,155,13,38,39,40,38.97,2.02,0,33,6,16,129,134,65,123,75,191,6,0,34,36,46,17,28,3,2,2,0,14,198,0,0,1,0,104,95,15,4,1,158,0,13,179,7,2885,3185,3455,3160.46,498.16,18,143,15,2,196,9.31,0.85,1,193,NA,NA,NA,NA,NA,NA,NA,NA,NA,NA,NA,NA,NA,NA,NA,NA,NA,NA,NA,NA,NA,NA,NA,NA,NA,NA,NA,NA,NA,NA,NA,NA,NA,NA,NA,NA,NA,NA,9.152,NA,47.5167144221585,NA,NA,NA,NA,NA,NA,NA,NA
2015,"MUNICIPIO","2908804",4326,4663,2380,2283,1164,2353,1146,541,1147,595,NA,0.577,NA,NA,41,0,33,0,9,11,7,10,4,0,0,0,41,20,25,30,25.68,6.26,0,8,12,15,1,5,8,3,0,29,0,17,23,16,25,41,0,0,0,0,2,38,1,2,38,1,38,39,40,38.88,1.69,0,10,0,2,27,40,1,19,22,40,1,0,4,12,8,9,5,0,1,0,0,2,32,9,0,0,0,23,18,8,3,0,29,0,3,38,0,2940,3270,3430,3162.73,399.73,5,34,1,2,33,9.17,1.56,0,41,NA,NA,NA,NA,NA,NA,NA,NA,NA,NA,NA,NA,NA,NA,NA,NA,NA,NA,NA,NA,NA,NA,NA,NA,NA,NA,NA,NA,NA,NA,NA,NA,NA,NA,NA,NA,NA,NA,3.011,NA,35.745422842197,NA,NA,NA,NA,NA,NA,NA,NA
2015,"MUNICIPIO","2908903",23146,22401,10841,11560,5849,12016,4536,2940,6053,2567,NA,0.592,NA,NA,280,0,60,3,47,60,65,62,34,9,0,0,277,21,26,32,26.77,6.85,3,30,69,121,4,11,0,21,0,83,0,193,58,163,117,269,5,0,0,3,16,207,0,19,207,0,38,39,40,38.69,1.76,0,39,11,7,82,265,15,161,115,265,11,0,53,48,43,25,24,9,2,5,0,14,272,7,1,0,0,141,139,0,21,0,83,0,28,238,14,2890.75,3216,3575,3187.2,581.65,24,168,27,3,171,9.34,0.8,1,242,NA,NA,NA,NA,NA,NA,NA,NA,NA,NA,NA,NA,NA,NA,NA,NA,NA,NA,NA,NA,NA,NA,NA,NA,NA,NA,NA,NA,NA,NA,NA,NA,NA,NA,NA,NA,NA,NA,10.209,NA,46.2580538575913,NA,NA,NA,NA,NA,NA,NA,NA
2015,"MUNICIPIO","2909000",8834,8168,4048,4120,1937,4274,1957,942,2131,1047,NA,0.579,NA,NA,76,0,74,0,11,17,20,17,9,1,1,0,76,21.75,27,32,27.09,6.63,1,6,21,40,0,7,4,0,0,70,1,22,53,27,49,74,2,0,0,2,7,61,6,9,61,6,37,39,40,38.62,2.47,0,9,2,7,54,56,20,36,40,76,0,0,14,11,25,8,9,0,0,2,0,7,76,0,0,0,0,37,39,4,0,0,70,1,7,67,2,2838.75,3117,3473.75,3115.17,547.9,10,54,8,0,76,9.37,0.65,1,75,NA,NA,NA,NA,NA,NA,NA,NA,NA,NA,NA,NA,NA,NA,NA,NA,NA,NA,NA,NA,NA,NA,NA,NA,NA,NA,NA,NA,NA,NA,NA,NA,NA,NA,NA,NA,NA,NA,4.956,NA,35.6640075082121,NA,NA,NA,NA,NA,NA,NA,NA
2015,"MUNICIPIO","2909109",14976,14307,7199,7108,3684,7345,3278,1897,3580,1631,NA,0.6,NA,NA,163,0,16,4,29,44,46,26,12,1,1,0,159,20,25,29,25.37,6.42,0,0,9,10,0,0,3,0,0,17,0,31,128,67,96,163,0,0,0,1,8,148,6,9,148,6,41,41,41,40.6,1.44,0,4,0,2,14,29,134,96,67,19,0,0,8,2,4,2,2,0,0,0,0,1,160,3,0,0,0,83,80,80,1,1,79,0,9,143,11,3012.5,3250,3550,3270.34,543.42,19,126,13,1,158,9.35,0.58,0,162,NA,NA,NA,NA,NA,NA,NA,NA,NA,NA,NA,NA,NA,NA,NA,NA,NA,NA,NA,NA,NA,NA,NA,NA,NA,NA,NA,NA,NA,NA,NA,NA,NA,NA,NA,NA,NA,NA,14.21,NA,45.5307262569832,NA,NA,NA,NA,NA,NA,NA,NA
2015,"MUNICIPIO","2909208",17098,17066,8796,8270,5120,8913,3033,2443,4332,1495,NA,0.535,NA,NA,186,0,149,2,39,50,44,31,17,3,0,0,184,20,25,30,25.42,6.58,2,21,79,47,6,9,11,1,0,152,0,81,103,70,116,182,4,0,1,2,19,141,8,22,141,8,38.5,39,40,38.8,2.13,0,45,13,22,81,169,17,120,66,162,5,0,40,12,49,14,16,1,3,4,0,19,168,16,2,0,0,100,86,13,1,0,167,0,12,162,12,2986.25,3187.5,3500,3196.72,547.94,10,139,18,3,177,9.17,0.84,3,181,NA,NA,NA,NA,NA,NA,NA,NA,NA,NA,NA,NA,NA,NA,NA,NA,NA,NA,NA,NA,NA,NA,NA,NA,NA,NA,NA,NA,NA,NA,NA,NA,NA,NA,NA,NA,NA,NA,10.989,4.418,42.9362880886427,NA,NA,NA,NA,NA,NA,NA,NA
2015,"MUNICIPIO","2909307",33183,31249,15763,15486,8511,16673,6065,4153,8196,3137,NA,0.603,NA,NA,470,0,239,2,82,139,132,75,31,7,2,0,468,21,25,29,25.4,6.12,13,59,116,180,8,23,48,14,1,392,0,66,353,195,275,466,4,1,6,5,41,341,44,53,341,44,38,39,40,38.92,3.01,2,78,31,38,286,82,388,318,149,443,15,3,116,34,142,26,47,6,7,2,3,48,458,11,1,0,0,233,236,50,15,1,396,0,39,414,17,2911.25,3215,3500,3168.31,527.17,39,346,27,9,260,9.49,1.18,5,396,NA,NA,NA,NA,NA,NA,NA,NA,NA,NA,NA,NA,NA,NA,NA,NA,NA,NA,NA,NA,NA,NA,NA,NA,NA,NA,NA,NA,NA,NA,NA,NA,NA,NA,NA,NA,NA,NA,17.384,3.376,57.34504636408,NA,NA,NA,NA,NA,NA,NA,NA
2015,"MUNICIPIO","2909406",14403,13636,7115,6521,3887,7054,2695,1902,3331,1288,NA,0.59,NA,NA,170,0,160,1,38,45,43,30,9,3,1,0,169,20,25,29.75,24.98,6.55,2,18,49,85,4,10,13,15,1,137,1,36,133,65,105,168,2,1,1,3,25,125,14,30,125,14,37,39,40,38.3,3,1,50,4,11,99,162,8,91,79,162,7,1,23,30,26,27,27,4,2,2,1,27,129,39,1,1,0,83,87,13,15,1,137,1,17,146,7,2850,3150,3453.75,3112.31,558.39,13,129,19,5,163,8.83,1.14,1,167,NA,NA,NA,NA,NA,NA,NA,NA,NA,NA,NA,NA,NA,NA,NA,NA,NA,NA,NA,NA,NA,NA,NA,NA,NA,NA,NA,NA,NA,NA,NA,NA,NA,NA,NA,NA,NA,NA,7.686,NA,51.0357250075052,NA,NA,NA,NA,NA,NA,NA,NA
2015,"MUNICIPIO","2909505",5560,5041,2557,2484,1366,2613,1062,669,1287,528,NA,0.599,NA,NA,58,0,53,1,16,8,19,8,2,4,0,0,57,19,25.5,29,25.48,7.42,1,7,18,25,0,5,3,8,1,46,0,21,34,28,30,58,0,0,0,1,6,45,5,7,45,5,38,39,40,38.7,2.49,0,15,3,3,30,37,21,40,18,56,2,0,22,2,14,1,9,2,0,0,0,7,58,0,0,0,0,34,24,3,8,1,46,0,1,53,4,3065,3280,3592.5,3325,441.34,3,42,9,0,56,9.59,0.6,0,57,NA,NA,NA,NA,NA,NA,NA,NA,NA,NA,NA,NA,NA,NA,NA,NA,NA,NA,NA,NA,NA,NA,NA,NA,NA,NA,NA,NA,NA,NA,NA,NA,NA,NA,NA,NA,NA,NA,3.279,2.595,45.0660450660451,NA,NA,NA,NA,NA,NA,NA,NA
2015,"MUNICIPIO","2909604",21617,20046,10236,9810,5782,10151,4113,2788,4941,2081,NA,0.543,NA,NA,285,0,207,5,54,68,77,51,26,4,0,0,280,20,25,30,25.48,6.63,10,62,104,91,1,10,13,29,0,184,0,170,100,108,177,282,1,0,1,3,22,214,33,26,214,33,38,39,40,39.15,2.42,3,86,16,25,132,120,165,239,43,276,4,0,74,19,120,15,15,2,1,1,0,22,282,0,2,1,0,132,153,13,29,0,184,0,20,237,28,3090,3300,3600,3319.5,548.77,18,202,43,3,274,9.34,0.96,1,277,NA,NA,NA,NA,NA,NA,NA,NA,NA,NA,NA,NA,NA,NA,NA,NA,NA,NA,NA,NA,NA,NA,NA,NA,NA,NA,NA,NA,NA,NA,NA,NA,NA,NA,NA,NA,NA,NA,9.306,NA,57.6806314511233,NA,NA,NA,NA,NA,NA,NA,NA
2015,"MUNICIPIO","2909703",14302,13280,6869,6411,3529,7117,2634,1707,3403,1301,NA,0.614,NA,NA,179,0,163,2,23,56,47,35,7,9,0,0,177,21,25,30,26.06,6.37,0,14,33,115,0,10,28,8,3,130,0,21,155,82,97,173,6,0,0,2,20,140,15,22,140,15,38,39,40,38.82,2.39,0,32,3,5,124,177,2,87,92,160,12,1,25,41,35,13,22,5,6,6,1,18,149,28,0,2,0,92,87,29,8,3,135,0,17,154,8,2837.5,3120,3357.5,3094.99,482.73,15,137,13,4,175,8.93,1.07,2,175,NA,NA,NA,NA,NA,NA,NA,NA,NA,NA,NA,NA,NA,NA,NA,NA,NA,NA,NA,NA,NA,NA,NA,NA,NA,NA,NA,NA,NA,NA,NA,NA,NA,NA,NA,NA,NA,NA,3.352,NA,52.6006464883926,NA,NA,NA,NA,NA,NA,NA,NA
2015,"MUNICIPIO","2909802",64197,58606,27682,30924,13420,34180,11006,6502,17943,6479,NA,0.699,NA,NA,838,0,632,5,125,168,221,201,92,23,3,0,833,22,27.5,32,27.19,6.68,6,56,164,455,44,88,47,187,4,507,1,354,447,376,462,828,10,2,4,12,75,664,40,93,664,40,38,39,40,38.59,2.56,5,209,62,67,457,195,643,318,520,802,30,3,229,80,181,49,138,9,17,10,3,78,823,14,1,0,0,422,416,47,187,4,507,1,73,722,43,2900,3250,3538.75,3179.69,587.75,70,608,88,9,761,9.3,0.89,5,829,NA,NA,NA,NA,NA,NA,NA,NA,NA,NA,NA,NA,NA,NA,NA,NA,NA,NA,NA,NA,NA,NA,NA,NA,NA,NA,NA,NA,NA,NA,NA,NA,NA,NA,NA,NA,NA,NA,57.876,9.226,46.7034498132977,NA,NA,NA,NA,NA,NA,NA,NA
2015,"MUNICIPIO","2909901",35208,32168,16467,15701,9516,16901,5751,4713,8082,2906,NA,0.581,NA,NA,495,0,475,6,122,132,118,74,32,10,1,0,489,19,24,29,24.71,6.51,5,50,166,245,12,16,23,33,1,426,8,192,297,179,316,495,0,0,1,2,40,408,31,43,408,31,38,39,40,38.91,2.17,3,167,37,45,223,326,169,316,179,485,9,0,95,60,164,57,53,7,2,0,0,43,493,0,0,2,0,234,261,23,33,1,427,8,26,427,42,3000,3330,3664.5,3321.12,513.58,22,374,75,10,484,9.09,1.08,3,491,NA,NA,NA,NA,NA,NA,NA,NA,NA,NA,NA,NA,NA,NA,NA,NA,NA,NA,NA,NA,NA,NA,NA,NA,NA,NA,NA,NA,NA,NA,NA,NA,NA,NA,NA,NA,NA,NA,30.291,10.412,61.2472160356347,NA,NA,NA,NA,NA,NA,NA,NA
2015,"MUNICIPIO","2910008",12022,12836,6726,6110,3732,6504,2600,1784,3084,1242,NA,0.54,NA,NA,144,0,109,3,37,52,21,21,7,3,0,0,141,19,23,28.25,24.03,6.43,4,18,40,61,4,5,5,9,1,120,0,44,91,56,88,144,0,0,3,6,10,102,8,19,102,8,38,39,40,38.4,3.3,0,48,12,18,45,139,5,75,69,137,2,0,38,7,39,8,15,1,1,0,0,16,138,1,4,1,0,75,69,5,9,1,120,0,10,125,8,2990,3250,3590,3194.94,633.95,9,97,21,2,138,9.36,1.03,1,140,NA,NA,NA,NA,NA,NA,NA,NA,NA,NA,NA,NA,NA,NA,NA,NA,NA,NA,NA,NA,NA,NA,NA,NA,NA,NA,NA,NA,NA,NA,NA,NA,NA,NA,NA,NA,NA,NA,5.389,NA,46.692607003891,NA,NA,NA,NA,NA,NA,NA,NA
2015,"MUNICIPIO","2910057",78058,66440,32818,33622,18289,38854,9297,8997,19771,4854,NA,0.676,NA,NA,1096,0,925,15,166,275,280,223,101,33,3,0,1081,21,26,31,26.4,6.68,2,69,310,607,37,58,50,151,6,837,1,613,463,391,705,1070,21,1,7,10,107,848,43,125,848,43,38,39,40,38.63,2.42,5,293,121,135,434,571,525,635,458,1048,38,0,169,139,240,125,182,8,20,21,0,107,1092,1,2,1,0,540,556,50,151,6,837,1,106,934,56,2870,3232.5,3555,3186.91,566.81,82,775,115,18,1077,9.05,0.92,6,1074,NA,NA,NA,NA,NA,NA,NA,NA,NA,NA,NA,NA,NA,NA,NA,NA,NA,NA,NA,NA,NA,NA,NA,NA,NA,NA,NA,NA,NA,NA,NA,NA,NA,NA,NA,NA,NA,NA,59.281,29.601,55.4347276313793,NA,NA,NA,NA,NA,NA,NA,NA
2015,"MUNICIPIO","2910107",12499,11355,5870,5485,2623,6289,2443,1266,2958,1261,NA,0.591,NA,NA,120,0,100,1,16,32,36,19,12,4,0,0,119,21,26.5,30,26.41,6.49,2,20,36,43,0,5,40,1,0,73,0,38,77,51,69,112,8,0,0,0,8,104,5,8,104,5,38,39,40,38.85,1.56,0,11,1,2,92,104,16,37,83,110,7,0,28,16,19,7,26,3,4,8,0,6,71,49,0,0,0,61,59,40,1,0,73,0,7,107,6,2959,3300,3588.5,3260.48,483.67,6,86,18,1,116,9.75,0.61,1,119,NA,NA,NA,NA,NA,NA,NA,NA,NA,NA,NA,NA,NA,NA,NA,NA,NA,NA,NA,NA,NA,NA,NA,NA,NA,NA,NA,NA,NA,NA,NA,NA,NA,NA,NA,NA,NA,NA,NA,NA,40.5679513184584,NA,NA,NA,NA,NA,NA,NA,NA
2015,"MUNICIPIO","2910206",4153,3874,1897,1977,873,2094,907,420,1067,490,NA,0.632,NA,NA,46,0,20,0,6,11,15,9,3,2,0,0,46,22,27,30.75,26.67,6.3,0,2,11,26,5,2,5,4,0,34,0,30,16,20,26,46,0,0,0,1,2,35,6,3,35,6,38,39,41,39.25,2.54,0,9,6,3,27,46,0,18,28,44,1,0,7,9,9,5,9,1,0,0,0,3,45,1,0,0,0,24,22,5,4,0,34,0,2,40,4,3070,3307.5,3542.5,3277.3,539.73,2,34,6,0,21,9.43,0.68,0,45,NA,NA,NA,NA,NA,NA,NA,NA,NA,NA,NA,NA,NA,NA,NA,NA,NA,NA,NA,NA,NA,NA,NA,NA,NA,NA,NA,NA,NA,NA,NA,NA,NA,NA,NA,NA,NA,NA,2.599,NA,43.1115276476101,NA,NA,NA,NA,NA,NA,NA,NA
2015,"MUNICIPIO","2910305",8434,7947,3957,3990,1801,4068,2078,852,2040,1098,NA,0.623,NA,NA,87,0,40,1,14,19,22,19,11,1,0,0,86,22,27,31,26.77,6.51,0,9,23,48,2,3,8,17,0,54,1,48,37,37,50,87,0,0,1,1,8,67,5,10,67,5,38,39,40,38.6,2.91,0,13,9,7,53,77,10,46,41,83,4,0,20,12,18,8,12,2,2,0,0,8,87,0,0,0,0,43,44,8,17,0,54,1,8,76,3,2985,3335,3480,3192.78,575.61,4,73,5,2,44,9.15,1.58,1,85,NA,NA,NA,NA,NA,NA,NA,NA,NA,NA,NA,NA,NA,NA,NA,NA,NA,NA,NA,NA,NA,NA,NA,NA,NA,NA,NA,NA,NA,NA,NA,NA,NA,NA,NA,NA,NA,NA,3.751,NA,42.6470588235294,NA,NA,NA,NA,NA,NA,NA,NA
2015,"MUNICIPIO","2910404",20331,23766,12376,11390,7042,12256,4468,3509,5815,2066,NA,0.544,NA,NA,294,0,269,9,84,79,49,45,19,7,2,0,285,19,23,29,24.29,7.04,12,58,112,94,2,7,18,11,1,256,0,126,166,124,170,286,7,0,4,7,22,215,31,33,215,31,38,39,40,38.69,3.03,0,96,20,31,124,138,156,215,76,284,7,0,78,23,98,15,24,3,2,7,0,27,289,0,3,2,0,154,140,18,11,1,258,0,28,239,26,2900,3250,3610,3200.01,670.09,12,194,47,10,278,9.3,1.26,1,290,NA,NA,NA,NA,NA,NA,NA,NA,NA,NA,NA,NA,NA,NA,NA,NA,NA,NA,NA,NA,NA,NA,NA,NA,NA,NA,NA,NA,NA,NA,NA,NA,NA,NA,NA,NA,NA,NA,6.196,3.976,50.5588993981083,NA,NA,NA,NA,NA,NA,NA,NA
2015,"MUNICIPIO","2910503",43006,39872,19631,20241,11761,21906,6205,5779,11132,3330,NA,0.615,NA,NA,537,0,291,8,118,149,135,77,39,11,0,0,529,20,24,29,24.92,6.46,6,68,163,236,19,18,14,72,3,264,0,289,231,233,304,523,14,0,6,5,31,438,23,42,438,23,38,39,40,38.82,2.54,1,174,33,41,198,469,68,381,154,518,9,1,134,58,174,35,38,4,3,14,1,36,526,5,4,2,0,278,259,14,72,3,264,0,41,463,33,2910,3215,3518,3199.81,581.97,43,382,55,16,514,9.1,1.01,1,517,NA,NA,NA,NA,NA,NA,NA,NA,NA,NA,NA,NA,NA,NA,NA,NA,NA,NA,NA,NA,NA,NA,NA,NA,NA,NA,NA,NA,NA,NA,NA,NA,NA,NA,NA,NA,NA,NA,32.275,2.835,48.2393100970176,NA,NA,NA,NA,NA,NA,NA,NA
2015,"MUNICIPIO","2910602",36724,32802,16334,16468,10318,17147,5337,5066,8516,2886,NA,0.589,NA,NA,468,0,119,8,118,116,107,78,33,8,0,0,460,19,24,30,24.84,6.54,5,77,161,201,8,12,17,22,1,92,2,323,123,189,279,459,9,0,2,3,33,374,22,38,374,22,38,39,40,38.89,2.25,1,127,65,49,156,152,316,369,99,439,22,2,122,22,188,16,27,12,7,9,2,28,461,1,3,3,0,230,238,17,22,1,92,2,37,394,37,2934,3290,3640,3255.1,597.07,37,321,63,6,455,9.07,0.73,2,455,NA,NA,NA,NA,NA,NA,NA,NA,NA,NA,NA,NA,NA,NA,NA,NA,NA,NA,NA,NA,NA,NA,NA,NA,NA,NA,NA,NA,NA,NA,NA,NA,NA,NA,NA,NA,NA,NA,27.761,NA,54.9553781117896,NA,NA,NA,NA,NA,NA,NA,NA
2015,"MUNICIPIO","2910701",60066,56289,28319,27970,15287,29178,11824,7350,14414,6206,NA,0.567,NA,NA,769,0,369,3,150,202,203,124,62,23,2,0,766,20,25,30,25.7,6.64,10,83,152,180,12,29,28,1,0,575,3,163,361,326,443,755,8,2,4,8,69,543,51,83,543,51,38,39,40,38.73,2.75,1,187,37,37,315,116,653,526,233,650,29,5,174,35,211,25,64,12,16,8,5,64,754,10,2,3,0,409,360,28,1,0,575,3,55,684,30,2900,3210,3550,3200.41,525.41,54,509,74,11,698,9.47,0.86,1,582,NA,NA,NA,NA,NA,NA,NA,NA,NA,NA,NA,NA,NA,NA,NA,NA,NA,NA,NA,NA,NA,NA,NA,NA,NA,NA,NA,NA,NA,NA,NA,NA,NA,NA,NA,NA,NA,NA,44.731,8.883,53.3509088386291,NA,NA,NA,NA,NA,NA,NA,NA
2015,"MUNICIPIO","2910727",113191,100196,49396,50800,27594,56174,16428,13502,28764,8534,NA,0.677,NA,NA,1795,0,1433,24,359,446,433,346,157,29,1,0,1771,20,25,30,25.64,6.58,14,105,503,765,85,162,165,192,8,1238,9,338,1426,695,1100,1771,24,4,13,21,159,1363,116,197,1363,116,38,39,40,38.75,2.65,9,511,206,165,678,79,1716,883,909,1492,73,8,317,140,386,114,268,37,30,22,8,151,1785,0,9,1,0,911,884,200,192,8,1332,9,119,1586,90,2906,3230,3540,3208.84,524.95,120,1305,180,22,1769,9.29,0.85,10,1768,NA,NA,NA,NA,NA,NA,NA,NA,NA,NA,NA,NA,NA,NA,NA,NA,NA,NA,NA,NA,NA,NA,NA,NA,NA,NA,NA,NA,NA,NA,NA,NA,NA,NA,NA,NA,NA,NA,98.899,8.179,62.4043943818662,NA,NA,NA,NA,NA,NA,NA,NA
2015,"MUNICIPIO","2910750",18481,17652,8949,8703,4536,9460,3656,2219,4604,1880,NA,0.559,NA,NA,166,0,135,2,29,37,46,32,16,4,0,0,164,20,26,31,26.1,6.77,0,31,50,63,3,7,25,5,0,131,0,93,72,72,94,164,2,0,0,1,20,138,4,21,138,4,38,39,40,38.67,1.94,0,42,5,3,107,160,6,111,55,161,3,0,45,11,51,18,13,1,2,2,0,18,165,0,0,1,0,76,90,25,5,0,131,0,8,145,13,2923.75,3300,3581.25,3262.08,501.49,9,130,22,1,153,9.04,0.75,0,166,NA,NA,NA,NA,NA,NA,NA,NA,NA,NA,NA,NA,NA,NA,NA,NA,NA,NA,NA,NA,NA,NA,NA,NA,NA,NA,NA,NA,NA,NA,NA,NA,NA,NA,NA,NA,NA,NA,16.647,NA,36.0556038227628,NA,NA,NA,NA,NA,NA,NA,NA
2015,"MUNICIPIO","2910776",5914,6184,3197,2987,1597,3268,1319,770,1562,655,NA,0.588,NA,NA,48,0,26,0,6,10,12,15,3,2,0,0,48,22,28,31.25,27.15,6.3,0,4,7,21,0,6,14,6,0,27,0,12,34,17,31,44,4,0,0,0,6,40,1,6,40,1,37,39,40,38.51,1.69,0,7,3,4,24,48,0,32,16,41,3,0,7,6,18,2,2,1,1,4,0,4,48,0,0,0,0,23,25,14,6,0,27,0,3,44,1,3112.5,3350,3550,3214.79,576.59,3,39,1,0,27,9.33,0.48,0,47,NA,NA,NA,NA,NA,NA,NA,NA,NA,NA,NA,NA,NA,NA,NA,NA,NA,NA,NA,NA,NA,NA,NA,NA,NA,NA,NA,NA,NA,NA,NA,NA,NA,NA,NA,NA,NA,NA,NA,NA,30.729833546735,NA,NA,NA,NA,NA,NA,NA,NA
2015,"MUNICIPIO","2910800",617528,556642,263999,292643,134360,327938,94344,66220,172359,54064,NA,0.712,NA,NA,10350,0,2330,93,1561,2329,2493,2336,1221,292,22,3,10254,21,27,32,27,6.76,20,422,2094,4779,447,965,283,225,11,3772,7,6414,3127,6316,4034,10069,211,4,41,59,611,7624,162,715,7624,162,38,39,40,38.7,2.02,4,1104,483,464,3783,145,10205,4867,5391,9657,338,15,2321,1870,1120,715,1251,158,128,210,15,587,10325,19,6,0,0,5375,4972,283,225,11,3772,7,986,8818,546,2884,3202,3525,3171.6,587.52,807,6630,808,66,6368,9.37,0.87,34,8830,NA,NA,NA,NA,NA,NA,NA,NA,NA,NA,NA,NA,NA,NA,NA,NA,NA,NA,NA,NA,NA,NA,NA,NA,NA,NA,NA,NA,NA,NA,NA,NA,NA,NA,NA,NA,NA,NA,581.908,340.893,60.0490835987677,NA,NA,NA,NA,NA,NA,NA,NA
2015,"MUNICIPIO","2910859",17583,16740,8437,8303,4549,8832,3359,2315,4288,1700,NA,0.565,NA,NA,248,0,233,2,46,65,63,42,22,7,1,0,246,20.75,25,31,25.92,6.93,2,28,85,117,5,6,15,16,2,211,0,52,190,92,156,245,3,0,0,3,23,204,14,26,204,14,38,39,40,38.87,2.25,1,45,3,5,186,81,167,183,65,234,7,0,72,11,86,18,24,1,4,3,0,22,248,0,0,0,0,108,140,15,16,2,211,0,18,212,18,2948.75,3280,3600,3259.85,539.19,16,183,38,7,236,8.64,1,1,242,NA,NA,NA,NA,NA,NA,NA,NA,NA,NA,NA,NA,NA,NA,NA,NA,NA,NA,NA,NA,NA,NA,NA,NA,NA,NA,NA,NA,NA,NA,NA,NA,NA,NA,NA,NA,NA,NA,12.141,NA,57.8358208955224,NA,NA,NA,NA,NA,NA,NA,NA
2015,"MUNICIPIO","2910909",5786,5384,2732,2652,1426,2780,1178,681,1383,588,NA,0.578,NA,NA,79,0,66,2,21,18,18,12,8,0,0,0,77,19,24,29.5,24.76,6.87,0,16,33,26,1,2,8,9,0,61,0,47,32,24,55,79,0,0,0,0,6,65,6,6,65,6,38,39,40,39.11,2.25,0,22,7,5,37,78,1,62,17,76,2,0,7,14,21,20,6,1,1,0,0,6,78,0,0,1,0,40,39,8,9,0,61,1,6,69,4,3012,3300,3552.5,3248.95,478.61,3,60,9,0,69,8.94,0.54,1,77,NA,NA,NA,NA,NA,NA,NA,NA,NA,NA,NA,NA,NA,NA,NA,NA,NA,NA,NA,NA,NA,NA,NA,NA,NA,NA,NA,NA,NA,NA,NA,NA,NA,NA,NA,NA,NA,NA,5.594,NA,57.1221981200289,NA,NA,NA,NA,NA,NA,NA,NA
2015,"MUNICIPIO","2911006",11313,10660,5438,5222,2758,5323,2579,1352,2604,1266,NA,0.557,NA,NA,103,0,102,1,33,22,22,16,6,3,0,0,102,18,23,29,24.25,6.94,0,15,44,38,2,4,7,1,0,94,1,71,31,42,61,101,2,0,3,1,4,90,5,8,90,5,38,39,40,38.57,3.07,3,22,13,16,48,103,0,70,33,99,3,1,12,24,13,36,7,0,2,2,1,6,101,0,0,2,0,54,49,7,1,0,94,1,8,88,7,2795,3140,3537.5,3126.47,666.84,9,80,11,3,99,8.76,1.01,0,103,NA,NA,NA,NA,NA,NA,NA,NA,NA,NA,NA,NA,NA,NA,NA,NA,NA,NA,NA,NA,NA,NA,NA,NA,NA,NA,NA,NA,NA,NA,NA,NA,NA,NA,NA,NA,NA,NA,8.729,NA,39.5545314900154,NA,NA,NA,NA,NA,NA,NA,NA
2015,"MUNICIPIO","2911105",25372,22528,11660,10868,6963,12244,3321,3436,5788,1644,NA,0.618,NA,NA,336,0,302,4,80,74,87,60,21,9,1,0,332,19.75,25,30,25.32,6.79,6,50,71,165,10,30,23,43,8,260,0,78,257,138,198,333,3,0,1,3,32,266,28,36,266,28,38,39,40,38.9,2.3,0,81,15,12,222,197,139,203,132,317,17,1,64,46,98,39,32,7,7,3,1,33,323,11,2,0,0,164,172,23,43,8,260,0,27,287,22,2934.75,3222.5,3590,3211.63,561.54,24,261,31,3,313,9.09,0.88,1,335,NA,NA,NA,NA,NA,NA,NA,NA,NA,NA,NA,NA,NA,NA,NA,NA,NA,NA,NA,NA,NA,NA,NA,NA,NA,NA,NA,NA,NA,NA,NA,NA,NA,NA,NA,NA,NA,NA,15.1,NA,58.0511402902557,NA,NA,NA,NA,NA,NA,NA,NA
2015,"MUNICIPIO","2911204",32809,30336,15103,15233,8266,16784,5286,4092,8448,2693,NA,0.632,NA,NA,416,0,353,7,109,107,96,68,19,10,0,0,409,19,24,29,24.46,6.52,6,38,133,191,14,27,18,40,1,351,0,170,244,173,243,410,2,0,0,3,24,340,18,27,340,18,38,39,40,39.07,1.83,2,146,34,72,139,83,333,234,182,404,10,0,116,33,102,32,62,2,8,2,0,23,414,0,1,1,0,221,195,18,40,1,351,0,22,332,62,3100,3450,3800,3414.73,630.62,22,281,73,9,392,9.02,1.04,4,412,NA,NA,NA,NA,NA,NA,NA,NA,NA,NA,NA,NA,NA,NA,NA,NA,NA,NA,NA,NA,NA,NA,NA,NA,NA,NA,NA,NA,NA,NA,NA,NA,NA,NA,NA,NA,NA,NA,22.646,12,49.2424242424242,NA,NA,NA,NA,NA,NA,NA,NA
2015,"MUNICIPIO","2911253",4712,4561,2356,2205,1038,2396,1127,498,1153,554,NA,0.599,NA,NA,45,0,41,0,3,17,11,8,4,2,0,0,45,21,25,32,26.71,6.37,0,4,11,23,2,4,4,3,0,35,0,20,24,16,29,45,0,0,1,0,5,37,1,6,37,1,37.75,39,40,38.25,2.56,0,13,6,5,13,45,0,23,22,44,1,0,6,7,9,6,9,0,1,0,0,6,45,0,0,0,0,23,22,4,3,0,35,0,1,38,6,2925,3250,3700,3343.91,540.42,2,33,9,1,43,9.34,0.81,0,43,NA,NA,NA,NA,NA,NA,NA,NA,NA,NA,NA,NA,NA,NA,NA,NA,NA,NA,NA,NA,NA,NA,NA,NA,NA,NA,NA,NA,NA,NA,NA,NA,NA,NA,NA,NA,NA,NA,3.38,2.622,39.0286209887251,NA,NA,NA,NA,NA,NA,NA,NA
2015,"MUNICIPIO","2911303",11423,10622,5448,5174,2883,5272,2467,1451,2506,1217,NA,0.559,NA,NA,129,0,111,3,26,34,22,27,17,0,0,0,126,21,25,32,25.9,6.87,0,18,27,63,3,6,30,2,0,90,0,39,87,48,81,115,12,0,4,4,16,98,5,24,98,5,37.5,39,40,38.03,3.47,0,25,14,24,48,113,16,70,58,112,10,0,20,13,30,6,18,4,3,12,0,17,126,3,0,0,0,65,64,32,2,0,92,0,15,109,5,2720,3200,3500,3115.3,626.33,13,81,18,5,124,8.95,1.39,4,124,NA,NA,NA,NA,NA,NA,NA,NA,NA,NA,NA,NA,NA,NA,NA,NA,NA,NA,NA,NA,NA,NA,NA,NA,NA,NA,NA,NA,NA,NA,NA,NA,NA,NA,NA,NA,NA,NA,3.778,2.411,51.4764565043895,NA,NA,NA,NA,NA,NA,NA,NA
2015,"MUNICIPIO","2911402",16072,15076,7539,7537,3845,8343,2888,1889,4131,1517,NA,0.593,NA,NA,252,0,220,6,53,69,54,43,22,4,1,0,246,20,24,30.25,25.24,6.9,4,45,83,102,7,11,3,3,0,235,7,87,162,114,138,246,5,0,1,3,30,207,11,34,207,11,38,39,40,38.66,2.4,0,53,34,37,115,250,2,135,117,221,13,0,74,11,69,12,27,5,6,5,0,25,242,7,2,1,0,136,116,3,3,0,235,7,16,223,13,2975,3225,3482.5,3207.04,529.36,21,187,32,4,247,9.08,1.02,1,251,NA,NA,NA,NA,NA,NA,NA,NA,NA,NA,NA,NA,NA,NA,NA,NA,NA,NA,NA,NA,NA,NA,NA,NA,NA,NA,NA,NA,NA,NA,NA,NA,NA,NA,NA,NA,NA,NA,11.679,3.938,61.0021786492375,NA,NA,NA,NA,NA,NA,NA,NA
2015,"MUNICIPIO","2911501",8082,8357,4235,4122,2222,4461,1674,1103,2175,844,NA,0.576,NA,NA,105,0,89,1,25,28,24,21,4,2,0,0,104,20,24,30,24.64,6.39,3,13,29,44,3,6,2,11,0,85,1,52,52,40,65,104,0,0,2,0,7,81,10,9,81,10,38,39,40,39.01,2.91,1,40,13,6,36,90,15,67,37,99,2,1,12,19,35,11,12,2,0,0,1,7,104,0,1,0,0,52,53,2,11,0,85,1,8,91,6,2910,3190,3535,3214.28,524.55,12,70,13,1,104,9.06,0.72,0,104,NA,NA,NA,NA,NA,NA,NA,NA,NA,NA,NA,NA,NA,NA,NA,NA,NA,NA,NA,NA,NA,NA,NA,NA,NA,NA,NA,NA,NA,NA,NA,NA,NA,NA,NA,NA,NA,NA,4.755,NA,48.2758620689655,NA,NA,NA,NA,NA,NA,NA,NA
2015,"MUNICIPIO","2911600",21267,19818,9497,10321,5140,10917,3761,2582,5597,2142,NA,0.643,NA,NA,241,0,84,3,39,50,70,47,25,6,1,0,238,21,27,31,26.69,6.73,0,20,65,133,10,9,4,31,1,182,0,128,110,118,123,238,2,0,2,3,17,196,15,22,196,15,38,39,40,39.03,2.45,0,42,4,10,177,238,3,126,115,236,4,0,90,10,61,7,37,3,1,2,0,22,235,3,1,2,0,125,115,4,31,1,182,0,17,215,9,2950,3250,3550,3206.3,568.46,22,180,21,2,108,9.23,1.31,2,239,NA,NA,NA,NA,NA,NA,NA,NA,NA,NA,NA,NA,NA,NA,NA,NA,NA,NA,NA,NA,NA,NA,NA,NA,NA,NA,NA,NA,NA,NA,NA,NA,NA,NA,NA,NA,NA,NA,11.441,NA,43.058781490084,NA,NA,NA,NA,NA,NA,NA,NA
2015,"MUNICIPIO","2911659",8805,10412,5242,5170,2446,5410,2556,1189,2642,1339,NA,0.569,NA,NA,86,0,66,0,21,21,20,12,9,3,0,0,86,20,25,30.75,25.59,7.03,0,9,23,34,0,7,16,2,0,65,0,21,64,53,33,86,0,0,1,0,8,73,1,9,73,1,38,39,40,38.42,2.43,1,12,1,2,69,80,6,46,40,81,4,0,29,13,16,6,7,3,1,0,0,7,74,12,0,0,0,39,47,16,2,0,65,0,9,72,5,2977.5,3265,3437.5,3189.34,574.38,7,69,7,1,74,9.49,1.22,1,85,NA,NA,NA,NA,NA,NA,NA,NA,NA,NA,NA,NA,NA,NA,NA,NA,NA,NA,NA,NA,NA,NA,NA,NA,NA,NA,NA,NA,NA,NA,NA,NA,NA,NA,NA,NA,NA,NA,3.289,NA,32.551097653293,NA,NA,NA,NA,NA,NA,NA,NA
2015,"MUNICIPIO","2911709",85797,78833,38481,40352,18182,45166,15485,8935,23218,8199,NA,0.673,NA,NA,1273,0,1184,11,165,303,349,288,133,22,2,0,1262,22,27,31,26.86,6.29,5,69,312,659,48,169,183,115,1,962,2,200,1069,536,737,1248,25,0,4,16,134,1059,52,154,1059,52,38,39,40,38.56,2.25,19,203,79,119,811,80,1193,573,698,1201,48,4,286,153,246,143,219,18,27,24,4,131,1266,3,2,2,0,640,633,183,115,1,963,2,129,1080,64,2850,3165,3480,3139.63,551.65,92,1022,117,15,1196,9.5,0.93,12,1259,NA,NA,NA,NA,NA,NA,NA,NA,NA,NA,NA,NA,NA,NA,NA,NA,NA,NA,NA,NA,NA,NA,NA,NA,NA,NA,NA,NA,NA,NA,NA,NA,NA,NA,NA,NA,NA,NA,85.797,40.159,54.8281505728314,NA,NA,NA,NA,NA,NA,NA,NA
2015,"MUNICIPIO","2911808",22355,22165,11618,10547,6239,10987,4939,2992,5193,2362,NA,0.558,NA,NA,238,0,215,4,63,72,50,31,13,4,1,0,234,19,23,28,24.16,6.43,6,31,93,90,5,5,18,26,1,184,0,107,127,90,148,238,0,0,0,0,28,185,19,28,185,19,38,39,40,38.89,2.01,1,80,12,20,113,99,139,163,75,219,6,3,55,15,70,14,33,1,5,0,3,27,234,0,4,0,0,128,110,19,26,1,189,0,13,208,16,3000,3250,3550,3263.12,463.13,17,181,26,6,229,9.35,1.07,2,235,NA,NA,NA,NA,NA,NA,NA,NA,NA,NA,NA,NA,NA,NA,NA,NA,NA,NA,NA,NA,NA,NA,NA,NA,NA,NA,NA,NA,NA,NA,NA,NA,NA,NA,NA,NA,NA,NA,10.553,1.089,45.8309262468708,NA,NA,NA,NA,NA,NA,NA,NA
2015,"MUNICIPIO","2911857",13762,13192,6666,6526,3548,6940,2704,1743,3427,1356,NA,0.563,NA,NA,108,0,72,3,23,22,24,26,6,4,0,0,105,20,26,31,25.67,7.07,3,13,42,37,2,3,14,2,1,79,0,68,36,52,56,106,2,0,0,2,7,76,10,9,76,10,38,40,40,39.06,2.32,0,25,5,7,62,107,1,72,36,104,4,0,26,10,32,2,10,2,2,2,0,9,107,0,1,0,0,67,41,14,2,1,79,0,5,94,9,2987.5,3300,3696.25,3301.29,516.01,6,73,14,0,94,9.12,0.73,1,105,NA,NA,NA,NA,NA,NA,NA,NA,NA,NA,NA,NA,NA,NA,NA,NA,NA,NA,NA,NA,NA,NA,NA,NA,NA,NA,NA,NA,NA,NA,NA,NA,NA,NA,NA,NA,NA,NA,8.173,NA,31.5144441202218,NA,NA,NA,NA,NA,NA,NA,NA
2015,"MUNICIPIO","2911907",26178,25736,12631,13105,7436,13004,5296,3711,6529,2865,NA,0.574,NA,NA,410,0,397,4,96,118,84,77,22,8,1,0,406,20,24,30,24.74,6.66,0,42,137,205,4,14,25,42,1,338,0,290,116,159,251,406,4,0,0,1,38,343,21,39,343,21,38,39,40,38.91,1.82,0,156,25,30,189,49,361,237,173,390,14,6,111,26,132,16,60,6,8,4,6,36,408,1,1,0,0,193,217,25,42,1,338,0,20,353,37,3000,3300,3650,3320.5,543.02,23,303,75,9,400,9.31,0.97,1,405,NA,NA,NA,NA,NA,NA,NA,NA,NA,NA,NA,NA,NA,NA,NA,NA,NA,NA,NA,NA,NA,NA,NA,NA,NA,NA,NA,NA,NA,NA,NA,NA,NA,NA,NA,NA,NA,NA,26.056,NA,62.7967529483841,NA,NA,NA,NA,NA,NA,NA,NA
2015,"MUNICIPIO","2912004",10502,10062,5097,4965,2138,5477,2447,1049,2681,1235,NA,0.611,NA,NA,123,0,109,1,12,27,35,27,14,5,2,0,122,23,28,32.5,28.04,6.86,0,11,28,58,2,14,21,11,0,88,0,14,106,52,71,123,0,0,0,0,10,104,6,10,104,6,38,39,40,38.85,1.8,2,17,1,1,98,33,90,70,53,118,3,1,31,12,32,13,18,1,2,0,1,9,123,0,0,0,0,57,66,21,11,0,88,0,9,104,10,2945,3280,3576,3261.8,520.81,9,96,13,0,123,9.75,0.55,1,121,NA,NA,NA,NA,NA,NA,NA,NA,NA,NA,NA,NA,NA,NA,NA,NA,NA,NA,NA,NA,NA,NA,NA,NA,NA,NA,NA,NA,NA,NA,NA,NA,NA,NA,NA,NA,NA,NA,7.669,NA,45.8784035807534,NA,NA,NA,NA,NA,NA,NA,NA
2015,"MUNICIPIO","2912103",24029,24272,11888,12384,6265,11984,6023,3098,6159,3127,NA,0.625,NA,NA,302,0,291,3,59,97,72,50,17,3,1,0,299,20,24,29,24.83,6.26,1,24,113,129,11,21,12,18,0,266,1,192,107,117,185,300,2,1,0,9,42,225,22,52,225,22,38,39,39,38.21,2.88,2,82,39,37,133,292,10,168,134,296,6,0,24,74,33,74,37,1,5,2,0,50,299,0,1,2,0,165,137,12,18,0,266,1,37,243,21,2845,3174,3460,3134.43,612.84,26,216,40,4,295,8.8,0.69,2,300,NA,NA,NA,NA,NA,NA,NA,NA,NA,NA,NA,NA,NA,NA,NA,NA,NA,NA,NA,NA,NA,NA,NA,NA,NA,NA,NA,NA,NA,NA,NA,NA,NA,NA,NA,NA,NA,NA,24.029,NA,49.0339340802078,NA,NA,NA,NA,NA,NA,NA,NA
2015,"MUNICIPIO","2912202",19548,17282,8754,8528,5304,9901,2077,2612,4862,1054,NA,0.591,NA,NA,315,0,287,9,75,81,76,47,20,7,0,0,306,19,24,29,24.75,6.69,1,76,112,110,3,12,10,3,0,295,0,157,154,128,187,302,12,0,2,3,26,268,13,31,268,13,38,39,40,38.66,2.24,2,114,15,27,141,313,2,222,93,305,9,0,23,78,41,97,30,2,5,12,0,23,312,1,1,1,0,159,156,10,3,0,295,0,39,265,11,2852.5,3140,3400,3095.36,548.9,28,245,23,6,296,8.96,1.02,2,310,NA,NA,NA,NA,NA,NA,NA,NA,NA,NA,NA,NA,NA,NA,NA,NA,NA,NA,NA,NA,NA,NA,NA,NA,NA,NA,NA,NA,NA,NA,NA,NA,NA,NA,NA,NA,NA,NA,4.572,NA,64.7881530234471,NA,NA,NA,NA,NA,NA,NA,NA
2015,"MUNICIPIO","2912301",16696,15785,8063,7722,4007,8248,3530,1935,3999,1788,NA,0.584,NA,NA,154,0,149,0,38,48,36,19,8,5,0,0,154,20,23.5,29,24.5,6.62,1,25,64,50,5,5,17,9,0,125,1,76,77,48,106,152,2,0,0,4,11,125,13,15,125,13,38,39,40,38.86,2.35,1,57,17,14,63,65,89,119,35,150,4,0,18,23,48,27,20,2,0,2,0,13,153,0,1,0,0,77,77,17,9,0,125,1,10,123,21,3000,3281.5,3657.5,3299.49,585.01,6,117,27,3,151,8.95,0.81,0,152,NA,NA,NA,NA,NA,NA,NA,NA,NA,NA,NA,NA,NA,NA,NA,NA,NA,NA,NA,NA,NA,NA,NA,NA,NA,NA,NA,NA,NA,NA,NA,NA,NA,NA,NA,NA,NA,NA,11.299,NA,38.5096274068517,NA,NA,NA,NA,NA,NA,NA,NA
2015,"MUNICIPIO","2912400",18674,17008,8758,8250,4453,9027,3528,2198,4299,1753,NA,0.616,NA,NA,234,0,231,6,53,56,54,47,12,5,1,0,228,19.25,25,30,25,6.74,4,18,67,132,3,10,45,18,1,168,0,117,117,83,151,231,3,0,1,2,16,194,20,19,194,20,38,39,40,38.88,2.15,0,50,10,14,156,52,182,129,105,226,7,0,65,13,81,6,41,1,5,3,0,17,223,9,2,0,0,115,119,45,18,1,168,0,12,203,19,3062.5,3300,3587.5,3305.22,494.11,7,193,25,3,231,8.95,0.88,2,231,NA,NA,NA,NA,NA,NA,NA,NA,NA,NA,NA,NA,NA,NA,NA,NA,NA,NA,NA,NA,NA,NA,NA,NA,NA,NA,NA,NA,NA,NA,NA,NA,NA,NA,NA,NA,NA,NA,13.725,NA,54.4312630844382,NA,NA,NA,NA,NA,NA,NA,NA
2015,"MUNICIPIO","2912509",15296,14171,7048,7123,3556,7495,3120,1715,3737,1671,NA,0.584,NA,NA,147,0,57,0,27,45,31,31,10,2,1,0,147,21,25,31,25.76,6.52,1,18,25,87,6,5,49,11,0,85,0,35,107,69,78,143,2,0,0,1,21,103,15,22,103,15,38,39,40,38.68,2.54,0,38,12,6,74,116,31,79,68,140,5,0,43,9,32,5,23,2,1,2,0,20,114,33,0,0,0,72,75,49,11,0,85,0,6,129,12,3015,3270,3615,3296.97,515.52,5,106,22,2,66,9.12,1.19,1,144,NA,NA,NA,NA,NA,NA,NA,NA,NA,NA,NA,NA,NA,NA,NA,NA,NA,NA,NA,NA,NA,NA,NA,NA,NA,NA,NA,NA,NA,NA,NA,NA,NA,NA,NA,NA,NA,NA,8.256,NA,39.3363660690393,NA,NA,NA,NA,NA,NA,NA,NA
2015,"MUNICIPIO","2912608",5158,4866,2529,2337,1408,2376,1082,674,1132,531,NA,0.511,NA,NA,60,0,48,0,17,13,9,11,7,2,1,0,60,19,25,32.25,26.28,7.91,1,11,26,16,2,4,3,3,0,54,0,45,15,17,43,59,1,0,0,1,7,42,0,8,42,0,38,39,40,38.56,2.22,0,20,6,9,23,60,0,41,19,59,1,0,7,6,19,5,4,0,1,1,0,7,60,0,0,0,0,33,27,3,3,0,54,0,2,56,2,3000,3250,3562.5,3238.92,492.02,3,40,6,3,55,9.41,1.36,0,60,NA,NA,NA,NA,NA,NA,NA,NA,NA,NA,NA,NA,NA,NA,NA,NA,NA,NA,NA,NA,NA,NA,NA,NA,NA,NA,NA,NA,NA,NA,NA,NA,NA,NA,NA,NA,NA,NA,3.358,NA,53.0035335689046,NA,NA,NA,NA,NA,NA,NA,NA
2015,"MUNICIPIO","2912707",24180,22598,11534,11064,7460,11030,4108,3650,5472,1942,NA,0.558,NA,NA,389,0,336,10,124,118,72,37,23,5,0,0,379,18,22,27,23.16,6.29,7,61,131,133,8,8,13,108,1,247,0,145,213,146,243,377,8,0,1,4,38,298,33,43,298,33,38,39,40,38.94,2.34,7,151,25,48,120,209,180,286,98,366,12,0,53,67,116,39,38,4,8,8,0,33,385,2,2,0,0,196,193,13,110,1,247,0,33,328,28,2920,3260,3576,3232.96,571.66,31,273,49,7,376,8.8,1.01,4,374,NA,NA,NA,NA,NA,NA,NA,NA,NA,NA,NA,NA,NA,NA,NA,NA,NA,NA,NA,NA,NA,NA,NA,NA,NA,NA,NA,NA,NA,NA,NA,NA,NA,NA,NA,NA,NA,NA,11.815,NA,71.0891812865497,NA,NA,NA,NA,NA,NA,NA,NA
2015,"MUNICIPIO","2912806",8735,7956,4098,3858,2070,4121,1765,999,2014,845,NA,0.614,NA,NA,116,0,112,1,26,26,38,14,9,0,1,1,114,20,25,29,25.28,6.56,1,13,31,59,2,9,21,17,0,77,0,30,85,35,81,115,0,0,1,4,10,96,5,15,96,5,38,39,40,38.43,2.48,0,20,17,25,51,62,54,79,36,112,3,0,14,13,37,13,20,2,1,0,0,15,116,0,0,0,0,57,59,21,17,0,77,0,14,95,7,2938.75,3220,3405,3134.44,581.93,11,92,11,1,115,9.17,1.09,1,115,NA,NA,NA,NA,NA,NA,NA,NA,NA,NA,NA,NA,NA,NA,NA,NA,NA,NA,NA,NA,NA,NA,NA,NA,NA,NA,NA,NA,NA,NA,NA,NA,NA,NA,NA,NA,NA,NA,6.418,NA,57.59682224429,NA,NA,NA,NA,NA,NA,NA,NA
2015,"MUNICIPIO","2912905",17947,18943,9440,9503,4889,9784,4270,2342,4953,2208,NA,0.576,NA,NA,316,0,248,7,76,76,90,44,18,5,0,0,309,19,24,29,24.51,6.53,1,40,124,112,7,12,4,17,0,277,0,107,179,131,185,302,11,1,4,0,33,248,16,38,248,16,38,39,40,38.49,2.77,0,102,21,39,131,165,151,170,145,295,7,1,75,19,92,13,40,4,3,11,1,30,316,0,0,0,0,156,160,4,17,0,277,0,20,271,25,2987.5,3295,3600,3261.36,568.2,12,226,42,7,309,9.58,1.04,2,309,NA,NA,NA,NA,NA,NA,NA,NA,NA,NA,NA,NA,NA,NA,NA,NA,NA,NA,NA,NA,NA,NA,NA,NA,NA,NA,NA,NA,NA,NA,NA,NA,NA,NA,NA,NA,NA,NA,14.789,NA,63.7997173430244,NA,NA,NA,NA,NA,NA,NA,NA
2015,"MUNICIPIO","2913002",16699,15508,7695,7813,3771,7965,3772,1825,3961,2027,NA,0.585,NA,NA,186,0,152,1,36,39,52,31,18,7,1,1,184,21,26,31,26.44,7.29,0,17,45,108,2,11,18,5,0,161,0,63,118,75,111,182,2,0,2,5,9,149,4,16,149,4,38,39,40,38.31,2.68,0,38,18,21,87,33,153,79,106,76,52,53,24,5,31,2,8,22,28,2,53,5,174,10,1,1,0,86,100,18,5,0,161,0,11,164,10,2900,3200,3500,3197.42,532.99,11,130,22,6,176,8.25,1.05,1,175,NA,NA,NA,NA,NA,NA,NA,NA,NA,NA,NA,NA,NA,NA,NA,NA,NA,NA,NA,NA,NA,NA,NA,NA,NA,NA,NA,NA,NA,NA,NA,NA,NA,NA,NA,NA,NA,NA,3.638,1.461,46.9578389295632,NA,NA,NA,NA,NA,NA,NA,NA
2015,"MUNICIPIO","2913101",18727,17840,9058,8782,4741,9335,3764,2309,4554,1919,NA,0.602,NA,NA,219,0,205,4,61,45,51,34,18,5,1,0,215,19,24,30,25.04,6.99,1,15,69,118,1,12,48,24,0,142,0,63,148,92,127,217,2,1,0,2,30,173,12,33,173,12,38,39,40,38.7,2.53,1,62,9,14,119,89,130,145,73,213,6,0,55,15,71,15,22,3,2,2,0,33,215,4,0,0,0,118,101,48,24,0,142,0,13,177,29,3065,3496,3800,3422.47,572.88,9,146,55,3,216,9.25,0.76,2,217,NA,NA,NA,NA,NA,NA,NA,NA,NA,NA,NA,NA,NA,NA,NA,NA,NA,NA,NA,NA,NA,NA,NA,NA,NA,NA,NA,NA,NA,NA,NA,NA,NA,NA,NA,NA,NA,NA,18.455,NA,48.0895915678524,NA,NA,NA,NA,NA,NA,NA,NA
2015,"MUNICIPIO","2913200",27655,25424,12802,12622,7019,13674,4731,3371,6764,2487,NA,0.636,NA,NA,465,0,368,10,117,107,98,86,40,6,1,0,455,19,24,30,24.98,6.77,2,38,137,251,4,27,27,15,1,380,1,74,376,161,304,458,4,0,1,6,38,379,29,45,379,29,38,39,40,38.82,2.2,0,111,12,13,320,53,412,339,126,440,18,1,95,39,170,29,48,5,13,4,1,41,450,11,2,2,0,226,239,27,15,1,380,1,37,407,21,2930,3220,3500,3184.57,540.26,43,351,49,8,438,8.7,0.74,8,425,NA,NA,NA,NA,NA,NA,NA,NA,NA,NA,NA,NA,NA,NA,NA,NA,NA,NA,NA,NA,NA,NA,NA,NA,NA,NA,NA,NA,NA,NA,NA,NA,NA,NA,NA,NA,NA,NA,24.471,17.996,68.7463039621526,NA,NA,NA,NA,NA,NA,NA,NA
2015,"MUNICIPIO","2913309",6311,5255,2588,2667,1279,2806,1170,609,1440,618,NA,0.631,NA,NA,70,0,43,0,13,14,17,15,9,2,0,0,70,22.25,26.5,33,27.2,6.55,0,6,16,36,0,3,3,8,0,43,0,39,27,32,38,70,0,1,1,0,3,54,2,5,54,2,38,39,40,38.38,3.43,0,9,9,3,34,61,9,37,33,60,3,0,13,6,13,10,6,1,2,0,0,4,64,6,0,0,0,37,33,3,8,0,43,0,6,60,4,2752.5,3113,3510.5,3081.19,644.43,6,47,7,1,59,9.37,1.28,0,59,NA,NA,NA,NA,NA,NA,NA,NA,NA,NA,NA,NA,NA,NA,NA,NA,NA,NA,NA,NA,NA,NA,NA,NA,NA,NA,NA,NA,NA,NA,NA,NA,NA,NA,NA,NA,NA,NA,5.001,NA,48.6111111111111,NA,NA,NA,NA,NA,NA,NA,NA
2015,"MUNICIPIO","2913408",16225,15205,7643,7562,3583,8352,3270,1748,4130,1684,NA,0.614,NA,NA,213,0,184,2,27,67,44,47,23,3,0,0,211,22,26,31,26.43,6.18,1,15,40,116,10,22,53,38,2,112,0,22,166,77,136,206,7,0,1,3,26,163,17,30,163,17,38,39,40,38.53,2.46,0,50,19,11,114,89,124,119,94,204,6,0,35,28,61,23,28,1,2,7,0,22,211,1,0,1,0,108,105,53,38,2,112,0,18,188,7,2870,3175,3490,3155.54,527.84,18,153,23,0,208,9.67,0.54,2,210,NA,NA,NA,NA,NA,NA,NA,NA,NA,NA,NA,NA,NA,NA,NA,NA,NA,NA,NA,NA,NA,NA,NA,NA,NA,NA,NA,NA,NA,NA,NA,NA,NA,NA,NA,NA,NA,NA,NA,NA,51.5738498789346,NA,NA,NA,NA,NA,NA,NA,NA
2015,"MUNICIPIO","2913457",14395,13343,7042,6301,4428,6950,1965,2141,3277,883,NA,0.574,NA,NA,209,0,183,5,51,57,42,35,12,7,0,0,204,19,23,30,24.52,6.71,4,25,76,93,5,5,11,50,0,139,1,93,112,85,124,203,6,0,0,5,20,162,18,25,162,18,38,39,40,38.8,2.53,1,53,25,25,89,89,120,159,50,191,12,5,54,11,69,12,16,6,3,6,5,23,208,0,1,0,0,92,117,11,50,0,139,1,22,169,18,2990,3250,3510,3226.16,566.26,13,153,27,5,195,9.13,1.08,1,191,NA,NA,NA,NA,NA,NA,NA,NA,NA,NA,NA,NA,NA,NA,NA,NA,NA,NA,NA,NA,NA,NA,NA,NA,NA,NA,NA,NA,NA,NA,NA,NA,NA,NA,NA,NA,NA,NA,4.462,NA,63.7778455904791,NA,NA,NA,NA,NA,NA,NA,NA
2015,"MUNICIPIO","2913507",27787,25705,13123,12582,6939,13076,5690,3442,6326,2814,NA,0.552,NA,NA,332,0,279,8,83,80,76,57,22,6,0,0,324,19,24,30,24.79,6.71,2,55,106,115,3,9,51,36,0,235,0,122,203,128,204,322,6,0,0,4,24,228,40,28,228,40,38,39,40,39.19,2.36,0,92,49,34,117,11,321,240,86,308,9,3,58,38,93,27,37,4,5,6,3,23,325,1,6,0,0,175,157,51,36,0,235,0,22,282,28,2980,3337.5,3640,3295.27,537.26,15,202,54,5,320,9.77,1.04,2,313,NA,NA,NA,NA,NA,NA,NA,NA,NA,NA,NA,NA,NA,NA,NA,NA,NA,NA,NA,NA,NA,NA,NA,NA,NA,NA,NA,NA,NA,NA,NA,NA,NA,NA,NA,NA,NA,NA,15.614,1.889,52.4818210559595,NA,NA,NA,NA,NA,NA,NA,NA
2015,"MUNICIPIO","2913606",180213,184236,89440,94796,46427,101238,36571,23023,52412,19361,NA,0.69,NA,NA,2513,0,1662,35,522,705,567,416,223,41,3,0,2477,20,24,30,25.3,6.57,10,213,860,1061,135,221,80,144,8,2208,33,605,1885,976,1537,2446,64,2,13,24,230,2062,147,269,2062,147,38,39,40,38.74,2.36,63,754,471,313,823,201,2312,1246,1263,2418,87,1,796,32,794,27,455,27,40,64,1,237,2480,6,17,9,0,1337,1175,80,144,8,2208,33,186,2189,137,2930,3255,3550,3221.33,547.8,187,1884,286,29,1699,9.58,0.88,14,2474,NA,NA,NA,NA,NA,NA,NA,NA,NA,NA,NA,NA,NA,NA,NA,NA,NA,NA,NA,NA,NA,NA,NA,NA,NA,NA,NA,NA,NA,NA,NA,NA,NA,NA,NA,NA,NA,NA,157.589,88.235,47.9470350301458,NA,NA,NA,NA,NA,NA,NA,NA
2015,"MUNICIPIO","2913705",40915,36306,18028,18278,10746,19083,6477,5361,9418,3499,NA,0.565,NA,NA,427,0,309,6,88,111,85,73,49,9,6,0,421,20,25,31,26,7.34,2,58,151,163,10,19,20,51,4,255,2,213,192,140,287,418,7,0,3,9,32,340,24,44,340,24,38,39,40,38.76,2.64,1,159,45,55,139,336,91,344,83,406,15,2,79,34,162,41,30,7,6,7,2,38,422,3,2,0,0,223,204,20,51,4,255,2,43,339,45,2982.5,3275,3650,3256.14,657.02,25,302,65,4,405,9.45,0.95,4,380,NA,NA,NA,NA,NA,NA,NA,NA,NA,NA,NA,NA,NA,NA,NA,NA,NA,NA,NA,NA,NA,NA,NA,NA,NA,NA,NA,NA,NA,NA,NA,NA,NA,NA,NA,NA,NA,NA,23.007,NA,45.3387131025695,NA,NA,NA,NA,NA,NA,NA,NA
2015,"MUNICIPIO","2913804",15521,15331,7586,7745,3949,8036,3346,1941,3983,1821,NA,0.55,NA,NA,147,0,50,1,18,35,52,29,9,1,2,0,146,23,26,30,26.58,6.11,1,14,44,70,0,3,3,10,0,67,0,92,45,76,71,147,0,0,2,1,6,114,2,9,114,2,39,39,40,38.81,2.55,0,26,8,4,52,123,24,97,50,141,3,0,39,16,26,11,20,2,1,0,0,9,144,0,3,0,0,68,79,3,10,0,67,0,10,128,9,2940,3222,3630,3259.31,554.69,9,99,16,1,101,9.32,0.72,0,127,NA,NA,NA,NA,NA,NA,NA,NA,NA,NA,NA,NA,NA,NA,NA,NA,NA,NA,NA,NA,NA,NA,NA,NA,NA,NA,NA,NA,NA,NA,NA,NA,NA,NA,NA,NA,NA,NA,8.775,NA,36.9068541300527,NA,NA,NA,NA,NA,NA,NA,NA
2015,"MUNICIPIO","2913903",47501,44390,21831,22559,11132,23850,9408,5441,12093,5025,NA,0.67,NA,NA,722,0,601,9,181,165,147,146,64,7,3,0,713,19,25,31,25.35,6.83,3,40,192,343,28,63,40,38,2,583,1,231,458,302,420,711,8,0,4,4,62,570,42,70,570,42,38,39,40,38.83,2.29,2,214,64,91,272,144,578,258,463,696,16,1,211,39,163,34,146,6,8,8,1,60,717,1,3,1,0,394,328,40,38,2,583,1,62,616,44,2925,3255,3593.75,3215.81,580.18,55,512,79,7,713,9.48,0.81,12,708,NA,NA,NA,NA,NA,NA,NA,NA,NA,NA,NA,NA,NA,NA,NA,NA,NA,NA,NA,NA,NA,NA,NA,NA,NA,NA,NA,NA,NA,NA,NA,NA,NA,NA,NA,NA,NA,NA,47.501,2.645,59.7039609691557,NA,NA,NA,NA,NA,NA,NA,NA
2015,"MUNICIPIO","2914000",62095,59343,29076,30267,16018,30440,12885,7852,15410,7005,NA,0.549,NA,NA,807,0,741,11,176,195,177,139,87,20,2,0,796,20,25,31,25.85,7.02,10,123,264,279,13,22,18,33,1,716,0,303,379,357,450,793,12,0,4,6,51,709,28,61,709,28,38,39,40,38.83,2.07,6,176,200,115,268,110,697,540,264,787,15,1,247,70,268,55,75,5,8,12,1,53,796,8,3,0,0,396,410,18,33,1,716,0,60,715,32,2900,3200,3450,3161.74,514.4,70,642,63,13,769,9.62,0.97,8,787,NA,NA,NA,NA,NA,NA,NA,NA,NA,NA,NA,NA,NA,NA,NA,NA,NA,NA,NA,NA,NA,NA,NA,NA,NA,NA,NA,NA,NA,NA,NA,NA,NA,NA,NA,NA,NA,NA,45.194,3.426,52.3685918234912,NA,NA,NA,NA,NA,NA,NA,NA
2015,"MUNICIPIO","2914109",10113,9285,4741,4544,2157,4712,2416,1080,2231,1233,NA,0.59,NA,NA,106,0,93,0,17,18,34,22,10,4,1,0,106,23,27,31,27.33,6.8,0,17,32,51,2,2,21,4,0,76,0,28,70,38,68,104,2,0,0,3,12,83,6,15,83,6,38,39,40,38.38,2.61,0,17,3,3,80,11,95,65,40,101,2,0,27,5,33,6,16,0,1,2,0,11,106,0,0,0,0,48,58,21,4,0,76,0,10,89,7,2858.5,3250,3630,3212.77,580.97,8,76,18,1,104,9.83,0.58,1,98,NA,NA,NA,NA,NA,NA,NA,NA,NA,NA,NA,NA,NA,NA,NA,NA,NA,NA,NA,NA,NA,NA,NA,NA,NA,NA,NA,NA,NA,NA,NA,NA,NA,NA,NA,NA,NA,NA,7.688,4.413,47.5123263110713,NA,NA,NA,NA,NA,NA,NA,NA
2015,"MUNICIPIO","2914208",7472,7002,3506,3496,1973,3502,1527,1004,1689,803,NA,0.576,NA,NA,95,0,85,1,16,30,22,16,10,0,0,0,94,21,25,30,25.45,6.23,1,16,33,39,1,1,8,3,3,77,0,24,68,46,49,91,4,0,0,3,9,72,9,12,72,9,38,39,40,38.67,2.6,0,26,8,9,39,67,28,58,37,86,1,3,28,5,26,1,8,1,0,4,3,12,94,1,0,0,0,58,37,8,3,3,77,0,5,87,3,2915,3285,3537.5,3239.06,483.8,4,74,8,1,93,9.36,0.8,1,91,NA,NA,NA,NA,NA,NA,NA,NA,NA,NA,NA,NA,NA,NA,NA,NA,NA,NA,NA,NA,NA,NA,NA,NA,NA,NA,NA,NA,NA,NA,NA,NA,NA,NA,NA,NA,NA,NA,4.283,NA,56.2462995855536,NA,NA,NA,NA,NA,NA,NA,NA
2015,"MUNICIPIO","2914307",10487,11990,6167,5823,3360,6178,2452,1623,2963,1237,NA,0.571,NA,NA,117,0,84,3,27,30,22,20,13,2,0,0,114,19,24,32,25.38,7.14,0,12,33,37,1,2,5,6,0,96,0,40,51,55,62,112,3,0,1,0,13,80,8,14,80,8,38,39,40,38.68,2.53,1,32,11,16,42,82,35,74,40,109,3,1,25,13,28,8,6,1,2,3,1,11,113,3,0,1,0,52,65,5,6,0,96,0,6,105,6,2900,3340,3550,3280.04,549.96,4,77,13,0,115,9.52,0.71,0,114,NA,NA,NA,NA,NA,NA,NA,NA,NA,NA,NA,NA,NA,NA,NA,NA,NA,NA,NA,NA,NA,NA,NA,NA,NA,NA,NA,NA,NA,NA,NA,NA,NA,NA,NA,NA,NA,NA,7.724,NA,39.4870064124198,NA,NA,NA,NA,NA,NA,NA,NA
2015,"MUNICIPIO","2914406",25006,22601,11244,11357,6789,11555,4257,3373,5748,2236,NA,0.599,NA,NA,371,0,339,6,90,100,86,59,23,6,1,0,365,19,24,29,24.7,6.63,1,22,108,190,10,23,10,9,0,349,0,109,257,175,196,367,4,1,0,3,37,286,33,41,286,33,38,39,40,39,2.37,0,94,32,43,183,40,331,214,156,359,11,0,116,28,107,5,55,6,3,4,0,36,368,3,0,0,0,181,190,10,9,0,349,0,31,319,21,2885,3240,3550,3209.26,536.18,41,260,40,1,370,8.73,0.62,3,368,NA,NA,NA,NA,NA,NA,NA,NA,NA,NA,NA,NA,NA,NA,NA,NA,NA,NA,NA,NA,NA,NA,NA,NA,NA,NA,NA,NA,NA,NA,NA,NA,NA,NA,NA,NA,NA,NA,8.172,NA,64.544189283229,NA,NA,NA,NA,NA,NA,NA,NA
2015,"MUNICIPIO","2914505",29950,27466,13297,14169,7254,14641,5571,3547,7451,3171,NA,0.62,NA,NA,347,0,128,4,64,74,87,71,30,16,1,0,343,21,26,32,26.6,7.01,5,34,108,135,5,12,7,24,0,169,0,229,97,182,165,343,2,0,1,5,35,235,11,41,235,11,38,39,40,38.65,2.35,0,64,15,27,120,257,90,234,109,328,12,0,77,46,65,17,30,6,6,2,0,34,347,0,0,0,0,176,171,7,24,0,169,0,26,296,25,2950,3255,3587,3251.65,578.96,25,217,39,4,234,9.28,0.93,0,306,NA,NA,NA,NA,NA,NA,NA,NA,NA,NA,NA,NA,NA,NA,NA,NA,NA,NA,NA,NA,NA,NA,NA,NA,NA,NA,NA,NA,NA,NA,NA,NA,NA,NA,NA,NA,NA,NA,25.743,NA,46.5709300764998,NA,NA,NA,NA,NA,NA,NA,NA
2015,"MUNICIPIO","2914604",73380,66181,32018,34163,17635,37902,10644,8810,19726,5627,NA,0.691,NA,NA,1255,0,1166,17,254,301,289,242,122,24,6,0,1238,20,26,31,25.97,6.91,12,48,331,678,45,134,182,114,4,923,0,262,955,479,776,1228,26,3,4,18,138,1024,67,163,1024,67,38,39,40,38.7,2.6,1,242,116,108,662,26,1229,731,523,1204,45,2,277,118,353,87,208,19,21,26,2,139,1100,149,6,0,0,674,581,182,114,4,924,0,115,1078,62,2880,3210,3515,3175.34,551.23,101,983,116,29,1224,9.3,1.13,10,1242,NA,NA,NA,NA,NA,NA,NA,NA,NA,NA,NA,NA,NA,NA,NA,NA,NA,NA,NA,NA,NA,NA,NA,NA,NA,NA,NA,NA,NA,NA,NA,NA,NA,NA,NA,NA,NA,NA,73.38,13.801,63.6216161411335,NA,NA,NA,NA,NA,NA,NA,NA
2015,"MUNICIPIO","2914653",31055,28390,14481,13909,8860,14973,4557,4324,7343,2242,NA,0.599,NA,NA,494,0,424,9,130,132,89,81,42,9,1,1,484,19,23,30,24.77,7.01,12,59,182,202,7,20,31,52,3,375,1,124,364,182,312,479,12,1,2,11,70,348,39,84,348,39,37,39,40,38.5,2.92,4,128,19,27,290,130,364,310,184,431,16,25,91,34,151,18,40,8,6,12,25,65,491,0,3,0,0,261,233,33,52,3,383,1,32,431,31,2900,3200,3533.75,3188.21,544.86,29,360,47,7,485,9.4,0.99,2,492,NA,NA,NA,NA,NA,NA,NA,NA,NA,NA,NA,NA,NA,NA,NA,NA,NA,NA,NA,NA,NA,NA,NA,NA,NA,NA,NA,NA,NA,NA,NA,NA,NA,NA,NA,NA,NA,NA,24.79,NA,67.2749557401607,NA,NA,NA,NA,NA,NA,NA,NA
2015,"MUNICIPIO","2914703",66310,61631,29935,31696,16452,33410,11769,8122,17109,6465,NA,0.62,NA,NA,966,0,859,12,182,220,231,208,89,24,0,0,954,21,26,31,26.14,6.7,7,70,310,449,44,81,50,49,7,843,3,678,284,371,595,949,17,2,4,10,111,716,41,127,716,41,38,39,40,38.4,2.62,4,360,121,103,333,81,885,421,545,898,60,3,144,128,203,92,133,20,35,17,3,109,962,1,2,1,0,476,490,50,49,7,843,3,83,834,49,2900,3222.5,3520,3173.85,579.26,50,708,101,12,946,9.72,0.87,3,959,NA,NA,NA,NA,NA,NA,NA,NA,NA,NA,NA,NA,NA,NA,NA,NA,NA,NA,NA,NA,NA,NA,NA,NA,NA,NA,NA,NA,NA,NA,NA,NA,NA,NA,NA,NA,NA,NA,66.31,8.368,56.4615114851832,NA,NA,NA,NA,NA,NA,NA,NA
2015,"MUNICIPIO","2914802",219680,204667,96936,107731,46639,115201,42827,23094,60922,23715,NA,0.712,NA,NA,3126,0,3097,36,550,773,753,611,336,63,4,0,3090,21,26,31,26.2,6.69,17,162,764,1553,236,382,301,393,5,2407,4,1455,1647,1354,1772,3064,62,3,21,41,290,2603,165,355,2603,165,38,39,40,38.59,2.46,91,902,468,344,1277,28,3098,1454,1672,3012,105,3,520,629,381,611,537,40,49,60,3,288,3115,2,9,0,0,1550,1575,301,393,5,2407,4,272,2661,193,2908.5,3241,3560,3194.52,586.74,227,2391,363,49,3074,8.85,0.82,26,3098,NA,NA,NA,NA,NA,NA,NA,NA,NA,NA,NA,NA,NA,NA,NA,NA,NA,NA,NA,NA,NA,NA,NA,NA,NA,NA,NA,NA,NA,NA,NA,NA,NA,NA,NA,NA,NA,NA,218.925,148.645,51.311513082302,NA,NA,NA,NA,NA,NA,NA,NA
2015,"MUNICIPIO","2914901",27619,24318,12697,11621,7694,13138,3486,3733,6309,1579,NA,0.583,NA,NA,320,0,217,7,73,93,73,45,25,3,1,0,313,19.75,24,29,24.68,6.57,5,49,114,109,11,27,12,57,1,241,0,107,209,105,215,314,5,0,1,3,24,259,19,28,259,19,38,39,40,38.86,2.21,5,111,45,37,102,226,94,217,103,310,8,0,77,9,131,12,35,3,4,5,0,27,308,1,9,2,0,171,149,12,57,1,241,0,25,260,33,3000,3257.5,3622.5,3273.95,563.11,16,227,51,6,228,9.41,1.05,1,316,NA,NA,NA,NA,NA,NA,NA,NA,NA,NA,NA,NA,NA,NA,NA,NA,NA,NA,NA,NA,NA,NA,NA,NA,NA,NA,NA,NA,NA,NA,NA,NA,NA,NA,NA,NA,NA,NA,22.225,8.442,50.7211919480108,NA,NA,NA,NA,NA,NA,NA,NA
2015,"MUNICIPIO","2915007",16446,14924,7513,7411,4536,7456,2932,2227,3632,1552,NA,0.572,NA,NA,189,0,169,4,48,47,38,28,17,7,0,0,185,19,24,30,25.15,7.18,0,21,44,94,8,8,6,24,1,152,0,110,73,53,136,186,3,1,2,3,14,142,16,20,142,16,38,39,40,38.54,3,0,65,13,22,85,130,59,119,70,179,10,0,26,16,66,20,20,2,8,3,0,19,186,0,2,1,0,102,87,6,24,1,152,0,10,166,12,3000,3275,3550,3256.66,509.18,8,146,19,4,182,9.26,1.14,0,189,NA,NA,NA,NA,NA,NA,NA,NA,NA,NA,NA,NA,NA,NA,NA,NA,NA,NA,NA,NA,NA,NA,NA,NA,NA,NA,NA,NA,NA,NA,NA,NA,NA,NA,NA,NA,NA,NA,7.05,NA,52.0374449339207,NA,NA,NA,NA,NA,NA,NA,NA
2015,"MUNICIPIO","2915106",13359,13051,6588,6463,3615,6440,2996,1766,3139,1558,NA,0.543,NA,NA,193,0,175,7,39,52,43,34,7,10,1,0,186,20,24,30,25.16,7.01,1,36,60,82,5,6,10,26,2,152,0,62,127,76,117,185,8,0,2,2,16,149,17,20,149,17,38,39,40,39.06,2.59,1,77,14,27,64,134,59,131,62,182,8,0,62,4,62,8,22,1,3,8,0,13,190,1,1,1,0,101,92,10,26,2,152,0,13,171,9,2950,3250,3550,3197.56,586.24,15,136,19,6,184,9.44,1.29,1,191,NA,NA,NA,NA,NA,NA,NA,NA,NA,NA,NA,NA,NA,NA,NA,NA,NA,NA,NA,NA,NA,NA,NA,NA,NA,NA,NA,NA,NA,NA,NA,NA,NA,NA,NA,NA,NA,NA,11.077,NA,61.4845492194967,NA,NA,NA,NA,NA,NA,NA,NA
2015,"MUNICIPIO","2915205",15767,15193,7804,7389,3885,7949,3359,1855,3903,1631,NA,0.589,NA,NA,184,0,154,4,38,43,43,34,17,5,0,0,180,20,25,31,25.71,6.79,3,8,52,97,5,7,3,9,2,161,0,54,122,71,113,179,4,1,2,1,12,142,11,16,142,11,38,39,40,38.83,2.96,1,60,18,16,68,173,11,91,91,179,3,0,51,7,47,8,37,2,1,4,0,12,183,0,1,0,0,92,92,3,9,2,161,0,14,155,15,2957.5,3330,3591.25,3258.33,589.75,14,127,18,2,180,9.6,0.78,2,181,NA,NA,NA,NA,NA,NA,NA,NA,NA,NA,NA,NA,NA,NA,NA,NA,NA,NA,NA,NA,NA,NA,NA,NA,NA,NA,NA,NA,NA,NA,NA,NA,NA,NA,NA,NA,NA,NA,7.89,NA,47.1432231616705,NA,NA,NA,NA,NA,NA,NA,NA
2015,"MUNICIPIO","2915304",7351,7110,3556,3554,1953,3600,1557,937,1822,795,NA,0.634,NA,NA,116,0,97,1,32,31,25,19,6,2,0,0,115,19,23,29,24.47,6.32,1,14,32,49,1,7,16,17,1,69,0,33,81,40,76,116,0,0,0,1,8,88,12,9,88,12,38,39,40,39.08,2.22,4,31,9,10,45,84,32,83,33,96,2,0,25,5,31,8,15,0,2,0,0,7,113,0,1,2,0,65,51,19,17,1,77,0,6,107,3,3016.25,3342.5,3560,3286.09,446.8,8,83,11,0,114,9.38,0.68,1,115,NA,NA,NA,NA,NA,NA,NA,NA,NA,NA,NA,NA,NA,NA,NA,NA,NA,NA,NA,NA,NA,NA,NA,NA,NA,NA,NA,NA,NA,NA,NA,NA,NA,NA,NA,NA,NA,NA,5.597,NA,63.6663007683864,NA,NA,NA,NA,NA,NA,NA,NA
2015,"MUNICIPIO","2915353",14667,13209,6959,6250,4086,6839,2284,2011,3196,1043,NA,0.562,NA,NA,195,0,176,6,43,57,46,33,8,2,0,0,189,19.5,24,29,24.31,6.2,6,31,51,96,4,3,21,12,0,160,0,96,92,42,153,189,6,0,2,2,14,161,13,18,161,13,38,39,40,38.94,2.46,1,47,23,13,95,118,77,148,46,178,14,0,29,10,87,7,24,2,11,6,0,13,190,4,0,1,0,96,99,21,12,0,160,0,16,159,20,2948,3375,3687.5,3280.86,627.21,11,141,28,4,190,9.21,0.89,1,194,NA,NA,NA,NA,NA,NA,NA,NA,NA,NA,NA,NA,NA,NA,NA,NA,NA,NA,NA,NA,NA,NA,NA,NA,NA,NA,NA,NA,NA,NA,NA,NA,NA,NA,NA,NA,NA,NA,4.447,NA,61.0137672090113,NA,NA,NA,NA,NA,NA,NA,NA
2015,"MUNICIPIO","2915403",7353,7309,3699,3610,2214,3659,1436,1072,1842,696,NA,0.592,NA,NA,87,0,63,2,28,26,13,9,6,3,0,0,85,18,22,27.5,23.61,6.94,2,6,25,27,3,1,1,4,1,54,4,46,31,28,59,87,0,0,0,0,6,51,8,6,51,8,39,39,40,39.28,1.8,0,22,7,9,24,65,22,68,19,63,2,0,7,18,7,17,7,0,2,0,0,6,87,0,0,0,0,39,47,1,5,1,75,4,5,76,6,2968.5,3250,3575,3249.48,515.66,7,52,5,1,86,9,0.65,0,84,NA,NA,NA,NA,NA,NA,NA,NA,NA,NA,NA,NA,NA,NA,NA,NA,NA,NA,NA,NA,NA,NA,NA,NA,NA,NA,NA,NA,NA,NA,NA,NA,NA,NA,NA,NA,NA,NA,5.959,3.681,47.2312703583062,NA,NA,NA,NA,NA,NA,NA,NA
2015,"MUNICIPIO","2915502",21754,21081,10452,10629,5369,11068,4644,2569,5713,2347,NA,0.599,NA,NA,301,0,293,2,77,90,61,45,21,3,2,0,299,19,23,29,24.39,6.58,5,40,103,131,12,9,11,48,0,240,1,172,126,120,181,291,10,0,0,6,29,234,27,35,234,27,38,39,40,38.74,2.58,13,109,29,35,107,288,13,203,98,288,11,0,36,62,30,81,40,4,4,10,0,28,298,0,2,1,0,166,135,11,48,0,240,1,33,251,16,2800,3212.5,3518,3144.48,590.2,26,223,29,6,294,8.8,0.85,3,297,NA,NA,NA,NA,NA,NA,NA,NA,NA,NA,NA,NA,NA,NA,NA,NA,NA,NA,NA,NA,NA,NA,NA,NA,NA,NA,NA,NA,NA,NA,NA,NA,NA,NA,NA,NA,NA,NA,21.754,20,52.686854542272,NA,NA,NA,NA,NA,NA,NA,NA
2015,"MUNICIPIO","2915601",67249,63069,31460,31609,17383,33523,12163,8495,16839,6275,NA,0.627,NA,NA,1025,0,955,22,240,266,226,180,68,22,1,0,1003,19,24,30,24.88,6.69,19,122,343,447,25,64,31,29,2,907,30,166,844,379,646,1010,12,0,4,14,99,837,68,117,837,68,38,39,40,38.8,2.42,4,332,89,99,438,185,840,695,327,979,29,3,242,84,351,71,112,8,17,12,3,108,1004,0,16,5,0,512,513,31,29,2,907,30,83,888,54,2890,3200,3470,3170.2,537.42,98,773,104,17,990,8.95,0.81,11,1012,NA,NA,NA,NA,NA,NA,NA,NA,NA,NA,NA,NA,NA,NA,NA,NA,NA,NA,NA,NA,NA,NA,NA,NA,NA,NA,NA,NA,NA,NA,NA,NA,NA,NA,NA,NA,NA,NA,55.469,40.219,60.8705980165093,NA,NA,NA,NA,NA,NA,NA,NA
2015,"MUNICIPIO","2915700",8514,7903,4036,3867,2253,3968,1682,1136,1943,788,NA,0.578,NA,NA,72,0,57,1,20,25,11,10,2,3,0,0,71,19,22,27.25,24.04,6.6,1,12,31,19,1,6,7,15,2,47,0,27,45,15,57,71,0,0,0,1,5,47,8,6,47,8,38,39,40,39.11,2.42,0,27,7,8,20,45,27,51,20,71,0,0,11,2,27,3,12,0,0,0,0,6,71,0,0,1,0,36,36,7,15,2,47,0,2,66,4,3100,3300,3596.25,3357.19,423.98,2,47,7,0,71,9.32,0.67,0,72,NA,NA,NA,NA,NA,NA,NA,NA,NA,NA,NA,NA,NA,NA,NA,NA,NA,NA,NA,NA,NA,NA,NA,NA,NA,NA,NA,NA,NA,NA,NA,NA,NA,NA,NA,NA,NA,NA,5.403,NA,37.0560988162635,NA,NA,NA,NA,NA,NA,NA,NA
2015,"MUNICIPIO","2915809",23327,23089,11583,11506,6365,12153,4571,3121,6011,2374,NA,0.578,NA,NA,310,0,251,2,75,79,68,59,24,2,1,0,308,20,24,30,25.14,6.48,7,38,114,112,6,19,15,19,0,266,0,188,116,103,207,305,4,0,1,4,27,213,27,32,213,27,38,39,40,38.82,2.55,1,101,13,41,114,178,132,211,98,301,7,1,47,32,95,30,30,2,3,4,1,28,309,0,1,0,0,178,132,15,19,0,266,0,30,266,14,2872.5,3167,3488.75,3143.13,577.9,23,203,27,2,298,9.32,0.79,2,307,NA,NA,NA,NA,NA,NA,NA,NA,NA,NA,NA,NA,NA,NA,NA,NA,NA,NA,NA,NA,NA,NA,NA,NA,NA,NA,NA,NA,NA,NA,NA,NA,NA,NA,NA,NA,NA,NA,19.381,675,51.5721177840625,NA,NA,NA,NA,NA,NA,NA,NA
2015,"MUNICIPIO","2915908",8034,7598,3885,3713,2386,4114,1098,1166,2002,545,NA,0.584,NA,NA,66,0,48,1,13,21,20,8,3,0,0,0,65,20,24,27,24.32,5.23,1,10,28,22,0,3,2,16,0,40,1,49,17,18,48,64,1,0,0,1,8,46,4,9,46,4,38,40,40,38.86,2.67,2,26,7,3,19,65,1,46,20,62,0,1,8,5,20,7,6,0,0,0,1,8,64,1,1,0,0,38,28,2,16,0,40,1,6,56,4,2905,3305,3561.25,3230.83,557.94,3,41,10,1,65,9.18,0.88,0,62,NA,NA,NA,NA,NA,NA,NA,NA,NA,NA,NA,NA,NA,NA,NA,NA,NA,NA,NA,NA,NA,NA,NA,NA,NA,NA,NA,NA,NA,NA,NA,NA,NA,NA,NA,NA,NA,NA,3.494,NA,32.967032967033,NA,NA,NA,NA,NA,NA,NA,NA
2015,"MUNICIPIO","2916005",20611,20216,10295,9921,4938,10193,5085,2423,4921,2577,NA,0.637,NA,NA,224,0,214,4,46,57,52,40,20,5,0,0,220,20,25,30,25.35,6.82,3,22,68,99,8,24,18,8,0,194,0,48,169,96,128,220,4,0,0,0,18,190,12,18,190,12,38,39,40,38.89,1.89,0,55,14,14,137,45,179,106,118,210,12,0,66,17,65,9,31,6,6,4,0,14,224,0,0,0,0,111,113,18,8,0,194,0,20,197,7,2906,3244,3551.25,3213.1,493.95,9,179,21,3,219,8.83,0.7,1,223,NA,NA,NA,NA,NA,NA,NA,NA,NA,NA,NA,NA,NA,NA,NA,NA,NA,NA,NA,NA,NA,NA,NA,NA,NA,NA,NA,NA,NA,NA,NA,NA,NA,NA,NA,NA,NA,NA,15.159,NA,45.5192034139403,NA,NA,NA,NA,NA,NA,NA,NA
2015,"MUNICIPIO","2916104",22615,20725,10166,10559,5418,11383,3924,2654,5794,2111,NA,0.67,NA,NA,275,0,211,1,60,63,57,58,29,7,0,0,274,20,26,32,25.96,6.96,0,21,91,142,10,5,9,42,0,223,0,149,126,114,161,265,10,0,2,6,25,191,18,33,191,18,38,39,40,38.52,2.73,0,84,38,38,95,135,140,161,114,262,10,1,54,28,55,31,34,4,2,10,1,22,271,1,1,2,0,142,133,9,42,0,223,0,22,234,19,2880,3230,3584,3201.5,595.38,19,177,27,9,250,9.01,1.01,1,162,NA,NA,NA,NA,NA,NA,NA,NA,NA,NA,NA,NA,NA,NA,NA,NA,NA,NA,NA,NA,NA,NA,NA,NA,NA,NA,NA,NA,NA,NA,NA,NA,NA,NA,NA,NA,NA,NA,18.326,9.063,47.4628926475664,NA,NA,NA,NA,NA,NA,NA,NA
2015,"MUNICIPIO","2916203",10228,10995,5608,5387,2849,5824,2322,1383,2858,1146,NA,0.599,NA,NA,130,0,129,1,24,43,29,23,8,2,0,0,129,20,24,29.75,25.12,5.99,1,13,37,69,7,2,5,10,1,113,0,79,51,47,83,128,2,0,1,2,11,111,5,14,111,5,38,39,40,38.45,2.5,4,45,15,17,46,130,0,80,50,126,4,0,11,31,10,38,25,0,3,2,0,10,130,0,0,0,0,51,79,5,10,1,113,0,15,106,9,2800,3192,3535,3145.91,590.03,14,98,15,1,129,8.8,0.7,0,130,NA,NA,NA,NA,NA,NA,NA,NA,NA,NA,NA,NA,NA,NA,NA,NA,NA,NA,NA,NA,NA,NA,NA,NA,NA,NA,NA,NA,NA,NA,NA,NA,NA,NA,NA,NA,NA,NA,8.76,NA,45.4863540937719,NA,NA,NA,NA,NA,NA,NA,NA
2015,"MUNICIPIO","2916302",10882,10495,5260,5235,3269,5266,1960,1585,2713,937,NA,0.572,NA,NA,140,0,111,3,30,45,38,16,5,3,0,0,137,20,24,28,24.21,6.06,1,20,49,48,0,7,7,19,0,95,1,51,86,40,100,133,6,0,0,1,12,107,9,13,107,9,38,39,40,38.9,2.14,4,42,7,19,44,113,27,79,60,117,5,0,21,9,27,19,21,1,4,6,0,10,135,2,2,1,0,82,58,11,19,0,101,1,9,119,11,2975,3250,3540,3242.94,527.56,6,98,16,1,134,9.14,0.72,0,139,NA,NA,NA,NA,NA,NA,NA,NA,NA,NA,NA,NA,NA,NA,NA,NA,NA,NA,NA,NA,NA,NA,NA,NA,NA,NA,NA,NA,NA,NA,NA,NA,NA,NA,NA,NA,NA,NA,8.038,NA,51.6033910799853,NA,NA,NA,NA,NA,NA,NA,NA
2015,"MUNICIPIO","2916401",76184,68273,33449,34824,17210,38346,12717,8495,19479,6850,NA,0.667,NA,NA,1112,0,625,14,238,287,265,201,85,22,0,0,1098,20,25,30,25.34,6.58,7,72,359,539,34,71,86,36,1,956,0,559,510,474,638,1080,28,2,4,6,93,862,53,105,862,53,38,39,40,38.76,2.21,2,225,146,125,530,113,999,585,526,1052,49,0,247,109,299,79,133,18,25,28,0,79,1110,0,1,1,0,561,551,86,36,1,956,0,111,953,48,2858.75,3150,3490,3121.88,577.94,109,797,77,18,738,9.15,1.03,0,1079,NA,NA,NA,NA,NA,NA,NA,NA,NA,NA,NA,NA,NA,NA,NA,NA,NA,NA,NA,NA,NA,NA,NA,NA,NA,NA,NA,NA,NA,NA,NA,NA,NA,NA,NA,NA,NA,NA,76.184,71.921,57.0871194619847,NA,NA,NA,NA,NA,NA,NA,NA
2015,"MUNICIPIO","2916500",35987,32261,16467,15794,10105,16373,5783,5034,7907,2853,NA,0.486,NA,NA,350,0,260,4,86,100,63,51,34,10,2,0,346,19,24,30,25.2,7.14,16,94,142,81,2,7,11,16,1,263,0,126,209,131,219,343,6,1,2,3,36,268,24,42,268,24,38,39,40,38.73,2.77,1,94,52,45,142,300,50,273,76,333,9,1,66,48,97,45,24,2,7,6,1,36,322,13,7,8,0,185,165,11,16,1,263,0,29,291,28,2888.75,3277.5,3630,3243.7,610.28,27,236,47,4,331,9.54,0.84,7,335,NA,NA,NA,NA,NA,NA,NA,NA,NA,NA,NA,NA,NA,NA,NA,NA,NA,NA,NA,NA,NA,NA,NA,NA,NA,NA,NA,NA,NA,NA,NA,NA,NA,NA,NA,NA,NA,NA,18.577,NA,44.2645756924244,NA,NA,NA,NA,NA,NA,NA,NA
2015,"MUNICIPIO","2916609",10800,10207,5178,5029,2690,5521,1996,1319,2713,997,NA,0.571,NA,NA,86,0,81,1,22,28,15,8,10,2,0,0,85,19,23,29,24.48,7.1,2,18,36,24,3,2,3,9,0,74,0,59,27,34,52,82,4,0,0,0,5,74,4,5,74,4,38,39,40,39.01,1.68,2,38,6,6,30,81,5,59,27,85,1,0,7,24,12,26,4,1,0,4,0,5,84,0,1,1,0,42,44,3,9,0,74,0,8,77,1,2806.5,3227.5,3447.5,3098.53,522.94,11,64,2,2,83,8.85,0.88,1,85,NA,NA,NA,NA,NA,NA,NA,NA,NA,NA,NA,NA,NA,NA,NA,NA,NA,NA,NA,NA,NA,NA,NA,NA,NA,NA,NA,NA,NA,NA,NA,NA,NA,NA,NA,NA,NA,NA,8.378,NA,31.6992259491338,NA,NA,NA,NA,NA,NA,NA,NA
2015,"MUNICIPIO","2916708",8519,7678,3842,3836,1927,4097,1654,946,2034,856,NA,0.553,NA,NA,86,0,69,0,18,26,22,14,4,2,0,0,86,20,24,29,25.03,6.06,1,11,29,40,2,2,6,11,0,65,0,32,53,36,50,86,0,0,1,1,8,60,6,10,60,6,37,39,40,38.64,2.65,0,31,7,3,29,48,38,59,27,76,5,1,26,0,24,3,6,0,5,0,1,8,82,4,0,0,0,42,44,6,11,0,65,0,8,72,6,2915,3207.5,3703.75,3267.15,519.34,7,54,12,1,84,9.22,1.11,2,80,NA,NA,NA,NA,NA,NA,NA,NA,NA,NA,NA,NA,NA,NA,NA,NA,NA,NA,NA,NA,NA,NA,NA,NA,NA,NA,NA,NA,NA,NA,NA,NA,NA,NA,NA,NA,NA,NA,5.229,5.113,42.2812192723697,NA,NA,NA,NA,NA,NA,NA,NA
2015,"MUNICIPIO","2916807",20091,18539,9523,9016,4694,9902,3943,2307,4754,1955,NA,0.61,NA,NA,197,0,141,2,51,63,44,28,8,1,0,0,195,19,23,28,23.75,5.94,3,16,83,76,1,9,26,10,0,154,0,92,95,67,130,195,2,0,1,1,20,159,9,22,159,9,38,39,40,38.71,2.32,2,66,21,28,59,115,82,127,69,187,8,1,36,19,65,19,21,3,5,2,1,18,195,0,1,1,0,108,89,26,10,0,154,0,13,167,17,2860,3250,3550,3228.63,621.69,12,139,31,5,153,9.17,1.08,0,195,NA,NA,NA,NA,NA,NA,NA,NA,NA,NA,NA,NA,NA,NA,NA,NA,NA,NA,NA,NA,NA,NA,NA,NA,NA,NA,NA,NA,NA,NA,NA,NA,NA,NA,NA,NA,NA,NA,16.014,NA,41.4387883887253,NA,NA,NA,NA,NA,NA,NA,NA
2015,"MUNICIPIO","2916856",14763,14522,7252,7270,4023,8018,2481,1959,3988,1323,NA,0.582,NA,NA,198,0,134,2,35,57,52,34,13,3,2,0,196,21,25,30,25.56,6.4,1,14,74,88,2,6,19,9,0,126,0,94,93,86,112,189,8,0,0,1,14,159,10,15,159,10,38,39,40,38.93,1.89,0,50,12,19,91,148,50,86,111,192,2,0,55,12,52,7,38,1,1,8,0,9,198,0,0,0,0,106,92,19,9,0,128,0,15,173,10,2957.5,3245,3591,3231.99,549.3,16,139,18,2,166,9.42,0.74,1,189,NA,NA,NA,NA,NA,NA,NA,NA,NA,NA,NA,NA,NA,NA,NA,NA,NA,NA,NA,NA,NA,NA,NA,NA,NA,NA,NA,NA,NA,NA,NA,NA,NA,NA,NA,NA,NA,NA,14.657,NA,49.6489468405216,NA,NA,NA,NA,NA,NA,NA,NA
2015,"MUNICIPIO","2916906",13307,12693,6241,6452,3203,6637,2853,1565,3333,1554,NA,0.6,NA,NA,142,0,122,7,30,35,29,25,9,7,0,0,135,19,24,30,25.16,7.21,1,17,48,68,2,5,7,12,3,115,1,40,98,56,86,136,3,0,1,1,14,109,9,16,109,9,38,39,40,38.84,2.39,1,52,13,14,48,87,55,96,45,133,4,3,41,2,47,4,18,1,3,3,3,10,138,2,0,2,0,63,79,7,12,3,115,1,15,121,6,2800,3155,3400,3110.26,501.19,15,101,9,3,139,9.28,1.07,1,121,NA,NA,NA,NA,NA,NA,NA,NA,NA,NA,NA,NA,NA,NA,NA,NA,NA,NA,NA,NA,NA,NA,NA,NA,NA,NA,NA,NA,NA,NA,NA,NA,NA,NA,NA,NA,NA,NA,9.899,9.987,42.6042604260426,NA,NA,NA,NA,NA,NA,NA,NA
2015,"MUNICIPIO","2917003",38492,36113,18317,17796,10719,18226,7168,5290,8808,3698,NA,0.544,NA,NA,475,0,390,6,133,123,96,67,39,9,2,0,469,19,23,29,24.54,6.87,14,66,177,193,8,7,10,7,5,450,0,115,350,201,274,472,2,0,2,1,51,345,15,54,345,15,38,39,40,38.59,2.14,0,202,70,67,104,126,349,338,137,446,20,0,110,36,132,21,42,7,13,2,0,48,436,33,4,2,0,248,227,10,7,5,450,0,26,403,42,3000,3300,3550,3273.74,529.32,33,317,58,4,451,9.12,0.74,0,469,NA,NA,NA,NA,NA,NA,NA,NA,NA,NA,NA,NA,NA,NA,NA,NA,NA,NA,NA,NA,NA,NA,NA,NA,NA,NA,NA,NA,NA,NA,NA,NA,NA,NA,NA,NA,NA,NA,16.097,529,53.9282470481381,NA,NA,NA,NA,NA,NA,NA,NA
2015,"MUNICIPIO","2917102",21178,19914,9990,9924,5078,10189,4647,2466,5087,2371,NA,0.594,NA,NA,193,0,80,2,35,46,51,36,19,4,0,0,191,21,26,31,26.04,6.6,0,26,61,83,3,12,10,5,0,177,0,119,70,59,134,191,2,0,1,2,25,128,16,28,128,16,38,39,40,38.66,2.7,1,61,12,19,74,112,81,134,59,186,6,0,41,5,62,10,24,0,4,2,0,25,192,0,1,0,0,103,90,10,5,0,177,0,16,170,7,2900,3200,3520,3185.98,498.32,17,128,19,2,90,9.04,1.04,0,192,NA,NA,NA,NA,NA,NA,NA,NA,NA,NA,NA,NA,NA,NA,NA,NA,NA,NA,NA,NA,NA,NA,NA,NA,NA,NA,NA,NA,NA,NA,NA,NA,NA,NA,NA,NA,NA,NA,18.46,18.46,37.9398466679772,NA,NA,NA,NA,NA,NA,NA,NA
2015,"MUNICIPIO","2917201",19406,18127,9031,9096,4596,9662,3869,2248,4777,2071,NA,0.57,NA,NA,227,0,189,3,36,61,58,46,17,6,0,0,224,21,26,31,26.02,6.52,1,51,55,89,3,11,23,2,0,186,0,78,146,97,130,224,3,0,1,1,19,196,7,21,196,7,38,39,40,38.56,1.92,0,61,16,29,107,222,5,119,108,220,5,0,23,60,30,51,32,2,2,3,0,20,184,42,0,1,0,117,110,23,2,0,186,0,20,200,6,2902.5,3172,3388.75,3126.58,532.72,18,186,15,6,207,9.17,1.2,1,224,NA,NA,NA,NA,NA,NA,NA,NA,NA,NA,NA,NA,NA,NA,NA,NA,NA,NA,NA,NA,NA,NA,NA,NA,NA,NA,NA,NA,NA,NA,NA,NA,NA,NA,NA,NA,NA,NA,8.253,3.5,47.5193636173331,NA,NA,NA,NA,NA,NA,NA,NA
2015,"MUNICIPIO","2917300",29108,26591,13388,13203,7783,14307,4501,3738,7118,2347,NA,0.606,NA,NA,406,0,372,11,99,113,100,58,21,2,2,0,395,19,23,28.75,24.22,6.17,4,53,147,163,8,25,37,29,0,329,0,174,222,163,243,395,10,0,0,3,35,328,31,38,328,31,38,39,40,38.96,2.17,2,130,32,56,137,150,256,306,99,380,17,7,94,43,118,44,30,7,8,10,7,35,404,0,2,0,0,216,189,37,29,0,330,0,23,339,43,2990,3340,3700,3334.37,568.54,21,280,72,10,394,9.23,1.06,1,402,NA,NA,NA,NA,NA,NA,NA,NA,NA,NA,NA,NA,NA,NA,NA,NA,NA,NA,NA,NA,NA,NA,NA,NA,NA,NA,NA,NA,NA,NA,NA,NA,NA,NA,NA,NA,NA,NA,17.482,NA,57.0384939589772,NA,NA,NA,NA,NA,NA,NA,NA
2015,"MUNICIPIO","2917334",11331,10900,5646,5254,3129,5961,1810,1480,2864,910,NA,0.591,NA,NA,117,0,73,3,28,25,30,22,4,5,0,0,114,19,25,30,25.19,6.76,1,5,17,49,4,6,6,10,0,65,0,29,85,46,71,111,6,0,0,2,14,73,4,16,73,4,38,39,40,38.48,2.66,1,23,6,8,44,84,33,79,38,75,5,0,21,14,14,2,9,2,2,6,0,11,117,0,0,0,0,52,65,11,12,0,82,0,20,92,5,2760,3050,3360,3008.44,631.39,7,74,5,2,109,9.44,0.88,0,117,NA,NA,NA,NA,NA,NA,NA,NA,NA,NA,NA,NA,NA,NA,NA,NA,NA,NA,NA,NA,NA,NA,NA,NA,NA,NA,NA,NA,NA,NA,NA,NA,NA,NA,NA,NA,NA,NA,6.477,NA,40.8519553072626,NA,NA,NA,NA,NA,NA,NA,NA
2015,"MUNICIPIO","2917359",9225,8973,4660,4313,2151,4935,1887,1047,2347,919,NA,0.613,NA,NA,124,0,5,1,24,34,41,18,5,1,0,0,123,20,25,29,24.85,5.75,0,1,3,3,0,0,1,0,0,6,0,19,104,49,75,124,0,0,0,0,3,118,3,3,118,3,41,41,41,40.78,1.15,0,2,0,2,2,7,117,39,85,6,1,0,1,0,1,1,1,0,1,0,0,2,121,3,0,0,0,64,60,29,6,6,83,0,8,109,7,3000,3275,3580,3259.47,494.75,15,105,4,1,121,9.65,0.69,0,122,NA,NA,NA,NA,NA,NA,NA,NA,NA,NA,NA,NA,NA,NA,NA,NA,NA,NA,NA,NA,NA,NA,NA,NA,NA,NA,NA,NA,NA,NA,NA,NA,NA,NA,NA,NA,NA,NA,3.38,3.186,52.8334043459736,NA,NA,NA,NA,NA,NA,NA,NA
2015,"MUNICIPIO","2917409",15409,13651,6926,6725,2873,7212,3566,1416,3481,1828,NA,0.593,NA,NA,122,0,107,0,18,28,31,34,10,1,0,0,122,22,28,32,26.96,6.17,0,6,27,75,1,4,33,7,0,82,0,14,106,63,59,121,0,0,0,4,6,106,6,10,106,6,38,39,40,38.82,2.28,0,23,5,5,85,33,89,84,38,117,5,0,31,23,21,17,15,4,1,0,0,9,121,1,0,0,0,59,63,33,7,0,82,0,14,95,13,2902.5,3190,3545,3186.52,638.68,10,92,18,1,120,9.12,0.55,3,119,NA,NA,NA,NA,NA,NA,NA,NA,NA,NA,NA,NA,NA,NA,NA,NA,NA,NA,NA,NA,NA,NA,NA,NA,NA,NA,NA,NA,NA,NA,NA,NA,NA,NA,NA,NA,NA,NA,4.227,NA,35.0474001723643,NA,NA,NA,NA,NA,NA,NA,NA
2015,"MUNICIPIO","2917508",84811,79247,38328,40919,20341,43097,15809,10026,22255,8638,NA,0.649,NA,NA,1310,0,922,19,263,313,335,249,96,33,2,0,1291,20,25,30,25.66,6.69,10,85,330,464,66,88,50,20,1,1078,0,714,519,550,760,1280,28,1,4,14,141,912,73,160,912,73,38,39,40,38.53,2.54,5,460,121,110,454,213,1097,830,476,1210,33,3,313,67,334,61,139,15,18,26,3,129,1289,14,7,0,0,657,652,50,20,1,1078,0,110,1144,53,2870,3176,3470,3159.75,528.94,93,876,113,21,1281,9.11,0.94,9,1039,NA,NA,NA,NA,NA,NA,NA,NA,NA,NA,NA,NA,NA,NA,NA,NA,NA,NA,NA,NA,NA,NA,NA,NA,NA,NA,NA,NA,NA,NA,NA,NA,NA,NA,NA,NA,NA,NA,68.244,4.189,58.8631768141991,NA,NA,NA,NA,NA,NA,NA,NA
2015,"MUNICIPIO","2917607",55449,51011,25042,25969,14578,26530,9903,7199,13516,5254,NA,0.58,NA,NA,776,0,655,17,171,209,178,127,53,21,0,0,759,20,24,30,25.07,6.68,6,78,262,307,16,48,61,52,5,605,3,323,417,316,460,759,10,0,1,0,71,617,40,72,617,40,38,39,40,39.01,2.02,6,241,62,80,282,238,538,481,292,690,14,30,204,30,243,21,72,8,4,10,30,63,747,27,1,1,0,409,367,61,52,5,605,3,49,682,45,2950,3232.5,3570,3247.72,520.83,52,555,92,6,763,9.19,0.73,5,717,NA,NA,NA,NA,NA,NA,NA,NA,NA,NA,NA,NA,NA,NA,NA,NA,NA,NA,NA,NA,NA,NA,NA,NA,NA,NA,NA,NA,NA,NA,NA,NA,NA,NA,NA,NA,NA,NA,46.893,17.691,57.4134359277893,NA,NA,NA,NA,NA,NA,NA,NA
2015,"MUNICIPIO","2917706",33186,30343,15438,14905,7773,16310,6260,3693,8045,3167,NA,0.659,NA,NA,474,0,421,10,103,102,115,93,43,8,0,0,464,20,26,30,25.58,6.82,3,38,136,232,18,29,35,8,1,428,0,96,373,190,284,458,11,1,3,4,41,368,32,49,368,32,38,39,40,38.67,2.62,0,137,26,21,239,309,165,286,186,442,20,1,61,86,94,67,59,6,11,11,1,45,471,2,0,1,0,241,233,35,8,1,428,0,43,408,23,2850,3185,3500,3135.11,578.42,41,343,42,6,453,9.08,0.83,6,463,NA,NA,NA,NA,NA,NA,NA,NA,NA,NA,NA,NA,NA,NA,NA,NA,NA,NA,NA,NA,NA,NA,NA,NA,NA,NA,NA,NA,NA,NA,NA,NA,NA,NA,NA,NA,NA,NA,21.244,9.329,58.9185829707893,NA,NA,NA,NA,NA,NA,NA,NA
2015,"MUNICIPIO","2917805",18647,16467,8449,8018,4811,8839,2817,2351,4238,1429,NA,0.556,NA,NA,180,0,109,6,44,37,44,30,15,4,0,0,174,19,25,30,25.02,6.81,1,16,64,90,1,6,6,35,0,133,0,114,65,73,107,177,3,0,0,2,8,142,15,10,142,15,38,39,40,39.2,2.1,3,42,29,25,72,179,1,107,72,173,6,0,48,20,43,14,24,0,5,3,0,10,176,3,1,0,0,83,97,6,35,0,133,0,11,159,10,2867.5,3197.5,3550,3204.02,541.95,14,127,17,5,121,8.89,1.4,0,168,NA,NA,NA,NA,NA,NA,NA,NA,NA,NA,NA,NA,NA,NA,NA,NA,NA,NA,NA,NA,NA,NA,NA,NA,NA,NA,NA,NA,NA,NA,NA,NA,NA,NA,NA,NA,NA,NA,9.665,NA,42.4728645587541,NA,NA,NA,NA,NA,NA,NA,NA
2015,"MUNICIPIO","2917904",11063,10331,5309,5022,3413,5256,1662,1669,2518,835,NA,0.55,NA,NA,160,0,151,3,41,38,32,23,17,5,1,0,157,19,24,31,25.16,7.55,2,27,67,55,1,5,4,1,0,150,1,63,97,55,105,159,0,0,0,2,18,124,16,20,124,16,38,39,40.25,39.02,2.46,0,63,11,17,63,160,0,116,44,157,3,0,29,22,42,30,14,1,2,0,0,19,160,0,0,0,0,90,70,4,1,0,150,1,12,140,8,2871.25,3252.5,3660,3258.23,509.96,12,117,22,0,160,9.75,0.56,0,160,NA,NA,NA,NA,NA,NA,NA,NA,NA,NA,NA,NA,NA,NA,NA,NA,NA,NA,NA,NA,NA,NA,NA,NA,NA,NA,NA,NA,NA,NA,NA,NA,NA,NA,NA,NA,NA,NA,5.446,NA,63.5424940428912,NA,NA,NA,NA,NA,NA,NA,NA
2015,"MUNICIPIO","2918001",161528,151895,73612,78283,36665,84076,31154,17886,43190,17207,NA,0.665,NA,NA,2594,0,2173,41,456,643,635,533,232,51,3,0,2553,21,26,31,25.97,6.59,8,170,761,1244,104,242,356,226,50,1864,4,567,2000,1053,1541,2556,29,3,14,31,260,1916,122,308,1916,122,38,39,40,38.55,2.58,2,732,185,208,1134,94,2500,1135,1452,2487,87,5,578,210,557,84,530,35,42,28,5,271,2578,1,10,4,0,1322,1272,356,226,50,1867,4,226,2255,113,2885,3200,3490,3156.31,567.3,186,1821,245,41,2534,9.72,0.94,19,2554,NA,NA,NA,NA,NA,NA,NA,NA,NA,NA,NA,NA,NA,NA,NA,NA,NA,NA,NA,NA,NA,NA,NA,NA,NA,NA,NA,NA,NA,NA,NA,NA,NA,NA,NA,NA,NA,NA,161.528,141.626,60.0601991201667,NA,NA,NA,NA,NA,NA,NA,NA
2015,"MUNICIPIO","2918100",41100,37680,19018,18662,10845,19343,7492,5315,9476,3871,NA,0.547,NA,NA,421,0,351,8,90,123,88,59,37,12,4,0,413,20,24,30,25.26,7.01,12,71,141,153,9,10,23,18,0,374,0,276,138,166,255,416,4,0,2,2,40,333,16,44,333,16,38,39,40,38.94,2.18,1,129,28,35,187,397,24,297,123,393,15,0,114,17,147,21,31,4,11,4,0,37,411,8,1,1,0,226,195,23,18,0,374,0,30,357,34,3000,3350,3600,3285.47,558.01,30,305,52,5,408,8.97,0.83,4,415,NA,NA,NA,NA,NA,NA,NA,NA,NA,NA,NA,NA,NA,NA,NA,NA,NA,NA,NA,NA,NA,NA,NA,NA,NA,NA,NA,NA,NA,NA,NA,NA,NA,NA,NA,NA,NA,NA,22.608,NA,44.4280287040946,NA,NA,NA,NA,NA,NA,NA,NA
2015,"MUNICIPIO","2918209",15033,14118,7155,6963,3716,7694,2708,1840,3731,1392,NA,0.553,NA,NA,147,0,85,2,22,32,44,27,17,2,0,1,144,21.5,26,30.5,26.49,6.65,0,12,59,60,6,4,9,17,0,109,0,80,63,57,90,145,2,0,0,1,7,122,6,8,122,6,38,39,40,39,1.85,1,41,8,11,60,85,62,91,56,139,1,0,41,11,50,5,17,0,1,2,0,8,145,2,0,0,0,72,75,9,17,0,110,0,9,124,14,3150,3355,3712.5,3374.63,493.21,12,96,24,1,103,9.06,1.09,0,143,NA,NA,NA,NA,NA,NA,NA,NA,NA,NA,NA,NA,NA,NA,NA,NA,NA,NA,NA,NA,NA,NA,NA,NA,NA,NA,NA,NA,NA,NA,NA,NA,NA,NA,NA,NA,NA,NA,7.22,4.188,39.3996247654784,NA,NA,NA,NA,NA,NA,NA,NA
2015,"MUNICIPIO","2918308",13300,14115,7124,6991,3710,7264,3141,1777,3567,1647,NA,0.575,NA,NA,164,0,135,1,39,41,40,27,14,2,0,0,163,20,25,30,25.18,6.59,2,18,51,79,9,1,10,22,4,120,0,36,124,76,88,157,7,1,5,2,17,117,4,25,117,4,38,39,40,38.12,3.68,1,55,16,6,65,145,19,95,69,154,7,1,52,7,30,8,17,2,3,7,1,19,161,0,1,2,0,84,80,10,22,4,120,0,19,140,5,2800,3172.5,3488.75,3060.76,701.57,12,113,11,7,155,9.43,1.58,2,162,NA,NA,NA,NA,NA,NA,NA,NA,NA,NA,NA,NA,NA,NA,NA,NA,NA,NA,NA,NA,NA,NA,NA,NA,NA,NA,NA,NA,NA,NA,NA,NA,NA,NA,NA,NA,NA,NA,9.939,NA,45.9770114942529,NA,NA,NA,NA,NA,NA,NA,NA
2015,"MUNICIPIO","2918357",25141,22549,11383,11166,6781,11957,3811,3316,5932,1918,NA,0.593,NA,NA,395,0,348,3,95,100,94,64,33,5,1,0,392,20,24,30,25.09,6.54,4,41,123,188,7,28,24,36,3,300,0,78,298,140,255,393,2,0,2,7,36,322,28,45,322,28,38,39,40,38.82,2.48,2,90,36,28,215,247,148,277,118,380,12,1,89,32,148,15,54,5,6,1,1,42,357,38,0,0,0,196,199,24,36,3,300,0,32,337,26,2980,3250,3522.5,3235.07,533.2,27,312,43,9,386,9.11,0.95,3,392,NA,NA,NA,NA,NA,NA,NA,NA,NA,NA,NA,NA,NA,NA,NA,NA,NA,NA,NA,NA,NA,NA,NA,NA,NA,NA,NA,NA,NA,NA,NA,NA,NA,NA,NA,NA,NA,NA,22.003,NA,66.5879973027647,NA,NA,NA,NA,NA,NA,NA,NA
2015,"MUNICIPIO","2918407",218324,197965,97085,100880,55358,112651,29956,27253,57379,16248,NA,0.677,NA,NA,4425,0,4335,68,932,1186,1063,725,356,93,2,0,4357,20,25,30,25.24,6.59,22,354,1322,2219,169,333,227,97,4,4068,12,937,3473,1670,2755,4329,94,2,28,36,396,3822,135,462,3822,135,38,39,40,38.64,2.29,36,1333,550,390,2071,1143,3282,2699,1726,4235,179,4,851,597,1150,545,640,55,91,94,4,384,4378,8,28,11,0,2264,2161,227,97,4,4068,12,392,3832,201,2900,3210,3520,3169.37,570.79,321,3547,408,67,4322,9.12,0.9,55,4353,NA,NA,NA,NA,NA,NA,NA,NA,NA,NA,NA,NA,NA,NA,NA,NA,NA,NA,NA,NA,NA,NA,NA,NA,NA,NA,NA,NA,NA,NA,NA,NA,NA,NA,NA,NA,NA,NA,211.971,134.572,77.1188065320065,NA,NA,NA,NA,NA,NA,NA,NA
2015,"MUNICIPIO","2918456",10148,10290,5399,4891,2889,5179,2222,1411,2454,1026,NA,0.541,NA,NA,97,0,90,1,17,29,20,21,7,1,1,0,96,21,25,31,25.77,6.57,4,20,24,34,7,5,4,3,0,90,0,15,79,36,61,96,0,0,0,1,7,74,11,8,74,11,38,39,40,39.09,2.25,0,30,12,13,36,84,13,68,27,89,5,0,22,8,34,9,6,3,2,0,0,8,93,0,2,2,0,50,47,4,3,0,90,0,9,83,3,2818,3200,3526.5,3171.44,504.06,10,67,10,2,93,8.81,0.84,1,95,NA,NA,NA,NA,NA,NA,NA,NA,NA,NA,NA,NA,NA,NA,NA,NA,NA,NA,NA,NA,NA,NA,NA,NA,NA,NA,NA,NA,NA,NA,NA,NA,NA,NA,NA,NA,NA,NA,3.125,NA,39.5273023634882,NA,NA,NA,NA,NA,NA,NA,NA
2015,"MUNICIPIO","2918506",15841,15052,7812,7240,4409,7659,2984,2119,3642,1479,NA,0.743,NA,NA,290,0,271,9,78,76,59,50,12,5,1,0,281,19,24,29,24.34,6.78,1,36,119,126,3,5,29,14,6,229,0,69,213,100,190,282,8,1,5,4,24,230,25,34,230,25,38,39,40,38.82,3.2,0,105,29,41,96,189,101,220,69,276,12,1,67,17,114,16,27,6,3,8,1,29,283,7,0,0,0,157,133,29,14,6,229,0,15,257,18,2962.5,3250,3580,3228.12,542.07,11,223,34,10,280,8.92,1.31,5,255,NA,NA,NA,NA,NA,NA,NA,NA,NA,NA,NA,NA,NA,NA,NA,NA,NA,NA,NA,NA,NA,NA,NA,NA,NA,NA,NA,NA,NA,NA,NA,NA,NA,NA,NA,NA,NA,NA,15.63,NA,79.6265788028556,NA,NA,NA,NA,NA,NA,NA,NA
2015,"MUNICIPIO","2918555",6378,6474,3280,3194,1788,3252,1434,869,1612,713,NA,0.567,NA,NA,68,0,65,2,17,22,13,8,5,1,0,0,66,19,23,29,24.25,6.88,1,7,30,24,1,4,5,4,0,59,0,41,27,28,40,66,2,0,0,1,6,59,2,7,59,2,38,39,40,38.65,1.99,0,24,4,3,36,57,11,53,15,67,1,0,8,17,8,19,6,1,0,2,0,7,67,0,0,0,0,33,35,5,4,0,59,0,4,63,1,2860.75,3170,3430,3162.51,428.34,1,59,5,1,67,9,0.6,0,67,NA,NA,NA,NA,NA,NA,NA,NA,NA,NA,NA,NA,NA,NA,NA,NA,NA,NA,NA,NA,NA,NA,NA,NA,NA,NA,NA,NA,NA,NA,NA,NA,NA,NA,NA,NA,NA,NA,NA,NA,42.1836228287841,NA,NA,NA,NA,NA,NA,NA,NA
2015,"MUNICIPIO","2918605",7229,8031,3907,4124,1552,4100,2379,754,2059,1311,NA,0.602,NA,NA,59,0,52,1,8,12,13,14,10,1,0,0,58,22,27,31.5,27.22,6.57,0,1,13,38,0,1,13,4,0,38,0,19,40,31,28,59,0,0,0,1,8,46,2,9,46,2,37,38,39,38.09,2.08,0,10,2,4,34,54,5,11,48,53,2,0,11,13,2,5,11,1,1,0,0,9,24,35,0,0,0,33,26,15,4,0,40,0,8,47,4,2945,3190,3467.5,3149.95,610.45,5,43,5,0,58,9.78,0.53,0,59,NA,NA,NA,NA,NA,NA,NA,NA,NA,NA,NA,NA,NA,NA,NA,NA,NA,NA,NA,NA,NA,NA,NA,NA,NA,NA,NA,NA,NA,NA,NA,NA,NA,NA,NA,NA,NA,NA,3.758,NA,28.6546867411365,NA,NA,NA,NA,NA,NA,NA,NA
2015,"MUNICIPIO","2918704",4020,3901,2030,1871,846,2021,1034,388,964,519,NA,0.599,NA,NA,37,0,35,0,9,11,5,7,4,1,0,0,37,20,24,30,25.57,6.82,0,4,11,19,1,1,4,3,0,29,0,12,24,16,21,35,2,0,0,0,7,29,1,7,29,1,37,38,40,38.38,1.93,0,15,0,2,18,37,0,25,12,37,0,0,7,1,16,0,4,0,0,2,0,7,37,0,0,0,0,16,21,4,3,0,29,0,5,30,2,2735,3135,3600,3077.7,718.03,2,28,5,0,37,9.95,0.23,0,37,NA,NA,NA,NA,NA,NA,NA,NA,NA,NA,NA,NA,NA,NA,NA,NA,NA,NA,NA,NA,NA,NA,NA,NA,NA,NA,NA,NA,NA,NA,NA,NA,NA,NA,NA,NA,NA,NA,2.512,NA,38.3817427385892,NA,NA,NA,NA,NA,NA,NA,NA
2015,"MUNICIPIO","2918753",15801,13934,7200,6734,3571,7606,2757,1736,3592,1406,NA,0.545,NA,NA,150,0,132,2,16,42,39,33,12,6,0,0,148,21,26,31,26.53,6.58,0,13,45,72,0,10,38,15,0,88,0,20,122,60,90,148,2,0,0,0,12,127,7,12,127,7,38,39,40,38.99,1.95,0,24,2,6,114,148,2,75,73,138,9,0,32,15,44,11,20,3,6,2,0,11,147,3,0,0,0,76,74,38,15,0,88,0,7,133,10,3005,3300,3536.25,3266.97,574.11,11,116,15,0,145,9.57,0.68,0,150,NA,NA,NA,NA,NA,NA,NA,NA,NA,NA,NA,NA,NA,NA,NA,NA,NA,NA,NA,NA,NA,NA,NA,NA,NA,NA,NA,NA,NA,NA,NA,NA,NA,NA,NA,NA,NA,NA,4.416,NA,41.7594654788419,NA,NA,NA,NA,NA,NA,NA,NA
2015,"MUNICIPIO","2918803",23904,22201,11286,10915,6019,12252,3930,2922,5937,2056,NA,0.586,NA,NA,298,0,168,5,62,94,76,38,17,6,0,0,293,20,23.5,29,24.64,6.23,4,23,118,137,1,10,14,63,1,206,0,193,101,135,163,288,9,0,1,2,32,241,18,35,241,18,38,39,40,38.72,2.31,3,105,38,29,113,221,77,163,135,278,15,0,74,32,81,12,44,7,4,9,0,28,290,5,2,1,0,161,137,14,63,1,206,0,27,257,14,2916.25,3227.5,3523.75,3181.55,556.27,22,225,29,4,176,9.13,1.12,1,296,NA,NA,NA,NA,NA,NA,NA,NA,NA,NA,NA,NA,NA,NA,NA,NA,NA,NA,NA,NA,NA,NA,NA,NA,NA,NA,NA,NA,NA,NA,NA,NA,NA,NA,NA,NA,NA,NA,5.226,2.939,50.1937005221492,NA,NA,NA,NA,NA,NA,NA,NA
2015,"MUNICIPIO","2918902",4022,3733,1837,1896,912,1900,921,493,938,465,NA,0.632,NA,NA,63,0,62,4,17,14,11,10,7,0,0,0,59,18,22,30,24.33,7.39,0,2,25,29,1,5,9,7,0,47,0,20,43,29,34,59,4,0,2,0,1,57,3,3,57,3,38,39,40,38.62,3.09,1,15,5,2,36,63,0,39,24,60,3,0,14,14,18,7,4,0,1,4,0,1,63,0,0,0,0,31,32,9,7,0,47,0,6,56,1,2957.5,3140,3540,3100.67,667.72,7,46,4,3,60,9.03,1.26,0,63,NA,NA,NA,NA,NA,NA,NA,NA,NA,NA,NA,NA,NA,NA,NA,NA,NA,NA,NA,NA,NA,NA,NA,NA,NA,NA,NA,NA,NA,NA,NA,NA,NA,NA,NA,NA,NA,NA,4.022,NA,67.1641791044776,NA,NA,NA,NA,NA,NA,NA,NA
2015,"MUNICIPIO","2919009",3974,3936,2045,1891,1097,2023,816,527,972,392,NA,0.546,NA,NA,42,0,33,2,6,17,6,10,1,0,0,0,40,20,23,29.75,24.1,6.04,0,4,18,19,0,1,3,4,0,35,0,38,4,18,24,42,0,0,0,0,4,29,1,4,29,1,38,39,40,38.85,1.83,0,18,1,3,19,42,0,28,14,40,2,0,7,6,11,4,1,1,1,0,0,3,42,0,0,0,0,21,21,3,4,0,35,0,0,40,2,2962.5,3250,3487.5,3273.21,401.55,3,26,5,0,41,9.71,0.46,1,41,NA,NA,NA,NA,NA,NA,NA,NA,NA,NA,NA,NA,NA,NA,NA,NA,NA,NA,NA,NA,NA,NA,NA,NA,NA,NA,NA,NA,NA,NA,NA,NA,NA,NA,NA,NA,NA,NA,2.595,960,43.2098765432099,NA,NA,NA,NA,NA,NA,NA,NA
2015,"MUNICIPIO","2919058",8836,8305,4187,4118,2225,4328,1752,1084,2145,889,NA,0.584,NA,NA,104,0,95,2,24,30,24,17,4,2,0,1,101,19.75,24,29,24.92,7.27,0,8,38,48,2,5,14,7,2,79,0,37,63,50,54,99,4,0,0,2,7,84,5,9,84,5,38,39,40,39.1,2.05,0,31,3,5,55,58,46,66,37,97,3,2,35,3,35,1,12,0,2,4,2,4,101,2,1,0,0,53,51,14,7,2,79,0,7,91,5,2977.5,3200,3467.5,3191.07,532.55,9,77,7,1,100,9.37,0.85,1,98,NA,NA,NA,NA,NA,NA,NA,NA,NA,NA,NA,NA,NA,NA,NA,NA,NA,NA,NA,NA,NA,NA,NA,NA,NA,NA,NA,NA,NA,NA,NA,NA,NA,NA,NA,NA,NA,NA,4.499,NA,48.4848484848485,NA,NA,NA,NA,NA,NA,NA,NA
2015,"MUNICIPIO","2919108",9442,9560,4761,4799,2702,4864,1994,1305,2432,1062,NA,0.518,NA,NA,90,0,77,0,16,18,22,18,13,3,0,0,90,21.25,25,33.75,27.04,7.38,1,17,21,24,1,2,1,4,0,72,0,67,23,41,49,86,4,0,0,0,12,71,5,12,71,5,38,39,40,38.64,2.2,0,23,6,9,43,90,0,60,30,84,4,0,28,3,29,4,6,2,1,4,0,10,89,1,0,0,0,45,45,1,4,0,74,0,5,80,5,3000,3375,3600,3280.68,497.61,6,66,9,7,74,8.84,1.41,0,89,NA,NA,NA,NA,NA,NA,NA,NA,NA,NA,NA,NA,NA,NA,NA,NA,NA,NA,NA,NA,NA,NA,NA,NA,NA,NA,NA,NA,NA,NA,NA,NA,NA,NA,NA,NA,NA,NA,6.109,NA,37.0065789473684,NA,NA,NA,NA,NA,NA,NA,NA
2015,"MUNICIPIO","2919157",27521,25646,13083,12563,7319,13772,4555,3532,6704,2327,NA,0.596,NA,NA,403,0,380,5,92,96,102,82,22,4,0,0,398,20,25,30,25.01,6.37,2,40,140,198,5,17,50,50,0,297,0,103,296,153,250,396,6,0,2,2,42,329,27,46,329,27,38,39,40,38.82,2.44,1,89,28,34,223,265,138,292,109,388,15,0,101,33,150,24,35,3,6,6,0,43,385,16,1,1,0,198,205,50,50,0,297,0,28,352,23,2910,3250,3570,3232.97,517.79,33,290,59,9,394,9.22,0.97,4,398,NA,NA,NA,NA,NA,NA,NA,NA,NA,NA,NA,NA,NA,NA,NA,NA,NA,NA,NA,NA,NA,NA,NA,NA,NA,NA,NA,NA,NA,NA,NA,NA,NA,NA,NA,NA,NA,NA,26.684,NA,60.1133651551313,NA,NA,NA,NA,NA,NA,NA,NA
2015,"MUNICIPIO","2919207",191436,163449,79276,84173,39161,98063,26225,19248,50772,14153,NA,0.754,NA,NA,3305,0,2672,37,433,669,788,823,429,116,9,1,3267,22,28,33,27.62,6.86,6,148,705,1543,230,635,403,631,10,2088,2,2027,1239,1469,1836,3214,75,2,13,30,270,2503,78,315,2503,78,38,39,40,38.62,2.25,19,745,286,311,1746,2556,749,1807,1490,3115,149,2,544,557,562,315,467,49,71,74,2,251,3249,41,12,2,0,1705,1599,403,631,10,2088,2,296,2796,213,2918,3250,3560,3205.88,593.86,179,2296,321,42,3225,9.26,0.92,34,3222,NA,NA,NA,NA,NA,NA,NA,NA,NA,NA,NA,NA,NA,NA,NA,NA,NA,NA,NA,NA,NA,NA,NA,NA,NA,NA,NA,NA,NA,NA,NA,NA,NA,NA,NA,NA,NA,NA,191.436,81.672,65.0949342157094,NA,NA,NA,NA,NA,NA,NA,NA
2015,"MUNICIPIO","2919306",11445,10368,5210,5158,3112,5670,1586,1540,2784,834,NA,0.623,NA,NA,118,0,75,2,32,28,20,24,12,0,0,0,116,19,24,30,24.75,6.78,0,7,37,36,2,3,2,9,0,72,0,55,56,46,72,114,3,0,0,1,7,97,9,8,97,9,38,39.5,41,39.36,2.19,0,22,8,8,39,85,33,75,42,77,6,0,22,12,16,4,14,1,4,3,0,7,117,1,0,0,0,69,49,2,9,0,72,0,10,100,8,2860,3170,3560,3200.84,542.78,12,86,11,2,113,9.17,1.14,1,117,NA,NA,NA,NA,NA,NA,NA,NA,NA,NA,NA,NA,NA,NA,NA,NA,NA,NA,NA,NA,NA,NA,NA,NA,NA,NA,NA,NA,NA,NA,NA,NA,NA,NA,NA,NA,NA,NA,8.683,5.072,42.3850574712644,NA,NA,NA,NA,NA,NA,NA,NA
2015,"MUNICIPIO","2919405",12966,12311,6276,6035,2893,6428,2990,1410,3092,1533,NA,0.621,NA,NA,143,0,131,0,20,35,34,35,14,5,0,0,143,22,27,32,27.13,6.47,0,10,24,85,8,9,28,7,1,106,0,16,122,67,76,143,0,1,0,1,20,108,9,22,108,9,38,39,40,38.52,2.86,2,25,2,7,102,47,96,86,57,136,3,0,32,23,29,9,18,0,3,0,0,22,143,0,0,0,0,79,64,28,7,1,106,0,11,117,15,3000,3350,3700,3327.55,559.43,9,100,26,0,142,9.56,0.6,0,143,NA,NA,NA,NA,NA,NA,NA,NA,NA,NA,NA,NA,NA,NA,NA,NA,NA,NA,NA,NA,NA,NA,NA,NA,NA,NA,NA,NA,NA,NA,NA,NA,NA,NA,NA,NA,NA,NA,5.705,NA,46.248382923674,NA,NA,NA,NA,NA,NA,NA,NA
2015,"MUNICIPIO","2919504",46035,42693,21492,21201,10180,23668,8845,4989,11629,4583,NA,0.611,NA,NA,555,0,506,1,81,155,132,123,50,13,0,0,554,21,26,31,26.48,6.26,2,46,137,318,6,28,130,28,0,393,0,132,413,214,341,543,12,0,1,3,39,493,14,43,493,14,38,39,40,38.78,1.83,0,110,12,21,395,54,501,168,384,531,16,2,107,77,110,49,138,8,6,12,2,35,434,121,0,0,0,283,272,130,28,0,393,0,31,501,23,2950,3230,3550,3219.32,476.14,35,448,54,1,541,9.85,0.51,5,549,NA,NA,NA,NA,NA,NA,NA,NA,NA,NA,NA,NA,NA,NA,NA,NA,NA,NA,NA,NA,NA,NA,NA,NA,NA,NA,NA,NA,NA,NA,NA,NA,NA,NA,NA,NA,NA,NA,28.768,NA,47.7255138017026,NA,NA,NA,NA,NA,NA,NA,NA
2015,"MUNICIPIO","2919553",79162,60105,31056,29049,17734,37831,4540,8817,18284,1948,NA,0.716,NA,NA,1842,0,1765,30,320,466,494,367,135,27,3,0,1812,21,26,30,25.74,6.37,6,84,472,947,104,219,347,60,6,1390,3,222,1556,707,1135,1809,30,0,17,19,219,1473,97,255,1473,97,38,39,40,38.49,2.54,7,393,87,130,1177,87,1755,813,1028,1763,58,5,356,206,439,115,390,24,27,29,5,217,1756,84,2,0,0,938,904,348,60,6,1390,3,169,1585,88,2920,3230,3520,3178.77,577.03,138,1427,200,20,1816,9.25,0.87,8,1826,NA,NA,NA,NA,NA,NA,NA,NA,NA,NA,NA,NA,NA,NA,NA,NA,NA,NA,NA,NA,NA,NA,NA,NA,NA,NA,NA,NA,NA,NA,NA,NA,NA,NA,NA,NA,NA,NA,79.162,8.242,100.7438197331,NA,NA,NA,NA,NA,NA,NA,NA
2015,"MUNICIPIO","2919603",11837,11229,5520,5709,3429,5367,2433,1701,2673,1335,NA,0.524,NA,NA,130,0,55,4,28,35,25,22,11,5,0,0,126,20,24,31,25.45,7.39,2,14,17,22,1,4,2,3,0,59,0,81,45,47,83,125,4,0,1,1,19,93,3,21,93,3,38,40,41,39.02,2.59,0,20,5,8,30,59,71,92,38,62,3,0,18,6,11,5,6,0,3,4,0,6,129,0,1,0,0,68,62,2,3,0,121,0,7,110,12,2950,3295,3600,3244.67,589.67,10,85,16,3,125,9.03,0.87,0,126,NA,NA,NA,NA,NA,NA,NA,NA,NA,NA,NA,NA,NA,NA,NA,NA,NA,NA,NA,NA,NA,NA,NA,NA,NA,NA,NA,NA,NA,NA,NA,NA,NA,NA,NA,NA,NA,NA,9.759,7.242,48.6344930789375,NA,NA,NA,NA,NA,NA,NA,NA
2015,"MUNICIPIO","2919702",18786,17093,8583,8510,4468,9193,3432,2253,4529,1728,NA,0.605,NA,NA,248,0,191,4,73,68,51,35,13,4,0,0,244,19,23,29,23.83,6.4,7,21,99,93,7,10,22,21,0,202,0,131,117,101,147,245,3,1,1,1,27,177,24,30,177,24,38,39,40,38.78,2.76,1,58,33,29,115,149,99,174,74,239,7,0,66,11,84,16,19,4,2,3,0,25,246,0,2,0,0,135,113,22,21,0,202,0,17,219,12,2880,3200,3501.25,3184.46,542.28,23,168,25,5,206,9.16,0.93,0,243,NA,NA,NA,NA,NA,NA,NA,NA,NA,NA,NA,NA,NA,NA,NA,NA,NA,NA,NA,NA,NA,NA,NA,NA,NA,NA,NA,NA,NA,NA,NA,NA,NA,NA,NA,NA,NA,NA,14.847,NA,54.7582247736807,NA,NA,NA,NA,NA,NA,NA,NA
2015,"MUNICIPIO","2919801",50262,47051,23541,23510,12180,25158,9713,5890,12536,5084,NA,0.609,NA,NA,493,0,444,3,87,131,124,88,43,15,2,0,490,21,26,31,26.25,6.74,3,36,143,243,19,39,104,4,0,369,1,135,351,205,288,485,5,0,3,4,43,400,30,50,400,30,38,39,40,38.83,2.46,5,124,40,46,249,57,436,261,229,461,27,1,122,41,124,33,87,8,16,4,1,42,482,8,2,1,0,235,258,104,4,0,369,1,30,414,47,3050,3350,3600,3294.43,601.51,25,365,70,9,463,9.4,1.16,1,488,NA,NA,NA,NA,NA,NA,NA,NA,NA,NA,NA,NA,NA,NA,NA,NA,NA,NA,NA,NA,NA,NA,NA,NA,NA,NA,NA,NA,NA,NA,NA,NA,NA,NA,NA,NA,NA,NA,45.968,NA,39.3267389917039,NA,NA,NA,NA,NA,NA,NA,NA
2015,"MUNICIPIO","2919900",8365,8073,4001,4072,2306,4141,1626,1140,2059,873,NA,0.604,NA,NA,115,0,108,0,28,26,25,21,9,6,0,0,115,20,25,31,25.96,7.04,3,5,26,39,3,3,0,1,1,110,0,29,54,39,76,114,1,0,1,2,11,88,13,14,88,13,38,39,40,39.02,2.65,0,43,6,10,50,80,35,88,27,112,2,0,30,4,46,7,12,0,2,1,0,12,79,35,1,0,0,52,63,0,1,1,110,0,7,97,11,2975,3345,3695,3291.27,592.79,6,87,17,2,112,9.23,0.97,0,114,NA,NA,NA,NA,NA,NA,NA,NA,NA,NA,NA,NA,NA,NA,NA,NA,NA,NA,NA,NA,NA,NA,NA,NA,NA,NA,NA,NA,NA,NA,NA,NA,NA,NA,NA,NA,NA,NA,4,NA,55.8523555123847,NA,NA,NA,NA,NA,NA,NA,NA
2015,"MUNICIPIO","2919926",20348,17376,8377,8999,4167,10441,2768,2113,5391,1495,NA,0.708,NA,NA,342,0,310,5,52,72,91,89,30,3,0,0,337,21,27,32,26.56,6.34,0,7,75,215,20,23,19,45,2,266,4,153,182,153,189,336,5,0,2,3,30,255,29,35,255,29,38,39,40,39.01,2.52,0,92,30,30,180,65,277,172,170,305,13,0,56,52,51,44,55,4,7,5,0,24,341,0,1,0,0,182,160,19,45,2,266,4,25,292,25,2960,3247.5,3538.75,3217.32,551.41,25,237,35,4,337,9.53,0.89,6,334,NA,NA,NA,NA,NA,NA,NA,NA,NA,NA,NA,NA,NA,NA,NA,NA,NA,NA,NA,NA,NA,NA,NA,NA,NA,NA,NA,NA,NA,NA,NA,NA,NA,NA,NA,NA,NA,NA,20.348,15.895,63.4390651085142,NA,NA,NA,NA,NA,NA,NA,NA
2015,"MUNICIPIO","2919959",5174,7038,3581,3457,1713,3497,1828,816,1707,934,NA,0.538,NA,NA,86,0,74,0,10,20,17,24,9,6,0,0,86,23,29,33,28.3,7.27,2,14,18,31,1,12,6,0,0,71,0,31,50,30,56,86,0,0,0,1,10,66,6,11,66,6,37,39,40,38.61,2.25,0,13,2,10,53,78,8,47,39,83,1,0,15,12,18,13,12,0,1,0,0,11,79,6,0,1,0,50,36,7,0,0,72,0,6,78,2,2857.5,3085,3475,3098.38,608.17,6,71,5,1,84,9.31,0.96,0,86,NA,NA,NA,NA,NA,NA,NA,NA,NA,NA,NA,NA,NA,NA,NA,NA,NA,NA,NA,NA,NA,NA,NA,NA,NA,NA,NA,NA,NA,NA,NA,NA,NA,NA,NA,NA,NA,NA,4.364,NA,50.3807850029291,NA,NA,NA,NA,NA,NA,NA,NA
2015,"MUNICIPIO","2920007",10082,8782,4544,4238,2346,4623,1813,1127,2214,897,NA,0.576,NA,NA,119,0,79,0,27,33,26,23,9,1,0,0,119,20,24,30,25.11,6.35,3,10,45,51,2,5,11,6,0,100,0,53,60,41,78,118,0,0,0,0,12,81,13,12,81,13,38,39,40,39.07,2.05,0,24,14,17,53,84,35,61,57,112,6,0,22,6,35,12,14,3,3,0,0,11,118,0,1,0,0,58,61,11,6,0,100,0,3,106,10,3022.5,3290,3600,3302.35,533.44,2,82,18,1,96,9.24,0.7,1,112,NA,NA,NA,NA,NA,NA,NA,NA,NA,NA,NA,NA,NA,NA,NA,NA,NA,NA,NA,NA,NA,NA,NA,NA,NA,NA,NA,NA,NA,NA,NA,NA,NA,NA,NA,NA,NA,NA,7.387,NA,53.7488708220416,NA,NA,NA,NA,NA,NA,NA,NA
2015,"MUNICIPIO","2920106",20097,19326,9555,9771,5073,9651,4602,2511,4798,2462,NA,0.572,NA,NA,194,0,137,4,45,48,42,30,20,5,0,0,190,19.25,24.5,31,25.46,7,0,25,63,67,2,14,27,18,0,105,0,84,101,76,118,191,2,0,0,4,16,153,11,20,153,11,38,39,40,38.85,2.2,0,55,14,11,97,55,139,139,54,186,4,1,40,18,62,10,26,3,1,2,1,19,192,2,0,0,0,103,90,27,18,0,105,0,14,171,9,3000,3250,3500,3227.42,527.37,11,144,20,3,182,9.37,1.05,5,185,NA,NA,NA,NA,NA,NA,NA,NA,NA,NA,NA,NA,NA,NA,NA,NA,NA,NA,NA,NA,NA,NA,NA,NA,NA,NA,NA,NA,NA,NA,NA,NA,NA,NA,NA,NA,NA,NA,12.158,NA,40.4335139641517,NA,NA,NA,NA,NA,NA,NA,NA
2015,"MUNICIPIO","2920205",17455,16014,8285,7729,5104,8392,2518,2506,4000,1223,NA,0.562,NA,NA,228,0,116,5,50,57,54,37,21,4,0,0,223,20,25,30,25.13,6.85,4,14,41,59,1,12,5,12,0,113,0,77,143,47,181,227,0,0,1,1,16,192,16,18,192,16,39,41,41,39.75,2.13,1,28,18,16,68,109,119,152,75,124,7,0,24,10,36,11,26,5,2,0,0,17,228,0,0,0,0,122,106,7,13,0,205,0,14,203,11,2960,3302.5,3600,3247.68,527.55,30,179,14,1,214,9.56,0.69,1,227,NA,NA,NA,NA,NA,NA,NA,NA,NA,NA,NA,NA,NA,NA,NA,NA,NA,NA,NA,NA,NA,NA,NA,NA,NA,NA,NA,NA,NA,NA,NA,NA,NA,NA,NA,NA,NA,NA,9.673,NA,57,NA,NA,NA,NA,NA,NA,NA,NA
2015,"MUNICIPIO","2920304",8896,8468,4322,4146,2043,4535,1890,1035,2168,943,NA,0.578,NA,NA,107,0,68,0,16,27,30,25,6,2,1,0,107,21,26,31,26.48,6.27,0,10,23,40,3,3,13,4,0,64,0,37,62,45,62,107,0,0,1,1,11,90,4,13,90,4,38,39,40,38.38,2.57,0,14,5,5,74,100,7,36,71,101,4,0,25,13,18,6,27,1,3,0,0,12,74,32,1,0,0,55,52,14,4,0,64,0,5,97,5,2942.5,3200,3480,3191.53,524.68,4,86,13,3,96,9.58,1.18,0,106,NA,NA,NA,NA,NA,NA,NA,NA,NA,NA,NA,NA,NA,NA,NA,NA,NA,NA,NA,NA,NA,NA,NA,NA,NA,NA,NA,NA,NA,NA,NA,NA,NA,NA,NA,NA,NA,NA,3.794,NA,49.3542435424354,NA,NA,NA,NA,NA,NA,NA,NA
2015,"MUNICIPIO","2920403",14488,14387,7338,7049,3936,7327,3124,1942,3542,1565,NA,0.566,NA,NA,184,0,156,3,46,41,50,20,20,4,0,0,181,19,25,29,24.97,7.02,7,26,53,84,3,5,35,9,3,129,0,37,140,84,100,182,0,0,1,1,15,150,4,17,150,4,38,39,40,38.72,2.19,1,48,4,7,110,183,1,90,93,178,4,0,58,10,44,9,28,2,2,0,0,17,178,0,3,3,0,97,87,35,9,3,129,0,13,160,10,2920,3250,3500,3195.86,564.8,8,140,20,2,175,9.71,0.74,1,183,NA,NA,NA,NA,NA,NA,NA,NA,NA,NA,NA,NA,NA,NA,NA,NA,NA,NA,NA,NA,NA,NA,NA,NA,NA,NA,NA,NA,NA,NA,NA,NA,NA,NA,NA,NA,NA,NA,6.88,NA,51.948051948052,NA,NA,NA,NA,NA,NA,NA,NA
2015,"MUNICIPIO","2920452",13761,12592,6585,6007,3725,6626,2241,1790,3104,1113,NA,0.599,NA,NA,65,0,58,1,13,15,17,10,6,3,0,0,64,20,26,30,25.95,7.11,0,7,11,37,0,4,1,1,0,57,0,14,51,22,43,65,0,0,0,0,3,58,3,3,58,3,38,40,41,39.38,1.77,0,19,4,3,29,65,0,42,23,59,1,0,18,1,17,6,13,0,1,0,0,3,61,4,0,0,0,39,26,1,1,0,60,0,0,61,4,2970,3146,3500,3248.43,450.86,5,53,6,1,64,9.31,0.86,0,63,NA,NA,NA,NA,NA,NA,NA,NA,NA,NA,NA,NA,NA,NA,NA,NA,NA,NA,NA,NA,NA,NA,NA,NA,NA,NA,NA,NA,NA,NA,NA,NA,NA,NA,NA,NA,NA,NA,6.617,NA,20.9407216494845,NA,NA,NA,NA,NA,NA,NA,NA
2015,"MUNICIPIO","2920502",23751,24613,12204,12409,6282,12971,5360,3131,6509,2769,NA,0.607,NA,NA,384,0,313,8,91,94,74,74,32,9,2,0,376,19,24,30,25.29,6.98,6,39,134,165,8,20,45,29,4,278,0,194,182,172,212,378,6,0,0,4,44,283,24,48,283,24,38,39,40,38.75,2.35,1,125,31,42,143,220,164,214,169,349,10,14,111,17,102,7,39,3,7,6,14,41,341,39,2,2,0,201,183,45,29,4,278,0,26,336,22,2997.5,3200,3518.75,3221.13,489.42,25,274,39,7,373,9.41,1.06,3,369,NA,NA,NA,NA,NA,NA,NA,NA,NA,NA,NA,NA,NA,NA,NA,NA,NA,NA,NA,NA,NA,NA,NA,NA,NA,NA,NA,NA,NA,NA,NA,NA,NA,NA,NA,NA,NA,NA,15.05,NA,58.9952373636503,NA,NA,NA,NA,NA,NA,NA,NA
2015,"MUNICIPIO","2920601",46106,42815,21516,21299,10683,24116,8016,5216,11692,4391,NA,0.621,NA,NA,483,0,171,8,88,129,119,85,46,8,0,0,475,21,25,30,25.7,6.44,3,46,126,273,5,19,9,52,2,370,0,295,179,232,251,479,2,1,6,8,52,362,25,67,362,25,38,39,40,38.46,2.94,1,112,29,32,269,470,13,284,196,460,15,1,159,24,115,22,52,6,9,2,1,60,460,8,1,14,0,259,224,9,52,2,370,0,32,419,32,2987.5,3250,3555,3253.31,542.29,22,345,69,5,226,9.13,1.14,0,476,NA,NA,NA,NA,NA,NA,NA,NA,NA,NA,NA,NA,NA,NA,NA,NA,NA,NA,NA,NA,NA,NA,NA,NA,NA,NA,NA,NA,NA,NA,NA,NA,NA,NA,NA,NA,NA,NA,29.745,13.94,41.3102976394116,NA,NA,NA,NA,NA,NA,NA,NA
2015,"MUNICIPIO","2920700",21175,19101,10076,9025,5968,10128,3005,2884,4781,1360,NA,0.593,NA,NA,200,0,151,5,46,49,43,45,11,1,0,0,195,19,24.5,30,24.86,6.5,7,38,73,67,3,5,3,36,0,155,0,94,99,64,136,199,0,0,0,2,20,167,6,22,167,6,38,39,40,38.64,2.09,2,72,22,30,66,186,14,128,71,189,7,1,33,17,59,33,21,2,5,0,1,21,189,5,4,1,0,107,93,3,36,0,155,0,19,169,11,2885,3170,3500,3175.3,527.83,21,149,20,2,157,9.07,0.8,0,200,NA,NA,NA,NA,NA,NA,NA,NA,NA,NA,NA,NA,NA,NA,NA,NA,NA,NA,NA,NA,NA,NA,NA,NA,NA,NA,NA,NA,NA,NA,NA,NA,NA,NA,NA,NA,NA,NA,3.68,NA,41.8322526668061,NA,NA,NA,NA,NA,NA,NA,NA
2015,"MUNICIPIO","2920809",10951,10500,5298,5202,3131,5348,2021,1527,2614,1061,NA,0.561,NA,NA,137,0,118,0,31,34,33,26,12,1,0,0,137,20,25,31,25.2,6.23,2,14,42,70,1,5,6,8,0,119,0,98,33,57,80,135,2,0,0,0,11,108,10,11,108,10,38,39,40,39.05,2.11,0,64,12,13,42,120,17,87,50,129,7,0,30,16,42,4,18,1,5,2,0,10,132,3,1,1,0,68,69,6,8,0,119,0,14,110,13,2980,3270,3600,3264.07,545.69,11,95,16,1,132,9.66,0.79,0,137,NA,NA,NA,NA,NA,NA,NA,NA,NA,NA,NA,NA,NA,NA,NA,NA,NA,NA,NA,NA,NA,NA,NA,NA,NA,NA,NA,NA,NA,NA,NA,NA,NA,NA,NA,NA,NA,NA,7.619,NA,52.4100994644223,NA,NA,NA,NA,NA,NA,NA,NA
2015,"MUNICIPIO","2920908",14877,14640,7551,7089,4520,7070,3050,2176,3474,1439,NA,0.581,NA,NA,173,0,168,4,51,38,42,23,11,4,0,0,169,18,24,28,24.23,6.9,3,26,68,64,2,8,1,13,1,156,0,105,67,50,123,165,8,0,0,1,17,141,14,18,141,14,38,39,40,38.94,2.21,2,65,21,20,62,172,1,141,32,170,3,0,17,31,65,19,16,0,1,8,0,16,168,0,1,4,0,86,87,1,13,1,156,0,11,147,15,2960,3251,3550,3264.59,512.71,8,127,25,2,170,9.17,1,1,171,NA,NA,NA,NA,NA,NA,NA,NA,NA,NA,NA,NA,NA,NA,NA,NA,NA,NA,NA,NA,NA,NA,NA,NA,NA,NA,NA,NA,NA,NA,NA,NA,NA,NA,NA,NA,NA,NA,11.799,NA,49.7985031663788,NA,NA,NA,NA,NA,NA,NA,NA
2015,"MUNICIPIO","2921005",45813,40183,19879,20304,10562,23297,6324,5230,11659,3415,NA,0.668,NA,NA,647,0,500,7,100,166,162,116,78,17,1,0,640,21,27,31.5,26.57,6.69,1,39,175,368,30,29,31,121,6,391,0,439,197,254,393,633,12,0,0,2,43,559,22,45,559,22,38,39,40,39.06,1.77,0,173,90,81,274,220,427,368,276,627,16,0,141,81,168,75,93,7,7,12,0,36,638,4,2,3,0,338,309,31,121,6,391,0,44,551,52,2940,3243,3555,3249.28,523.77,48,489,70,10,629,9.29,0.92,5,625,NA,NA,NA,NA,NA,NA,NA,NA,NA,NA,NA,NA,NA,NA,NA,NA,NA,NA,NA,NA,NA,NA,NA,NA,NA,NA,NA,NA,NA,NA,NA,NA,NA,NA,NA,NA,NA,NA,44.943,15.911,55.4936100866284,NA,NA,NA,NA,NA,NA,NA,NA
2015,"MUNICIPIO","2921054",12314,11145,5674,5471,3113,5950,2082,1552,2870,1049,NA,0.572,NA,NA,141,0,69,3,35,34,29,27,10,2,1,0,138,19,24,30,24.89,6.84,0,7,19,38,3,2,8,9,0,54,0,29,107,60,81,141,0,0,0,1,3,130,7,4,130,7,39,41,41,40.08,1.7,0,17,3,6,45,72,69,105,36,69,2,0,19,11,18,8,9,0,2,0,0,4,140,1,0,0,0,72,69,15,21,1,103,0,6,125,10,2950,3260,3500,3232.78,515.83,18,111,11,3,137,9.61,1.03,0,140,NA,NA,NA,NA,NA,NA,NA,NA,NA,NA,NA,NA,NA,NA,NA,NA,NA,NA,NA,NA,NA,NA,NA,NA,NA,NA,NA,NA,NA,NA,NA,NA,NA,NA,NA,NA,NA,NA,4.93,NA,49.1289198606272,NA,NA,NA,NA,NA,NA,NA,NA
2015,"MUNICIPIO","2921104",23478,21560,11049,10511,5426,11131,5003,2601,5321,2589,NA,0.625,NA,NA,327,0,311,6,80,87,67,54,25,8,0,0,321,19,24,30,24.98,6.82,0,37,137,120,13,19,49,25,1,245,1,70,255,111,216,321,6,0,1,5,41,257,18,47,257,18,38,39,40,38.49,2.32,2,82,29,39,163,80,247,171,156,315,9,0,47,38,77,49,49,3,5,6,0,45,327,0,0,0,0,167,160,49,25,1,245,1,22,288,17,2950,3250,3550,3211.58,568.96,22,252,41,4,323,8.78,1.17,0,327,NA,NA,NA,NA,NA,NA,NA,NA,NA,NA,NA,NA,NA,NA,NA,NA,NA,NA,NA,NA,NA,NA,NA,NA,NA,NA,NA,NA,NA,NA,NA,NA,NA,NA,NA,NA,NA,NA,18.766,NA,61.4546137943995,NA,NA,NA,NA,NA,NA,NA,NA
2015,"MUNICIPIO","2921203",27536,26475,13197,13278,6952,13913,5610,3376,6921,2981,NA,0.586,NA,NA,385,0,305,6,72,95,97,75,35,5,0,0,379,20,26,30,25.63,6.46,0,29,127,144,18,32,4,7,1,343,0,193,168,150,235,375,8,0,2,2,41,296,17,45,296,17,38,39,40,38.51,2.37,1,104,13,26,219,64,321,238,147,353,20,5,84,33,102,19,44,3,12,8,5,40,385,0,0,0,0,201,184,4,7,1,343,0,36,332,17,2920,3220,3565,3212.3,541.37,23,273,44,9,374,9.56,1.15,1,382,NA,NA,NA,NA,NA,NA,NA,NA,NA,NA,NA,NA,NA,NA,NA,NA,NA,NA,NA,NA,NA,NA,NA,NA,NA,NA,NA,NA,NA,NA,NA,NA,NA,NA,NA,NA,NA,NA,20.084,4.682,55.6277994509464,NA,NA,NA,NA,NA,NA,NA,NA
2015,"MUNICIPIO","2921302",11659,10306,5003,5303,2732,5437,2137,1382,2750,1171,NA,0.628,NA,NA,141,0,80,2,40,29,26,27,15,2,0,0,139,19,24,31,25.21,6.91,2,13,44,62,4,7,8,9,0,99,0,80,56,62,79,137,4,0,0,2,14,108,8,16,108,8,38,39,40,38.67,2.27,0,43,2,13,63,85,56,83,57,137,3,0,38,8,38,10,15,2,0,4,0,16,139,1,0,1,0,61,80,8,9,0,99,0,9,129,3,2855,3200,3550,3194.28,511.15,13,98,14,3,106,9.1,0.9,0,132,NA,NA,NA,NA,NA,NA,NA,NA,NA,NA,NA,NA,NA,NA,NA,NA,NA,NA,NA,NA,NA,NA,NA,NA,NA,NA,NA,NA,NA,NA,NA,NA,NA,NA,NA,NA,NA,NA,10.169,NA,51.2727272727273,NA,NA,NA,NA,NA,NA,NA,NA
2015,"MUNICIPIO","2921401",18039,16279,8176,8103,4688,8381,3210,2270,4187,1646,NA,0.542,NA,NA,195,0,144,3,54,57,46,26,6,3,0,0,192,19,23,28,23.87,6.25,0,16,39,69,2,10,1,3,1,167,0,119,62,96,99,187,7,0,2,3,14,153,13,19,153,13,38,39,40,38.84,2.71,1,81,14,4,85,192,3,142,52,177,6,0,60,9,54,5,20,4,1,7,0,16,191,1,2,1,0,90,105,2,3,1,167,0,22,163,8,2866,3166,3455,3124.17,607.48,22,135,16,8,185,8.94,1.17,2,140,NA,NA,NA,NA,NA,NA,NA,NA,NA,NA,NA,NA,NA,NA,NA,NA,NA,NA,NA,NA,NA,NA,NA,NA,NA,NA,NA,NA,NA,NA,NA,NA,NA,NA,NA,NA,NA,NA,3.279,NA,46.5727251015047,NA,NA,NA,NA,NA,NA,NA,NA
2015,"MUNICIPIO","2921450",9902,10507,5393,5114,2717,5548,2242,1333,2638,1143,NA,0.527,NA,NA,96,0,80,1,13,22,27,25,7,1,0,0,95,22,27,31,26.72,5.95,0,10,36,32,0,8,6,1,0,83,0,38,51,41,55,94,2,0,2,0,7,77,6,9,77,6,38,39,40,38.63,2.49,0,22,6,6,55,96,0,56,40,92,2,0,21,15,23,9,11,1,1,2,0,7,95,0,0,1,0,48,48,6,1,0,83,0,8,81,7,2895,3202.5,3588.75,3180.89,689.75,11,68,10,2,91,9.05,1.2,2,94,NA,NA,NA,NA,NA,NA,NA,NA,NA,NA,NA,NA,NA,NA,NA,NA,NA,NA,NA,NA,NA,NA,NA,NA,NA,NA,NA,NA,NA,NA,NA,NA,NA,NA,NA,NA,NA,NA,2.739,NA,36.3912054586808,NA,NA,NA,NA,NA,NA,NA,NA
2015,"MUNICIPIO","2921500",54733,52338,26586,25752,14993,26311,11034,7436,12764,5552,NA,0.506,NA,NA,715,0,524,4,161,185,169,127,51,16,2,0,711,20,25,30,25.3,6.6,16,120,246,239,8,13,131,10,1,458,0,357,290,296,419,699,12,0,3,7,54,564,43,64,564,43,38,39,40,38.93,2.31,0,175,47,66,396,64,651,437,273,626,62,16,170,45,227,39,47,26,34,12,16,53,701,11,3,0,0,371,344,131,10,1,458,0,47,620,46,2975,3260,3560,3250.22,527.11,47,504,90,5,664,9.24,0.71,3,705,NA,NA,NA,NA,NA,NA,NA,NA,NA,NA,NA,NA,NA,NA,NA,NA,NA,NA,NA,NA,NA,NA,NA,NA,NA,NA,NA,NA,NA,NA,NA,NA,NA,NA,NA,NA,NA,NA,18.979,NA,56.0169225947979,NA,NA,NA,NA,NA,NA,NA,NA
2015,"MUNICIPIO","2921609",8967,8280,4241,4039,2240,4071,1969,1095,1954,990,NA,0.558,NA,NA,101,0,95,0,29,20,24,17,9,2,0,0,101,19,25,30,25.05,6.76,0,9,34,53,2,3,7,8,1,84,0,21,77,36,65,101,0,1,0,0,15,77,8,16,77,8,38,39,40,38.68,3.05,0,28,8,12,52,79,22,71,30,96,4,0,22,6,35,8,10,3,1,0,0,15,91,10,0,0,0,50,51,7,8,1,84,0,10,84,7,2800,3140,3520,3164.19,548.15,11,73,11,1,98,9.22,0.83,2,98,NA,NA,NA,NA,NA,NA,NA,NA,NA,NA,NA,NA,NA,NA,NA,NA,NA,NA,NA,NA,NA,NA,NA,NA,NA,NA,NA,NA,NA,NA,NA,NA,NA,NA,NA,NA,NA,NA,6.239,NA,51.6888433981576,NA,NA,NA,NA,NA,NA,NA,NA
2015,"MUNICIPIO","2921708",36717,35164,17688,17476,10599,17851,6714,5220,8900,3356,NA,0.588,NA,NA,559,0,501,8,141,129,138,91,40,11,1,0,551,19,25,30,24.96,6.72,6,53,235,221,6,30,44,48,1,439,0,178,365,210,349,549,8,0,9,9,57,428,48,75,428,48,38,39,40,38.75,3.05,8,173,35,37,276,121,438,347,209,544,13,1,139,25,165,42,84,8,4,8,1,73,537,18,0,4,0,279,280,44,48,1,439,0,59,468,32,2900,3210,3577.5,3182.26,587.13,51,403,63,13,545,9.01,0.98,5,552,NA,NA,NA,NA,NA,NA,NA,NA,NA,NA,NA,NA,NA,NA,NA,NA,NA,NA,NA,NA,NA,NA,NA,NA,NA,NA,NA,NA,NA,NA,NA,NA,NA,NA,NA,NA,NA,NA,23.383,14.088,62.8089887640449,NA,NA,NA,NA,NA,NA,NA,NA
2015,"MUNICIPIO","2921807",12477,12477,6227,6250,2807,6421,3249,1388,3149,1713,NA,0.618,NA,NA,111,0,82,1,14,26,39,21,7,3,0,0,110,22,26,30,26.43,6.09,0,4,28,45,2,8,9,2,0,99,0,26,83,42,69,109,2,0,0,0,14,93,3,14,93,3,38,39,40,38.77,1.81,0,26,7,7,70,79,32,66,43,107,3,0,20,11,33,12,16,2,1,2,0,12,110,0,0,1,0,68,43,9,2,0,99,0,6,97,8,2900,3200,3550,3238.3,500.75,10,83,15,1,107,9.28,0.75,0,111,NA,NA,NA,NA,NA,NA,NA,NA,NA,NA,NA,NA,NA,NA,NA,NA,NA,NA,NA,NA,NA,NA,NA,NA,NA,NA,NA,NA,NA,NA,NA,NA,NA,NA,NA,NA,NA,NA,7.169,NA,35.2492854874563,NA,NA,NA,NA,NA,NA,NA,NA
2015,"MUNICIPIO","2921906",10244,10545,5228,5317,2843,5747,1955,1415,2847,1055,NA,0.606,NA,NA,180,0,42,3,39,46,45,26,18,2,1,0,177,20,25,30,25.35,6.85,1,10,61,91,1,14,43,50,0,83,0,70,109,72,108,176,4,0,0,1,14,158,6,15,158,6,38,39,40,38.73,1.86,2,46,13,18,98,33,147,82,98,170,6,0,30,31,46,22,25,5,1,4,0,13,174,5,1,0,0,79,101,43,50,0,84,0,10,161,9,2962.5,3242.5,3525,3222.81,534.52,16,140,18,1,45,9.74,0.71,2,178,NA,NA,NA,NA,NA,NA,NA,NA,NA,NA,NA,NA,NA,NA,NA,NA,NA,NA,NA,NA,NA,NA,NA,NA,NA,NA,NA,NA,NA,NA,NA,NA,NA,NA,NA,NA,NA,NA,10.244,6.231,63.2244467860906,NA,NA,NA,NA,NA,NA,NA,NA
2015,"MUNICIPIO","2922003",41068,36026,18186,17840,10660,19973,5393,5246,10018,2576,NA,0.665,NA,NA,615,0,600,12,158,155,151,93,33,13,0,0,603,19,24,29,24.48,6.56,0,38,267,254,17,36,44,42,1,525,0,207,403,255,360,596,18,0,3,1,68,514,29,72,514,29,38,39,40,38.59,2.22,1,149,59,64,331,111,504,333,281,597,17,0,146,77,151,54,95,3,5,18,0,65,614,0,0,1,0,329,286,44,42,1,525,0,46,536,33,2907.5,3205,3542.5,3208.47,519.62,36,493,61,6,608,9.05,0.83,1,613,NA,NA,NA,NA,NA,NA,NA,NA,NA,NA,NA,NA,NA,NA,NA,NA,NA,NA,NA,NA,NA,NA,NA,NA,NA,NA,NA,NA,NA,NA,NA,NA,NA,NA,NA,NA,NA,NA,21.337,10.6,61.3894989019764,NA,NA,NA,NA,NA,NA,NA,NA
2015,"MUNICIPIO","2922052",12200,12249,6175,6074,3879,6354,2016,1911,3076,1087,NA,0.566,NA,NA,191,0,184,3,60,41,45,28,10,4,0,0,188,18,23,29,24.03,6.74,2,23,62,90,2,9,5,3,0,180,0,86,105,87,104,189,2,0,1,2,12,158,17,15,158,17,38,39,40,38.96,2.31,0,55,12,25,91,50,141,133,58,183,7,0,66,11,73,3,14,4,2,2,0,14,188,1,1,1,0,90,101,5,3,0,180,0,14,158,19,3000,3340,3660,3307.98,544.11,11,141,30,5,186,9.18,1.11,1,190,NA,NA,NA,NA,NA,NA,NA,NA,NA,NA,NA,NA,NA,NA,NA,NA,NA,NA,NA,NA,NA,NA,NA,NA,NA,NA,NA,NA,NA,NA,NA,NA,NA,NA,NA,NA,NA,NA,7.095,NA,62.0936280884265,NA,NA,NA,NA,NA,NA,NA,NA
2015,"MUNICIPIO","2922102",27165,24395,12365,12030,6993,12698,4704,3424,6093,2513,NA,0.59,NA,NA,236,0,162,6,62,54,54,40,15,5,0,0,230,19,24,30,24.63,6.64,2,21,100,62,5,7,14,25,0,149,0,138,88,106,130,230,6,0,1,7,17,180,18,25,180,18,38,39,40,38.74,2.61,0,58,18,20,84,119,117,171,63,225,7,0,60,25,64,17,22,3,3,6,0,21,234,1,0,1,0,124,112,14,25,0,149,0,24,197,15,2874.5,3189,3565,3164.81,633.84,20,164,26,3,216,9.21,0.82,3,224,NA,NA,NA,NA,NA,NA,NA,NA,NA,NA,NA,NA,NA,NA,NA,NA,NA,NA,NA,NA,NA,NA,NA,NA,NA,NA,NA,NA,NA,NA,NA,NA,NA,NA,NA,NA,NA,NA,17.951,NA,38.7329722632529,NA,NA,NA,NA,NA,NA,NA,NA
2015,"MUNICIPIO","2922201",7893,7317,3681,3636,1646,4166,1505,805,2014,817,NA,0.617,NA,NA,80,0,39,0,11,20,18,23,4,3,1,0,80,21.75,27,33,27.18,6.85,1,3,22,46,0,8,5,15,0,59,0,59,20,40,40,80,0,0,0,1,11,64,4,12,64,4,38,39,40,38.54,2.27,0,22,13,12,32,80,0,39,41,79,1,0,20,14,10,9,14,0,1,0,0,12,78,2,0,0,0,42,38,5,15,0,59,0,9,69,2,2901.5,3182.5,3561.25,3182.31,602.36,7,66,6,0,40,9.45,0.68,0,80,NA,NA,NA,NA,NA,NA,NA,NA,NA,NA,NA,NA,NA,NA,NA,NA,NA,NA,NA,NA,NA,NA,NA,NA,NA,NA,NA,NA,NA,NA,NA,NA,NA,NA,NA,NA,NA,NA,3.773,NA,39.7219463753724,NA,NA,NA,NA,NA,NA,NA,NA
2015,"MUNICIPIO","2922250",11495,10272,5449,4823,3512,5238,1522,1668,2462,693,NA,0.549,NA,NA,187,0,151,2,44,56,39,34,9,3,0,0,185,20,24,29,24.58,6.11,1,15,48,109,3,10,4,7,0,156,0,42,143,57,130,182,5,0,1,3,14,154,12,18,154,12,38,39,40,38.86,2.39,0,64,24,16,76,187,0,141,45,176,8,2,37,12,80,12,16,2,5,3,2,14,178,9,0,0,0,104,83,4,7,0,156,0,10,166,11,2980,3215,3572.5,3243.9,525.47,10,147,17,3,180,8.7,0.86,1,176,NA,NA,NA,NA,NA,NA,NA,NA,NA,NA,NA,NA,NA,NA,NA,NA,NA,NA,NA,NA,NA,NA,NA,NA,NA,NA,NA,NA,NA,NA,NA,NA,NA,NA,NA,NA,NA,NA,2.648,1.342,75.9545085296507,NA,NA,NA,NA,NA,NA,NA,NA
2015,"MUNICIPIO","2922300",30743,28899,13726,15173,7049,16255,5595,3547,8347,3279,NA,0.66,NA,NA,303,0,147,2,60,79,60,63,33,5,1,0,301,20,26,32,26.12,7.02,1,19,73,187,7,6,9,42,1,214,0,166,128,141,162,297,5,1,0,2,33,225,20,36,225,20,38,39,40,38.81,2.52,1,57,32,25,166,296,7,157,146,290,4,1,89,21,74,9,40,1,3,5,1,34,295,4,2,2,0,170,133,9,42,1,214,0,29,252,22,2910,3275,3570,3212.72,623,15,210,39,9,180,9.07,1.64,2,298,NA,NA,NA,NA,NA,NA,NA,NA,NA,NA,NA,NA,NA,NA,NA,NA,NA,NA,NA,NA,NA,NA,NA,NA,NA,NA,NA,NA,NA,NA,NA,NA,NA,NA,NA,NA,NA,NA,24.552,8.912,36.3004672337367,NA,NA,NA,NA,NA,NA,NA,NA
2015,"MUNICIPIO","2922409",22833,21449,10597,10852,5288,11748,4413,2608,5887,2357,NA,0.601,NA,NA,259,0,151,3,45,62,67,48,29,4,1,0,256,21,26,31,26.09,6.79,1,23,92,103,10,18,15,27,0,197,0,146,96,122,137,248,8,1,2,1,24,215,8,28,215,8,38,39,40,38.66,2.55,0,74,18,20,114,140,119,135,123,247,6,1,67,33,64,20,29,4,1,8,1,21,253,4,2,0,0,131,128,15,27,0,197,0,27,217,15,2932.5,3240,3482.5,3185.64,607.47,20,190,30,9,181,8.74,1.27,0,254,NA,NA,NA,NA,NA,NA,NA,NA,NA,NA,NA,NA,NA,NA,NA,NA,NA,NA,NA,NA,NA,NA,NA,NA,NA,NA,NA,NA,NA,NA,NA,NA,NA,NA,NA,NA,NA,NA,11.621,9.229,43.9952437574316,NA,NA,NA,NA,NA,NA,NA,NA
2015,"MUNICIPIO","2922508",29406,27274,13225,14049,6717,15402,5155,3332,7807,2910,NA,0.641,NA,NA,342,0,231,3,69,87,84,76,18,5,0,0,339,20,26,30,25.46,6.3,1,10,114,187,6,17,10,56,2,262,1,202,135,143,199,331,11,1,2,8,24,281,11,35,281,11,38,39,40,38.56,2.8,1,87,39,40,161,203,139,198,144,320,17,1,76,49,82,26,47,7,4,11,1,21,324,17,1,0,0,162,180,10,56,2,262,1,32,290,20,2910,3315,3600,3207.76,663.75,21,250,43,3,252,8.91,0.95,1,338,NA,NA,NA,NA,NA,NA,NA,NA,NA,NA,NA,NA,NA,NA,NA,NA,NA,NA,NA,NA,NA,NA,NA,NA,NA,NA,NA,NA,NA,NA,NA,NA,NA,NA,NA,NA,NA,NA,24.777,24.651,43.8068400153708,NA,NA,NA,NA,NA,NA,NA,NA
2015,"MUNICIPIO","2922607",14188,12530,6464,6066,3594,6793,2143,1798,3236,1032,NA,0.547,NA,NA,204,0,179,4,58,52,54,23,11,2,0,0,200,19,23,27.25,23.81,6.31,3,26,64,77,5,8,11,20,2,154,0,95,107,83,121,204,0,0,2,0,12,174,12,14,174,12,39,39,40,39.06,2.29,2,48,25,38,69,187,17,147,56,167,13,7,53,15,51,12,19,5,8,0,7,14,185,17,2,0,0,111,93,12,22,2,168,0,14,176,14,2960,3259.5,3600,3256.16,524.33,22,149,23,24,176,8.29,1.51,1,202,NA,NA,NA,NA,NA,NA,NA,NA,NA,NA,NA,NA,NA,NA,NA,NA,NA,NA,NA,NA,NA,NA,NA,NA,NA,NA,NA,NA,NA,NA,NA,NA,NA,NA,NA,NA,NA,NA,3.574,NA,63.0407911001236,NA,NA,NA,NA,NA,NA,NA,NA
2015,"MUNICIPIO","2922656",13321,12371,6407,5964,3599,6256,2516,1727,3027,1210,NA,0.56,NA,NA,172,0,140,2,40,49,40,22,17,2,0,0,170,20,24,29,24.78,6.61,2,26,54,58,5,5,3,2,0,146,0,75,89,63,109,167,4,0,0,1,16,136,12,17,136,12,38,39,40,38.91,2.14,0,37,9,19,93,88,84,96,76,165,6,0,47,5,62,9,19,1,4,4,0,13,104,67,1,0,0,89,83,3,2,0,146,0,11,146,15,2983.75,3212.5,3550,3230.51,520.08,14,122,18,0,169,9.21,0.56,0,172,NA,NA,NA,NA,NA,NA,NA,NA,NA,NA,NA,NA,NA,NA,NA,NA,NA,NA,NA,NA,NA,NA,NA,NA,NA,NA,NA,NA,NA,NA,NA,NA,NA,NA,NA,NA,NA,NA,9.378,NA,56.8219359101421,NA,NA,NA,NA,NA,NA,NA,NA
2015,"MUNICIPIO","2922706",17082,16713,8571,8142,4480,8227,4006,2187,3963,1992,NA,0.545,NA,NA,178,0,169,1,42,49,32,38,15,1,0,0,177,20,24,31,25.26,6.56,4,42,60,59,6,4,14,12,0,151,0,85,91,56,122,174,4,0,0,2,15,136,24,17,136,24,38,39,40,39.05,2.35,1,68,24,25,55,55,123,133,45,178,0,0,36,15,75,11,19,0,0,4,0,17,178,0,0,0,0,85,93,14,12,0,151,0,5,155,18,3000,3347.5,3600,3321.8,495.57,4,135,26,3,169,9.05,0.7,0,177,NA,NA,NA,NA,NA,NA,NA,NA,NA,NA,NA,NA,NA,NA,NA,NA,NA,NA,NA,NA,NA,NA,NA,NA,NA,NA,NA,NA,NA,NA,NA,NA,NA,NA,NA,NA,NA,NA,7.451,NA,44.9154680797376,NA,NA,NA,NA,NA,NA,NA,NA
2015,"MUNICIPIO","2922730",8125,7602,3793,3809,1760,4099,1743,855,2069,885,NA,0.597,NA,NA,94,0,55,1,14,31,19,16,11,2,0,0,93,20.25,25,31,25.86,6.53,0,8,32,45,3,0,8,3,0,65,0,38,52,49,45,93,0,0,0,1,12,61,6,13,61,6,38,39,39.25,38.58,2.19,1,15,4,10,41,94,0,53,41,91,1,1,26,10,11,9,9,0,1,0,1,13,90,4,0,0,0,46,47,8,3,0,65,0,6,80,8,2986.25,3300,3642.5,3297.68,623.24,3,53,19,0,87,9.21,0.67,0,88,NA,NA,NA,NA,NA,NA,NA,NA,NA,NA,NA,NA,NA,NA,NA,NA,NA,NA,NA,NA,NA,NA,NA,NA,NA,NA,NA,NA,NA,NA,NA,NA,NA,NA,NA,NA,NA,NA,8.125,NA,45.4325761237313,NA,NA,NA,NA,NA,NA,NA,NA
2015,"MUNICIPIO","2922755",7036,6648,3492,3156,1795,3582,1271,891,1693,572,NA,0.57,NA,NA,74,0,67,3,16,7,21,15,12,0,0,0,71,19.25,26,31.75,26.38,7.17,0,12,24,30,2,4,5,7,0,62,0,32,41,24,50,72,1,0,0,1,10,57,3,11,57,3,38,39,40,38.82,2.32,0,32,8,11,19,73,1,40,34,71,3,0,15,5,20,6,11,2,1,1,0,9,73,0,1,0,0,37,37,5,7,0,62,0,6,57,11,3150,3480,3800,3410.32,654.46,2,50,17,2,70,8.83,1.4,0,74,NA,NA,NA,NA,NA,NA,NA,NA,NA,NA,NA,NA,NA,NA,NA,NA,NA,NA,NA,NA,NA,NA,NA,NA,NA,NA,NA,NA,NA,NA,NA,NA,NA,NA,NA,NA,NA,NA,2.933,NA,43.7093916125222,NA,NA,NA,NA,NA,NA,NA,NA
2015,"MUNICIPIO","2922805",8312,7435,3771,3664,2258,3820,1357,1072,1875,717,NA,0.524,NA,NA,103,0,87,0,29,23,26,18,4,3,0,0,103,19,24,29,24.79,6.62,3,20,31,42,3,3,7,12,1,79,1,41,61,43,60,103,0,0,1,2,10,73,8,13,73,8,38,39,40,38.74,2.85,0,36,4,6,50,103,0,59,44,99,3,0,29,4,26,2,18,2,1,0,0,11,101,1,0,1,0,46,57,7,12,1,79,1,4,94,5,2982.5,3310,3707.5,3274.69,557.08,9,68,15,1,101,9.56,0.73,0,99,NA,NA,NA,NA,NA,NA,NA,NA,NA,NA,NA,NA,NA,NA,NA,NA,NA,NA,NA,NA,NA,NA,NA,NA,NA,NA,NA,NA,NA,NA,NA,NA,NA,NA,NA,NA,NA,NA,4.449,NA,54.9333333333333,NA,NA,NA,NA,NA,NA,NA,NA
2015,"MUNICIPIO","2922854",9470,8034,4069,3965,2119,4304,1611,1024,2104,837,NA,0.567,NA,NA,85,0,71,1,18,25,17,13,10,1,0,0,84,20,24,30,25.4,6.57,1,10,22,44,2,2,3,7,0,72,0,64,18,28,57,83,2,0,0,1,9,68,1,10,68,1,38,39,40,38.65,1.99,1,19,16,15,32,78,7,54,31,78,5,0,16,8,26,6,7,2,3,2,0,8,78,7,0,0,0,44,41,3,7,0,72,0,8,74,3,2980,3200,3500,3202.46,429.57,4,64,9,2,82,9.46,0.94,0,84,NA,NA,NA,NA,NA,NA,NA,NA,NA,NA,NA,NA,NA,NA,NA,NA,NA,NA,NA,NA,NA,NA,NA,NA,NA,NA,NA,NA,NA,NA,NA,NA,NA,NA,NA,NA,NA,NA,6.497,NA,40.3992395437262,NA,NA,NA,NA,NA,NA,NA,NA
2015,"MUNICIPIO","2922904",25854,24136,12130,12006,7161,11891,5084,3471,5848,2687,NA,0.555,NA,NA,279,0,186,3,66,77,59,34,29,10,1,0,276,20,24,30,25.35,7.1,17,48,77,91,2,8,14,33,0,180,0,197,71,104,175,271,4,0,4,3,24,212,16,31,212,16,38,39,40,38.59,2.76,1,114,16,24,87,186,93,220,55,258,10,0,68,10,109,7,22,4,5,4,0,26,271,0,7,1,0,145,134,14,33,0,182,0,17,239,20,2907.5,3250,3500,3224.52,552.64,14,205,31,5,243,9.26,0.88,5,263,NA,NA,NA,NA,NA,NA,NA,NA,NA,NA,NA,NA,NA,NA,NA,NA,NA,NA,NA,NA,NA,NA,NA,NA,NA,NA,NA,NA,NA,NA,NA,NA,NA,NA,NA,NA,NA,NA,13.981,NA,47.7086183310534,NA,NA,NA,NA,NA,NA,NA,NA
2015,"MUNICIPIO","2923001",43216,38556,19418,19138,11586,20466,6504,5555,10246,3337,NA,0.654,NA,NA,698,0,615,7,169,189,170,99,53,11,0,0,691,19,24,29,24.68,6.52,11,66,222,345,14,31,65,176,0,439,8,170,478,256,442,671,26,0,2,6,58,561,41,66,561,41,38,39,40,38.83,2.14,2,186,54,61,348,227,471,372,324,674,18,2,129,77,184,95,85,6,10,26,2,54,683,10,5,0,0,344,354,65,176,0,439,8,42,617,38,2940,3280,3570,3242.07,526.24,45,515,69,8,686,9.1,0.88,2,693,NA,NA,NA,NA,NA,NA,NA,NA,NA,NA,NA,NA,NA,NA,NA,NA,NA,NA,NA,NA,NA,NA,NA,NA,NA,NA,NA,NA,NA,NA,NA,NA,NA,NA,NA,NA,NA,NA,29.482,1.833,68.1241460081983,NA,NA,NA,NA,NA,NA,NA,NA
2015,"MUNICIPIO","2923035",12238,10673,5502,5171,2622,5646,2405,1278,2694,1199,NA,0.597,NA,NA,124,0,107,1,19,36,23,33,11,0,1,0,123,21,26,30.25,26.35,6.17,0,10,25,80,3,1,13,2,1,107,0,29,91,49,75,121,2,0,0,2,17,95,5,19,95,5,38,39,40,38.35,2.28,0,15,14,15,72,124,0,39,83,51,19,47,18,2,12,3,5,5,14,0,47,9,123,1,0,0,0,60,64,13,2,1,107,0,7,111,6,3000,3300,3600,3261.77,455.19,2,101,12,0,121,8.35,0.76,1,117,NA,NA,NA,NA,NA,NA,NA,NA,NA,NA,NA,NA,NA,NA,NA,NA,NA,NA,NA,NA,NA,NA,NA,NA,NA,NA,NA,NA,NA,NA,NA,NA,NA,NA,NA,NA,NA,NA,221,NA,46.0282108389013,NA,NA,NA,NA,NA,NA,NA,NA
2015,"MUNICIPIO","2923050",15993,15051,7533,7518,4133,8147,2771,2003,4169,1346,NA,0.554,NA,NA,82,0,65,1,22,18,18,13,4,5,1,0,81,19,24.5,30.75,25.54,7.88,1,8,31,31,0,0,11,11,0,56,0,59,22,33,49,81,0,0,0,0,10,63,5,10,63,5,38,39,40,38.9,1.84,0,28,3,7,41,81,1,57,24,80,1,0,23,3,30,2,10,0,1,0,0,9,81,0,1,0,0,47,35,11,11,0,56,0,9,62,10,3000,3200,3500,3225.17,594.5,8,61,9,1,76,9.1,0.66,1,79,NA,NA,NA,NA,NA,NA,NA,NA,NA,NA,NA,NA,NA,NA,NA,NA,NA,NA,NA,NA,NA,NA,NA,NA,NA,NA,NA,NA,NA,NA,NA,NA,NA,NA,NA,NA,NA,NA,7.487,NA,19.6689853681938,NA,NA,NA,NA,NA,NA,NA,NA
2015,"MUNICIPIO","2923100",26817,24943,12290,12653,7186,12936,4821,3610,6511,2532,NA,0.559,NA,NA,299,0,212,0,69,82,65,38,34,11,0,0,299,20,24,30,25.69,6.97,7,57,117,93,2,9,21,29,1,221,0,175,115,104,195,285,11,0,1,3,23,224,14,27,224,14,38,39,40,38.8,2.43,3,100,30,22,112,200,99,235,62,286,8,0,63,17,105,18,21,3,4,11,0,22,296,1,1,1,0,131,168,21,29,1,221,0,19,251,28,3000,3351.5,3647.5,3314.01,561.68,12,198,42,2,262,9.32,0.81,4,289,NA,NA,NA,NA,NA,NA,NA,NA,NA,NA,NA,NA,NA,NA,NA,NA,NA,NA,NA,NA,NA,NA,NA,NA,NA,NA,NA,NA,NA,NA,NA,NA,NA,NA,NA,NA,NA,NA,14.838,10,45.9222853632315,NA,NA,NA,NA,NA,NA,NA,NA
2015,"MUNICIPIO","2923209",22774,21831,11131,10700,5973,10831,5027,2911,5220,2569,NA,0.554,NA,NA,227,0,164,3,48,60,51,39,22,4,0,0,224,20,25,31,25.64,6.74,0,15,73,101,5,2,10,10,0,194,0,53,172,87,140,222,2,1,3,5,22,166,23,31,166,23,38,39,40,38.65,3.3,0,68,15,22,113,121,106,176,48,213,9,1,58,9,83,7,22,5,4,2,1,25,119,107,0,1,0,115,111,10,10,0,194,0,15,198,14,3012.5,3260,3627.5,3257.11,584.23,12,163,29,4,220,8.88,1.12,2,218,NA,NA,NA,NA,NA,NA,NA,NA,NA,NA,NA,NA,NA,NA,NA,NA,NA,NA,NA,NA,NA,NA,NA,NA,NA,NA,NA,NA,NA,NA,NA,NA,NA,NA,NA,NA,NA,NA,6.858,NA,43.4865900383142,NA,NA,NA,NA,NA,NA,NA,NA
2015,"MUNICIPIO","2923308",8839,8298,4217,4081,1966,4632,1700,987,2172,922,NA,0.607,NA,NA,107,0,74,1,19,24,27,22,7,7,0,0,106,20.5,27,31.5,26.79,7.15,2,14,33,46,2,6,3,19,1,59,1,79,23,39,68,107,0,0,0,2,14,66,15,16,66,15,37,39,41,38.81,2.69,0,30,10,8,38,88,19,92,15,104,1,0,22,9,35,8,5,0,1,0,0,16,105,0,1,1,0,53,54,3,19,1,59,1,9,92,5,2892.5,3167.5,3527.5,3211.71,528.14,10,68,15,0,100,9.42,0.65,1,102,NA,NA,NA,NA,NA,NA,NA,NA,NA,NA,NA,NA,NA,NA,NA,NA,NA,NA,NA,NA,NA,NA,NA,NA,NA,NA,NA,NA,NA,NA,NA,NA,NA,NA,NA,NA,NA,NA,6.214,1,49.2633517495396,NA,NA,NA,NA,NA,NA,NA,NA
2015,"MUNICIPIO","2923357",17775,16425,8362,8063,5019,8652,2754,2472,4253,1338,NA,0.56,NA,NA,274,0,204,6,64,85,63,38,15,3,0,0,268,19,23,28.75,24.13,6.2,0,22,80,119,5,3,6,0,1,237,0,108,140,121,153,270,4,0,4,2,22,197,27,28,197,27,38,39,40,38.88,2.76,0,84,14,29,114,133,141,208,66,255,7,2,81,10,85,10,21,0,5,4,2,26,271,3,0,0,0,134,140,6,0,1,237,0,13,253,8,2930.75,3270,3570,3225.82,493,25,190,26,5,268,9.06,0.87,2,243,NA,NA,NA,NA,NA,NA,NA,NA,NA,NA,NA,NA,NA,NA,NA,NA,NA,NA,NA,NA,NA,NA,NA,NA,NA,NA,NA,NA,NA,NA,NA,NA,NA,NA,NA,NA,NA,NA,7.76,NA,64.4251116858688,NA,NA,NA,NA,NA,NA,NA,NA
2015,"MUNICIPIO","2923407",22416,20775,10599,10176,5128,11477,4170,2537,5522,2117,NA,0.586,NA,NA,267,0,238,2,43,63,68,59,27,4,1,0,265,21.5,26,31,26.4,6.49,6,31,97,114,10,8,37,34,0,194,1,30,236,112,155,263,4,0,2,4,37,201,19,43,201,19,38,39,40,38.46,2.81,1,69,15,17,158,92,175,172,95,258,6,0,54,40,71,22,24,3,2,4,0,41,267,0,0,0,0,144,123,37,34,0,194,1,35,221,11,2800,3140,3435,3089.13,596.54,27,196,30,4,240,9.51,0.96,4,263,NA,NA,NA,NA,NA,NA,NA,NA,NA,NA,NA,NA,NA,NA,NA,NA,NA,NA,NA,NA,NA,NA,NA,NA,NA,NA,NA,NA,NA,NA,NA,NA,NA,NA,NA,NA,NA,NA,10.935,NA,48.3520463600145,NA,NA,NA,NA,NA,NA,NA,NA
2015,"MUNICIPIO","2923506",9130,8410,4174,4236,2451,4310,1649,1169,2172,895,NA,0.643,NA,NA,152,0,101,3,28,30,48,25,16,0,2,0,149,20,25,30.25,25.74,6.94,0,11,46,47,3,12,2,8,0,114,0,51,98,70,82,151,1,0,0,0,7,125,9,7,125,9,38,39,40,39.31,1.64,0,38,10,10,53,126,26,85,66,116,8,0,36,4,39,3,19,3,4,1,0,6,123,5,24,0,0,72,80,19,8,1,122,0,6,134,11,2915,3220,3557.5,3249.63,519.43,9,91,11,2,141,8.9,0.8,2,150,NA,NA,NA,NA,NA,NA,NA,NA,NA,NA,NA,NA,NA,NA,NA,NA,NA,NA,NA,NA,NA,NA,NA,NA,NA,NA,NA,NA,NA,NA,NA,NA,NA,NA,NA,NA,NA,NA,5.213,3.216,69.9815837937385,NA,NA,NA,NA,NA,NA,NA,NA
2015,"MUNICIPIO","2923605",22077,21001,10565,10436,4494,11655,4852,2188,5744,2504,NA,0.615,NA,NA,216,0,59,0,37,50,56,50,21,2,0,0,216,21,27,31.25,26.5,6.19,0,17,48,124,4,19,51,42,1,113,0,54,157,91,125,214,0,0,4,0,6,189,17,10,189,17,38,39,40,39,2.65,1,50,7,20,117,8,208,87,129,205,4,0,71,11,46,3,63,1,3,0,0,10,213,3,0,0,0,117,99,51,42,1,113,0,12,195,9,2990,3255,3565,3244.39,544.03,16,168,22,1,62,8.89,0.67,0,211,NA,NA,NA,NA,NA,NA,NA,NA,NA,NA,NA,NA,NA,NA,NA,NA,NA,NA,NA,NA,NA,NA,NA,NA,NA,NA,NA,NA,NA,NA,NA,NA,NA,NA,NA,NA,NA,NA,22.077,NA,37.6044568245125,NA,NA,NA,NA,NA,NA,NA,NA
2015,"MUNICIPIO","2923704",32636,29504,14930,14574,8601,15329,5574,4254,7422,2898,NA,0.59,NA,NA,431,0,362,4,88,104,102,83,37,11,2,0,427,20,25,31,25.84,6.78,5,42,99,237,5,19,28,17,0,340,0,111,294,160,271,426,4,2,4,7,29,349,38,42,349,38,38,39,40,38.84,3,0,111,23,28,243,154,277,337,94,404,20,0,108,23,164,24,38,8,12,4,0,40,371,59,1,0,0,229,202,28,17,0,340,0,27,380,24,3000,3250,3550,3239.27,506.45,29,324,55,9,416,9.3,0.91,4,402,NA,NA,NA,NA,NA,NA,NA,NA,NA,NA,NA,NA,NA,NA,NA,NA,NA,NA,NA,NA,NA,NA,NA,NA,NA,NA,NA,NA,NA,NA,NA,NA,NA,NA,NA,NA,NA,NA,NA,NA,58.0706009161951,NA,NA,NA,NA,NA,NA,NA,NA
2015,"MUNICIPIO","2923803",29878,27778,13670,14108,7221,14583,5974,3613,7257,3238,NA,0.577,NA,NA,290,0,255,3,51,81,70,47,32,6,0,0,287,21,25,31,25.87,6.55,6,54,92,94,17,18,48,1,2,222,0,91,193,134,156,281,7,0,3,4,37,229,10,44,229,10,38,39,40,38.36,2.78,1,54,46,29,152,262,28,168,120,279,9,0,60,49,57,31,32,4,5,7,0,38,267,22,0,1,0,160,130,48,1,2,222,0,28,250,12,2985,3267.5,3550,3194.6,592.13,15,226,31,5,283,9.42,1.13,3,287,NA,NA,NA,NA,NA,NA,NA,NA,NA,NA,NA,NA,NA,NA,NA,NA,NA,NA,NA,NA,NA,NA,NA,NA,NA,NA,NA,NA,NA,NA,NA,NA,NA,NA,NA,NA,NA,NA,20.061,NA,39.9614165633182,NA,NA,NA,NA,NA,NA,NA,NA
2015,"MUNICIPIO","2923902",10905,10852,5495,5357,3453,5293,2106,1710,2628,1019,NA,0.583,NA,NA,162,0,161,8,47,41,35,22,8,1,0,0,154,19,22,28,23.41,6.35,5,19,57,77,3,1,6,14,0,108,34,103,59,50,112,160,2,1,0,2,9,141,9,12,141,9,38,39,40,38.97,2.5,4,42,14,17,81,139,23,129,33,161,1,0,17,27,62,21,20,0,1,2,0,12,161,0,0,1,0,89,73,6,14,0,108,34,19,132,11,2967,3234,3600,3243.26,614.51,15,123,19,1,160,9.27,0.95,2,160,NA,NA,NA,NA,NA,NA,NA,NA,NA,NA,NA,NA,NA,NA,NA,NA,NA,NA,NA,NA,NA,NA,NA,NA,NA,NA,NA,NA,NA,NA,NA,NA,NA,NA,NA,NA,NA,NA,8.321,NA,61.6438356164384,NA,NA,NA,NA,NA,NA,NA,NA
2015,"MUNICIPIO","2924009",119214,108396,51970,56426,28002,59933,20461,13809,31426,11191,NA,0.674,NA,NA,1988,0,1726,22,420,499,491,344,171,38,3,0,1966,20,25,30,25.55,6.62,15,151,634,935,86,158,51,11,0,1867,4,631,1328,872,1116,1956,30,4,9,24,228,1587,134,265,1587,134,38,39,40,38.66,2.6,5,464,197,240,949,106,1882,944,1044,1783,72,4,593,97,513,94,235,25,41,30,4,227,1865,109,13,1,0,1015,973,51,11,0,1867,4,151,1709,127,2905,3230,3535,3203.96,556.69,153,1521,228,45,1935,9.13,0.98,11,1974,NA,NA,NA,NA,NA,NA,NA,NA,NA,NA,NA,NA,NA,NA,NA,NA,NA,NA,NA,NA,NA,NA,NA,NA,NA,NA,NA,NA,NA,NA,NA,NA,NA,NA,NA,NA,NA,NA,104.423,33.848,63.2597212499205,NA,NA,NA,NA,NA,NA,NA,NA
2015,"MUNICIPIO","2924058",14471,13752,6817,6935,3613,7166,2973,1793,3623,1519,NA,0.587,NA,NA,170,0,125,2,31,42,45,28,16,5,1,0,168,20,25,30,26.13,6.98,1,20,55,76,6,7,18,17,0,124,0,66,101,77,93,169,0,1,1,1,9,127,8,12,127,8,38,39,40,38.69,2.66,0,24,9,16,101,167,3,103,67,163,3,1,45,18,38,15,15,3,0,0,1,10,166,4,0,0,0,91,79,18,17,0,124,0,10,149,11,3100,3400,3700,3345.04,500.51,12,109,18,0,160,9.17,0.6,0,166,NA,NA,NA,NA,NA,NA,NA,NA,NA,NA,NA,NA,NA,NA,NA,NA,NA,NA,NA,NA,NA,NA,NA,NA,NA,NA,NA,NA,NA,NA,NA,NA,NA,NA,NA,NA,NA,NA,8.829,NA,46.9224399668783,NA,NA,NA,NA,NA,NA,NA,NA
2015,"MUNICIPIO","2924108",7568,6876,3394,3482,1785,3525,1566,887,1731,864,NA,0.588,NA,NA,74,0,46,1,12,22,12,16,9,2,0,0,73,22,26,33,26.53,7.11,0,12,23,34,0,4,1,14,0,36,0,51,19,34,40,74,0,0,1,0,5,57,7,6,57,7,39,39,40,39.2,2.5,0,18,7,11,30,74,0,61,13,71,2,0,19,10,18,8,6,1,1,0,0,6,74,0,0,0,0,34,40,1,14,0,36,0,9,58,7,2882.5,3172.5,3607.5,3214.26,675.18,11,47,9,1,68,9.65,0.74,0,69,NA,NA,NA,NA,NA,NA,NA,NA,NA,NA,NA,NA,NA,NA,NA,NA,NA,NA,NA,NA,NA,NA,NA,NA,NA,NA,NA,NA,NA,NA,NA,NA,NA,NA,NA,NA,NA,NA,2.694,NA,42.7498555748123,NA,NA,NA,NA,NA,NA,NA,NA
2015,"MUNICIPIO","2924207",18135,16995,8683,8312,5377,9138,2480,2655,4460,1197,NA,0.513,NA,NA,180,0,156,1,42,45,39,29,19,5,0,0,179,20,25,30.25,25.67,6.86,6,49,55,61,0,6,5,1,0,169,0,58,119,68,112,176,4,0,0,1,8,155,5,9,155,5,39,39,40,38.94,1.62,0,48,12,22,85,167,13,117,63,172,3,0,49,14,60,7,20,1,2,4,0,8,165,13,2,0,0,91,89,5,1,0,169,0,16,150,14,2910,3265,3522.5,3231.07,551.42,15,129,21,4,172,9.23,1.02,2,177,NA,NA,NA,NA,NA,NA,NA,NA,NA,NA,NA,NA,NA,NA,NA,NA,NA,NA,NA,NA,NA,NA,NA,NA,NA,NA,NA,NA,NA,NA,NA,NA,NA,NA,NA,NA,NA,NA,5.697,NA,40.3587443946188,NA,NA,NA,NA,NA,NA,NA,NA
2015,"MUNICIPIO","2924306",18473,17982,8734,9248,4830,8757,4395,2328,4516,2404,NA,0.571,NA,NA,309,0,295,0,46,72,81,66,39,5,0,0,309,21,27,32,26.83,6.41,4,52,79,148,4,17,19,16,2,269,0,57,245,114,195,307,2,0,4,2,29,249,22,35,249,22,38,39,40,38.65,2.54,3,93,20,37,145,49,260,209,100,292,10,1,66,37,82,35,37,3,7,2,1,31,297,12,0,0,0,170,139,19,16,2,269,0,24,267,18,2900,3280,3550,3224.56,542.4,26,229,40,5,303,9.51,1.05,0,309,NA,NA,NA,NA,NA,NA,NA,NA,NA,NA,NA,NA,NA,NA,NA,NA,NA,NA,NA,NA,NA,NA,NA,NA,NA,NA,NA,NA,NA,NA,NA,NA,NA,NA,NA,NA,NA,NA,NA,NA,68.4233835252436,NA,NA,NA,NA,NA,NA,NA,NA
2015,"MUNICIPIO","2924405",35428,32860,16683,16177,10481,16477,5902,5109,8056,3012,NA,0.506,NA,NA,593,0,565,9,148,178,136,84,31,5,2,0,584,19,23,29,24.25,6.24,7,167,206,168,12,29,12,1,0,574,1,114,478,216,377,587,2,0,0,5,62,467,41,67,467,41,38,39,40,38.9,2.17,6,236,89,94,136,112,481,256,337,578,9,2,163,22,181,15,113,6,3,2,2,66,589,1,3,0,0,284,309,12,1,0,574,1,39,523,28,2950,3205,3550,3217.27,518.19,49,443,63,7,583,9.06,0.87,4,586,NA,NA,NA,NA,NA,NA,NA,NA,NA,NA,NA,NA,NA,NA,NA,NA,NA,NA,NA,NA,NA,NA,NA,NA,NA,NA,NA,NA,NA,NA,NA,NA,NA,NA,NA,NA,NA,NA,NA,NA,73.609731876862,NA,NA,NA,NA,NA,NA,NA,NA
2015,"MUNICIPIO","2924504",16805,15628,8017,7611,3631,8544,3453,1730,4125,1756,NA,0.603,NA,NA,167,0,146,1,18,43,55,23,22,5,0,0,166,22,27,31,27.02,6.39,0,18,29,91,3,13,25,16,0,110,0,13,149,68,99,159,7,0,0,1,10,139,6,11,139,6,38,39,40,38.68,1.86,0,14,6,11,122,28,139,46,120,142,13,1,44,4,47,4,31,5,4,7,1,9,165,2,0,0,0,86,81,25,16,0,110,0,11,149,7,3000,3250,3510,3217.35,512.44,13,121,11,3,162,9.05,0.65,0,167,NA,NA,NA,NA,NA,NA,NA,NA,NA,NA,NA,NA,NA,NA,NA,NA,NA,NA,NA,NA,NA,NA,NA,NA,NA,NA,NA,NA,NA,NA,NA,NA,NA,NA,NA,NA,NA,NA,4.41,NA,40.4848484848485,NA,NA,NA,NA,NA,NA,NA,NA
2015,"MUNICIPIO","2924603",21062,20121,10329,9792,5696,10512,3913,2733,5135,1924,NA,0.577,NA,NA,253,0,206,5,69,65,59,28,20,7,0,0,248,19,24,29,24.53,6.95,0,23,82,113,8,6,18,6,0,207,0,60,188,107,146,245,3,1,0,2,33,195,14,36,195,14,38,39,40,38.53,2.77,0,74,18,13,73,104,149,191,60,212,10,0,41,23,53,33,20,7,2,3,0,34,251,1,0,1,0,108,145,20,11,0,217,0,34,210,9,2850,3230,3500,3139.14,614.97,20,176,31,3,240,9.2,1.1,2,242,NA,NA,NA,NA,NA,NA,NA,NA,NA,NA,NA,NA,NA,NA,NA,NA,NA,NA,NA,NA,NA,NA,NA,NA,NA,NA,NA,NA,NA,NA,NA,NA,NA,NA,NA,NA,NA,NA,NA,NA,49.269717624148,NA,NA,NA,NA,NA,NA,NA,NA
2015,"MUNICIPIO","2924652",10742,10342,5198,5144,2663,5364,2315,1309,2613,1222,NA,0.612,NA,NA,85,0,50,0,18,21,17,18,9,2,0,0,85,21,26,31,26.27,6.7,1,8,28,34,1,3,4,3,0,53,0,51,27,39,46,85,0,0,0,0,4,67,4,4,67,4,38,39,40,39.19,1.52,0,11,3,8,42,65,20,62,22,82,1,0,18,12,24,6,8,1,0,0,0,4,85,0,0,0,0,43,42,4,3,0,53,0,4,76,5,3150,3430,3664,3356.48,528.47,3,61,10,0,73,9.42,0.62,0,77,NA,NA,NA,NA,NA,NA,NA,NA,NA,NA,NA,NA,NA,NA,NA,NA,NA,NA,NA,NA,NA,NA,NA,NA,NA,NA,NA,NA,NA,NA,NA,NA,NA,NA,NA,NA,NA,NA,6.832,5.25,32.529659395331,NA,NA,NA,NA,NA,NA,NA,NA
2015,"MUNICIPIO","2924678",10360,9799,5194,4605,2951,5303,1545,1398,2482,725,NA,0.533,NA,NA,118,0,105,3,26,36,27,18,6,2,0,0,115,20,23,28,24.28,6.37,4,14,40,45,2,12,3,16,0,98,0,54,62,45,73,116,0,0,0,2,8,97,7,10,97,7,38,39,40,38.93,2.18,0,47,14,15,38,112,6,67,50,111,5,0,30,7,37,9,15,2,3,0,0,9,112,4,1,1,0,55,63,3,16,0,98,0,6,99,13,2903.5,3296,3700,3281.69,555.53,8,88,17,4,108,8.83,1.09,3,114,NA,NA,NA,NA,NA,NA,NA,NA,NA,NA,NA,NA,NA,NA,NA,NA,NA,NA,NA,NA,NA,NA,NA,NA,NA,NA,NA,NA,NA,NA,NA,NA,NA,NA,NA,NA,NA,NA,3.763,NA,47.5423045930701,NA,NA,NA,NA,NA,NA,NA,NA
2015,"MUNICIPIO","2924702",12238,12783,6440,6343,2729,6999,3055,1317,3378,1648,NA,0.575,NA,NA,93,0,86,3,18,14,19,26,10,3,0,0,90,20,27,32,26.71,7.14,1,9,31,42,1,6,8,4,0,79,0,43,50,43,50,89,4,0,0,0,11,75,3,11,75,3,38,39,40,38.67,1.82,0,13,12,14,46,83,10,48,45,87,6,0,15,20,17,11,9,1,3,4,0,9,84,8,0,1,0,46,47,8,4,0,79,0,7,84,2,2920,3210,3540,3161.77,614.64,4,71,8,1,91,9.12,0.91,0,91,NA,NA,NA,NA,NA,NA,NA,NA,NA,NA,NA,NA,NA,NA,NA,NA,NA,NA,NA,NA,NA,NA,NA,NA,NA,NA,NA,NA,NA,NA,NA,NA,NA,NA,NA,NA,NA,NA,6.262,NA,27.5310834813499,NA,NA,NA,NA,NA,NA,NA,NA
2015,"MUNICIPIO","2924801",25027,22399,11287,11112,6239,11341,4819,3030,5580,2502,NA,0.578,NA,NA,235,0,167,4,56,68,50,37,16,4,0,0,231,19,23,29,24.56,6.54,2,28,75,78,8,7,15,3,1,192,0,128,94,98,137,231,4,0,0,2,24,169,21,26,169,21,38,39,41,39.08,2.34,0,71,16,15,105,116,119,180,53,216,11,1,51,23,70,18,15,2,8,4,1,20,234,1,0,0,0,127,108,15,3,1,192,0,24,194,17,2850,3220,3585,3198.67,570.21,21,160,25,3,226,9.12,0.99,2,206,NA,NA,NA,NA,NA,NA,NA,NA,NA,NA,NA,NA,NA,NA,NA,NA,NA,NA,NA,NA,NA,NA,NA,NA,NA,NA,NA,NA,NA,NA,NA,NA,NA,NA,NA,NA,NA,NA,18.142,NA,42.1146953405018,NA,NA,NA,NA,NA,NA,NA,NA
2015,"MUNICIPIO","2924900",9473,8822,4574,4248,2192,4738,1892,1074,2241,933,NA,0.572,NA,NA,85,0,73,2,19,13,22,17,7,5,0,0,83,20,27,31,26.26,7.5,0,8,29,38,3,5,7,4,1,69,0,36,48,42,43,85,0,0,2,0,9,66,7,11,66,7,38,39,40,38.48,3.09,0,22,2,3,48,85,0,40,45,75,5,2,28,2,22,2,10,2,3,0,2,10,76,9,0,0,0,41,44,7,4,1,69,0,3,78,4,2850,3255,3520,3197.94,544.84,7,65,10,3,81,9.27,1.34,1,83,NA,NA,NA,NA,NA,NA,NA,NA,NA,NA,NA,NA,NA,NA,NA,NA,NA,NA,NA,NA,NA,NA,NA,NA,NA,NA,NA,NA,NA,NA,NA,NA,NA,NA,NA,NA,NA,NA,4.244,NA,37.9294957608211,NA,NA,NA,NA,NA,NA,NA,NA
2015,"MUNICIPIO","2925006",26632,24481,12092,12389,6634,12772,5075,3282,6437,2670,NA,0.56,NA,NA,363,0,265,7,65,91,94,61,38,6,1,0,356,21,26,31,25.96,6.69,5,42,99,107,3,21,16,10,1,325,1,132,170,149,214,357,5,0,3,2,36,267,28,41,267,28,38,39,40,38.69,2.64,1,82,21,36,157,202,161,274,89,350,9,2,85,30,95,39,34,3,5,4,2,36,363,0,0,0,0,180,183,16,10,1,325,1,30,317,16,2880,3190,3467.5,3161.93,532.61,29,257,32,7,350,9.23,0.98,1,360,NA,NA,NA,NA,NA,NA,NA,NA,NA,NA,NA,NA,NA,NA,NA,NA,NA,NA,NA,NA,NA,NA,NA,NA,NA,NA,NA,NA,NA,NA,NA,NA,NA,NA,NA,NA,NA,NA,18.837,NA,56.3927295323909,NA,NA,NA,NA,NA,NA,NA,NA
2015,"MUNICIPIO","2925105",48729,44701,21762,22939,12429,22433,9839,6082,11573,5284,NA,0.604,NA,NA,662,0,592,8,141,162,176,111,45,17,2,0,654,20,25,30,25.33,6.69,4,79,163,230,12,24,48,18,4,578,0,233,310,275,387,646,11,1,3,8,63,504,45,75,504,45,38,39,40,38.85,2.6,0,239,57,63,231,259,403,483,174,630,19,0,161,54,228,38,40,9,9,11,0,72,655,2,5,0,0,350,312,48,18,4,578,0,50,584,24,2936.25,3245,3580,3206.5,583.66,46,486,67,15,638,9.07,1.07,0,658,NA,NA,NA,NA,NA,NA,NA,NA,NA,NA,NA,NA,NA,NA,NA,NA,NA,NA,NA,NA,NA,NA,NA,NA,NA,NA,NA,NA,NA,NA,NA,NA,NA,NA,NA,NA,NA,NA,41.921,NA,57.2021083556554,NA,NA,NA,NA,NA,NA,NA,NA
2015,"MUNICIPIO","2925204",37543,33066,16078,16988,8204,19791,5071,4148,10097,2743,NA,0.666,NA,NA,471,0,403,9,89,122,102,90,50,9,0,0,462,21,25,31,25.93,6.89,1,29,129,271,11,25,22,81,2,341,0,259,203,209,262,458,10,0,2,7,41,383,19,50,383,19,38,39,40,38.59,2.32,1,93,51,71,237,197,274,253,215,451,12,2,103,64,97,35,83,5,6,10,2,43,471,0,0,0,0,249,222,22,81,2,341,0,28,416,27,2939,3230,3560,3232.14,551.88,30,349,54,9,461,9.26,1.04,4,439,NA,NA,NA,NA,NA,NA,NA,NA,NA,NA,NA,NA,NA,NA,NA,NA,NA,NA,NA,NA,NA,NA,NA,NA,NA,NA,NA,NA,NA,NA,NA,NA,NA,NA,NA,NA,NA,NA,29.941,28.456,46.6475190650688,NA,NA,NA,NA,NA,NA,NA,NA
2015,"MUNICIPIO","2925253",16168,15742,7924,7818,4585,8173,2984,2264,4031,1523,NA,0.58,NA,NA,303,0,241,13,74,78,54,50,26,8,0,0,290,19,24,30,24.71,7.05,2,29,129,121,4,15,17,14,0,248,0,74,224,126,177,292,10,0,3,3,37,229,22,43,229,22,38,39,40,38.54,2.84,1,92,32,26,136,114,189,235,68,275,8,0,63,37,85,32,17,3,5,10,0,35,301,0,0,2,0,154,149,17,14,0,248,0,30,255,18,2872.5,3260,3589,3192.15,580.92,21,217,40,13,266,8.79,1.06,0,275,NA,NA,NA,NA,NA,NA,NA,NA,NA,NA,NA,NA,NA,NA,NA,NA,NA,NA,NA,NA,NA,NA,NA,NA,NA,NA,NA,NA,NA,NA,NA,NA,NA,NA,NA,NA,NA,NA,16.044,NA,75.1674522451005,NA,NA,NA,NA,NA,NA,NA,NA
2015,"MUNICIPIO","2925303",145431,126929,63489,63440,38899,72483,15547,19124,36687,7629,NA,0.676,NA,NA,2656,0,2250,36,596,711,597,433,227,53,3,0,2620,20,24,30,25.13,6.7,23,160,858,1289,102,195,285,349,45,1685,134,775,1844,1033,1623,2603,45,4,20,53,298,1973,193,375,1973,193,38,39,40,38.51,2.87,15,777,258,235,1189,188,2468,1742,911,2502,86,6,391,419,563,355,312,33,45,43,6,321,2567,19,56,14,0,1340,1316,287,350,45,1693,134,229,2284,141,2905,3211,3529.5,3177.4,584.58,157,1943,292,34,2544,9.56,0.88,25,2612,NA,NA,NA,NA,NA,NA,NA,NA,NA,NA,NA,NA,NA,NA,NA,NA,NA,NA,NA,NA,NA,NA,NA,NA,NA,NA,NA,NA,NA,NA,NA,NA,NA,NA,NA,NA,NA,NA,112.615,94.881,72.3962166434977,NA,NA,NA,NA,NA,NA,NA,NA
2015,"MUNICIPIO","2925402",8969,9810,5066,4744,2710,5158,1942,1298,2485,961,NA,0.625,NA,NA,134,0,118,1,32,35,41,18,5,2,0,0,133,20,24,28,24.44,5.9,3,13,41,70,3,0,4,5,0,122,0,66,64,42,92,129,4,0,0,1,14,108,8,15,108,8,38,39,40,38.86,2.08,2,48,9,15,46,104,30,81,52,131,2,0,14,20,30,26,20,1,1,4,0,15,133,0,1,0,0,70,64,4,5,0,122,0,9,109,15,3045,3278,3650,3297.64,541.92,11,89,25,2,125,9.06,0.85,0,133,NA,NA,NA,NA,NA,NA,NA,NA,NA,NA,NA,NA,NA,NA,NA,NA,NA,NA,NA,NA,NA,NA,NA,NA,NA,NA,NA,NA,NA,NA,NA,NA,NA,NA,NA,NA,NA,NA,7.723,NA,53.9235412474849,NA,NA,NA,NA,NA,NA,NA,NA
2015,"MUNICIPIO","2925501",29218,27627,13990,13637,8611,14268,4748,4178,7126,2333,NA,0.621,NA,NA,453,0,203,13,112,124,95,71,26,10,1,1,439,19,23,29,24.41,6.86,5,19,77,87,10,18,6,19,0,162,21,274,171,157,296,446,5,0,3,3,32,340,19,38,340,19,39,41,41,39.62,2.49,1,67,32,21,79,183,270,320,132,210,6,0,29,31,61,31,24,5,1,5,0,31,447,1,2,3,0,232,221,8,20,0,393,23,18,402,32,3000,3300,3640,3298.88,558.33,37,303,48,5,439,9.47,0.81,5,443,NA,NA,NA,NA,NA,NA,NA,NA,NA,NA,NA,NA,NA,NA,NA,NA,NA,NA,NA,NA,NA,NA,NA,NA,NA,NA,NA,NA,NA,NA,NA,NA,NA,NA,NA,NA,NA,NA,19.012,NA,63.5700252596127,NA,NA,NA,NA,NA,NA,NA,NA
2015,"MUNICIPIO","2925600",14712,13750,6992,6758,3526,7436,2788,1722,3571,1465,NA,0.614,NA,NA,159,0,147,4,36,33,38,29,17,2,0,0,155,19.5,25,30.5,25.43,6.86,1,12,52,86,1,7,14,18,0,121,0,30,123,61,98,154,5,0,0,1,18,125,15,19,125,15,38,39,40,39.08,2.24,0,29,5,5,106,112,47,98,61,152,6,0,42,11,48,7,24,1,3,5,0,17,149,10,0,0,0,73,86,14,18,0,121,0,9,138,12,2946.5,3240,3550,3250.19,522.87,10,118,18,2,157,9.18,1.02,2,156,NA,NA,NA,NA,NA,NA,NA,NA,NA,NA,NA,NA,NA,NA,NA,NA,NA,NA,NA,NA,NA,NA,NA,NA,NA,NA,NA,NA,NA,NA,NA,NA,NA,NA,NA,NA,NA,NA,14.712,NA,44.5253430411649,NA,NA,NA,NA,NA,NA,NA,NA
2015,"MUNICIPIO","2925709",13178,13652,6978,6674,3321,7014,3317,1619,3314,1741,NA,0.542,NA,NA,125,0,106,1,21,36,20,32,7,8,0,0,124,21,25,31,26.3,6.96,2,18,42,54,1,2,10,2,2,106,0,65,59,54,71,120,4,0,0,2,13,94,6,15,94,6,38,39,40,38.79,2.4,0,24,7,12,65,108,17,76,48,112,6,0,21,25,19,15,12,0,2,4,0,10,105,19,0,1,0,64,61,10,2,2,106,0,12,105,8,2910,3170,3475,3161.42,607.8,12,81,13,4,118,9.25,1.39,0,125,NA,NA,NA,NA,NA,NA,NA,NA,NA,NA,NA,NA,NA,NA,NA,NA,NA,NA,NA,NA,NA,NA,NA,NA,NA,NA,NA,NA,NA,NA,NA,NA,NA,NA,NA,NA,NA,NA,5.819,9,37.7187688593844,NA,NA,NA,NA,NA,NA,NA,NA
2015,"MUNICIPIO","2925758",27505,23846,12212,11634,7079,12829,3938,3498,6240,1896,NA,0.559,NA,NA,335,0,264,7,68,91,87,49,26,7,0,0,328,20,25,29,25.12,6.39,1,34,128,149,3,14,23,16,0,290,0,141,187,125,210,331,4,0,3,1,15,292,20,19,292,20,38,39,40,39.03,2.04,2,68,21,71,162,189,146,230,105,310,18,5,76,27,135,17,32,6,12,4,5,15,333,0,2,0,0,168,167,23,16,0,290,0,18,294,23,3043.5,3300,3557.5,3297.53,548.18,21,266,40,5,268,8.88,0.84,1,332,NA,NA,NA,NA,NA,NA,NA,NA,NA,NA,NA,NA,NA,NA,NA,NA,NA,NA,NA,NA,NA,NA,NA,NA,NA,NA,NA,NA,NA,NA,NA,NA,NA,NA,NA,NA,NA,NA,14.901,NA,53.6858974358974,NA,NA,NA,NA,NA,NA,NA,NA
2015,"MUNICIPIO","2925808",26083,24602,12285,12317,6857,12455,5290,3317,6246,2754,NA,0.592,NA,NA,320,0,280,3,78,76,73,57,23,8,2,0,317,19,25,30,25.3,6.82,0,25,86,142,4,10,4,3,0,290,0,200,111,146,174,312,8,0,0,5,29,254,21,34,254,21,38,39,40,38.83,2.34,0,65,63,96,81,33,287,163,156,306,12,1,99,27,92,17,29,2,7,7,1,27,35,284,1,0,0,164,156,4,3,0,290,0,23,258,39,3000,3350,3700,3327.08,570.98,18,212,60,0,318,8.97,0.34,1,317,NA,NA,NA,NA,NA,NA,NA,NA,NA,NA,NA,NA,NA,NA,NA,NA,NA,NA,NA,NA,NA,NA,NA,NA,NA,NA,NA,NA,NA,NA,NA,NA,NA,NA,NA,NA,NA,NA,15.568,NA,51.2327889849504,NA,NA,NA,NA,NA,NA,NA,NA
2015,"MUNICIPIO","2925907",28655,27228,14011,13217,7796,13774,5658,3870,6511,2836,NA,0.544,NA,NA,266,0,201,1,70,68,63,29,32,3,0,0,265,19,24,29,24.82,6.81,7,27,95,84,2,9,23,10,0,200,0,126,112,104,162,261,5,0,1,2,24,215,17,27,215,17,38,39,40,38.87,2.49,5,68,14,20,128,147,119,213,53,250,12,1,78,10,104,11,16,4,6,5,1,21,261,4,1,0,0,145,121,23,10,0,200,0,24,224,18,2950,3300,3600,3241.75,552.08,17,206,24,7,242,9.26,1.42,2,252,NA,NA,NA,NA,NA,NA,NA,NA,NA,NA,NA,NA,NA,NA,NA,NA,NA,NA,NA,NA,NA,NA,NA,NA,NA,NA,NA,NA,NA,NA,NA,NA,NA,NA,NA,NA,NA,NA,18.894,NA,40.853939487022,NA,NA,NA,NA,NA,NA,NA,NA
2015,"MUNICIPIO","2925931",10033,9554,4879,4675,2474,4853,2227,1189,2354,1132,NA,0.578,NA,NA,104,0,90,3,22,29,25,18,3,4,0,0,101,20,24,29,24.72,6.73,0,8,33,46,7,2,8,13,0,74,0,39,60,51,53,102,2,0,0,0,9,92,2,9,92,2,38,39,40,38.9,1.67,0,16,3,10,68,104,0,62,42,96,3,2,24,19,16,16,10,1,2,2,2,9,100,4,0,0,0,52,52,8,13,0,74,0,7,91,6,2946.5,3250,3536.25,3232.58,471.44,7,83,11,2,99,9.64,1.05,0,100,NA,NA,NA,NA,NA,NA,NA,NA,NA,NA,NA,NA,NA,NA,NA,NA,NA,NA,NA,NA,NA,NA,NA,NA,NA,NA,NA,NA,NA,NA,NA,NA,NA,NA,NA,NA,NA,NA,8.461,NA,44.1801189464741,NA,NA,NA,NA,NA,NA,NA,NA
2015,"MUNICIPIO","2925956",24349,22874,11136,11738,6502,11270,5102,3217,5738,2783,NA,0.564,NA,NA,281,0,203,3,57,75,68,55,22,1,0,0,278,20,25,30,25.37,6.18,0,20,91,113,3,9,5,4,1,215,1,184,74,124,157,273,6,0,1,5,12,235,11,18,235,11,38,39,40,38.96,2.24,0,94,8,19,120,104,177,188,91,256,14,0,66,21,83,23,33,7,6,6,0,12,280,1,0,0,0,145,136,5,4,1,215,1,24,234,23,2990,3320,3600,3272.58,569.75,21,203,30,9,231,9.21,1.12,0,269,NA,NA,NA,NA,NA,NA,NA,NA,NA,NA,NA,NA,NA,NA,NA,NA,NA,NA,NA,NA,NA,NA,NA,NA,NA,NA,NA,NA,NA,NA,NA,NA,NA,NA,NA,NA,NA,NA,11.277,NA,48.97176716626,NA,NA,NA,NA,NA,NA,NA,NA
2015,"MUNICIPIO","2926004",42275,38957,19451,19506,10913,20320,7724,5365,10070,4071,NA,0.579,NA,NA,703,0,654,7,172,216,144,106,45,13,0,0,696,19,24,29,24.5,6.44,7,84,198,355,17,38,47,34,0,596,1,139,555,261,442,690,11,0,1,8,82,577,34,91,577,34,38,39,40,38.5,2.18,2,236,177,82,169,47,656,205,496,683,11,0,157,68,140,28,200,3,7,11,0,79,698,0,4,1,0,361,342,47,34,0,596,1,46,627,27,2910,3175,3460,3176.16,487.41,48,559,66,1,697,9.04,0.39,8,692,NA,NA,NA,NA,NA,NA,NA,NA,NA,NA,NA,NA,NA,NA,NA,NA,NA,NA,NA,NA,NA,NA,NA,NA,NA,NA,NA,NA,NA,NA,NA,NA,NA,NA,NA,NA,NA,NA,18.752,12.225,69.811320754717,NA,NA,NA,NA,NA,NA,NA,NA
2015,"MUNICIPIO","2926103",13319,12055,6025,6030,3020,6540,2495,1494,3251,1285,NA,0.636,NA,NA,182,0,135,0,36,43,38,45,13,7,0,0,182,20.25,26,31.75,26.26,6.68,0,12,39,111,2,11,27,17,0,121,0,86,87,71,111,176,6,0,0,1,23,131,4,24,131,4,38,39,40,38.23,2.12,0,28,5,8,128,65,117,61,120,165,12,1,25,21,28,21,26,5,4,6,1,19,163,18,0,1,0,101,81,27,17,0,121,0,24,148,10,2946.25,3275.5,3500,3164.18,592.65,14,123,15,3,165,9.08,0.98,2,176,NA,NA,NA,NA,NA,NA,NA,NA,NA,NA,NA,NA,NA,NA,NA,NA,NA,NA,NA,NA,NA,NA,NA,NA,NA,NA,NA,NA,NA,NA,NA,NA,NA,NA,NA,NA,NA,NA,10.117,NA,55.9827745309136,NA,NA,NA,NA,NA,NA,NA,NA
2015,"MUNICIPIO","2926202",23264,21937,11440,10497,6138,11450,4349,2988,5413,2096,NA,0.578,NA,NA,315,0,289,7,74,103,74,37,17,3,0,0,308,19,23,28,23.9,5.97,4,31,105,149,6,8,22,27,4,244,0,70,241,119,196,309,6,1,2,1,29,246,29,33,246,29,38,39,40,38.94,2.71,4,80,22,35,147,305,10,199,116,296,8,0,39,58,66,45,45,1,6,6,0,31,293,21,0,1,0,174,141,23,27,4,254,0,25,281,9,2849,3160,3490,3140.4,516.8,27,241,18,4,311,9.03,0.82,2,313,NA,NA,NA,NA,NA,NA,NA,NA,NA,NA,NA,NA,NA,NA,NA,NA,NA,NA,NA,NA,NA,NA,NA,NA,NA,NA,NA,NA,NA,NA,NA,NA,NA,NA,NA,NA,NA,NA,8.116,NA,58.1932384999076,NA,NA,NA,NA,NA,NA,NA,NA
2015,"MUNICIPIO","2926301",35403,33172,16169,17003,7881,17678,7613,3905,9040,4058,NA,0.628,NA,NA,394,0,272,3,66,94,108,80,37,4,2,0,391,21,26,30,26.17,6.37,3,17,91,223,20,30,56,45,1,254,0,138,246,184,210,387,6,0,2,3,26,279,21,31,279,21,38,39,40,38.82,2.39,1,88,45,41,162,102,292,207,186,370,18,2,84,50,80,28,40,6,10,6,2,23,386,8,0,0,0,185,208,56,45,1,254,0,26,347,21,3000,3300,3600,3267.21,536.59,19,258,40,3,378,9.22,0.71,3,371,NA,NA,NA,NA,NA,NA,NA,NA,NA,NA,NA,NA,NA,NA,NA,NA,NA,NA,NA,NA,NA,NA,NA,NA,NA,NA,NA,NA,NA,NA,NA,NA,NA,NA,NA,NA,NA,NA,29.278,613,43.5840707964602,NA,NA,NA,NA,NA,NA,NA,NA
2015,"MUNICIPIO","2926400",36039,30646,15594,15052,7804,16550,6292,3788,7971,3293,NA,0.615,NA,NA,414,0,359,1,96,96,101,74,43,2,0,1,412,20,25,30,25.69,6.65,2,44,115,205,8,26,125,45,0,230,0,83,308,169,245,405,6,0,2,4,31,330,23,37,330,23,38,39,40,38.79,2.21,4,104,26,45,211,111,303,253,157,396,9,0,91,49,105,56,37,4,4,6,0,32,406,6,1,1,0,199,215,125,46,0,230,0,25,363,25,2910,3200,3560,3207.05,529.02,34,300,43,2,400,9.62,0.79,1,409,NA,NA,NA,NA,NA,NA,NA,NA,NA,NA,NA,NA,NA,NA,NA,NA,NA,NA,NA,NA,NA,NA,NA,NA,NA,NA,NA,NA,NA,NA,NA,NA,NA,NA,NA,NA,NA,NA,NA,NA,51.9382762514114,NA,NA,NA,NA,NA,NA,NA,NA
2015,"MUNICIPIO","2926509",15269,14276,7234,7042,4252,7242,2782,2092,3504,1446,NA,0.512,NA,NA,166,0,51,5,36,40,39,28,14,3,1,0,161,20,25,30,25.39,7.04,6,37,52,55,1,1,9,13,0,128,1,94,63,73,93,166,0,0,1,3,20,126,8,24,126,8,38,39,40,38.52,2.54,0,51,10,11,79,159,7,125,41,159,3,0,51,11,45,10,12,2,1,0,0,23,162,0,3,1,0,82,84,9,13,0,128,1,12,139,14,2860,3180,3525,3196.42,563.72,10,120,23,0,62,8.98,0.74,1,160,NA,NA,NA,NA,NA,NA,NA,NA,NA,NA,NA,NA,NA,NA,NA,NA,NA,NA,NA,NA,NA,NA,NA,NA,NA,NA,NA,NA,NA,NA,NA,NA,NA,NA,NA,NA,NA,NA,1.741,NA,47.3744292237443,NA,NA,NA,NA,NA,NA,NA,NA
2015,"MUNICIPIO","2926608",51418,47518,23376,24142,12924,25075,9519,6303,12834,5005,NA,0.601,NA,NA,718,0,47,9,148,184,154,132,68,23,0,0,709,20,25,31,25.74,7.02,4,98,215,293,28,34,75,31,1,509,0,331,358,300,418,707,8,0,6,10,66,504,49,82,504,49,38,39,40,38.64,2.76,0,194,68,76,276,63,655,447,268,675,31,1,159,50,166,56,82,9,19,8,1,77,715,2,0,1,0,373,345,75,31,1,509,0,56,619,43,2870,3187.5,3490,3181.46,527.05,66,455,76,1,61,9.11,1.16,3,669,NA,NA,NA,NA,NA,NA,NA,NA,NA,NA,NA,NA,NA,NA,NA,NA,NA,NA,NA,NA,NA,NA,NA,NA,NA,NA,NA,NA,NA,NA,NA,NA,NA,NA,NA,NA,NA,NA,38.973,9.455,55.9451457067165,NA,NA,NA,NA,NA,NA,NA,NA
2015,"MUNICIPIO","2926657",8260,8602,4474,4128,2550,4465,1587,1267,2109,752,NA,0.54,NA,NA,77,0,69,0,18,21,17,14,7,0,0,0,77,20,24,30,25.05,6.17,1,19,24,28,1,0,3,8,0,66,0,43,34,25,52,74,3,0,0,1,15,49,8,16,49,8,38,39,40,38.58,2.9,0,19,5,15,25,72,5,49,28,70,5,0,10,5,21,9,10,2,1,3,0,12,72,2,3,0,0,41,36,3,8,0,66,0,10,64,3,2890,3150,3465,3082.91,675.89,9,53,5,1,72,9.27,0.85,0,77,NA,NA,NA,NA,NA,NA,NA,NA,NA,NA,NA,NA,NA,NA,NA,NA,NA,NA,NA,NA,NA,NA,NA,NA,NA,NA,NA,NA,NA,NA,NA,NA,NA,NA,NA,NA,NA,NA,407,NA,36.5101944049312,NA,NA,NA,NA,NA,NA,NA,NA
2015,"MUNICIPIO","2926707",13616,13007,6233,6774,2650,6816,3541,1334,3526,1914,NA,0.605,NA,NA,156,0,138,0,25,31,34,42,22,2,0,0,156,22,28,33,27.48,6.5,3,25,32,79,4,7,37,17,0,95,1,31,121,63,93,149,7,0,0,3,12,135,5,15,135,5,38,39,40,38.46,2,0,37,5,14,97,150,6,49,106,148,8,0,40,16,27,14,37,2,3,7,0,9,103,52,1,0,0,74,82,37,17,0,95,1,14,137,5,2813.75,3118,3470,3123.34,552.8,10,125,13,1,149,9.71,0.91,1,154,NA,NA,NA,NA,NA,NA,NA,NA,NA,NA,NA,NA,NA,NA,NA,NA,NA,NA,NA,NA,NA,NA,NA,NA,NA,NA,NA,NA,NA,NA,NA,NA,NA,NA,NA,NA,NA,NA,7.062,3.32,44.2427680090754,NA,NA,NA,NA,NA,NA,NA,NA
2015,"MUNICIPIO","2926806",15628,14815,7441,7374,3602,7985,3228,1793,3957,1624,NA,0.576,NA,NA,134,0,98,0,18,34,29,28,19,5,1,0,134,22,27,33,27.5,6.86,0,20,40,44,0,9,33,9,0,82,0,24,107,57,77,132,2,0,0,2,15,106,4,17,106,4,38,39,40,38.44,2.08,0,29,13,7,82,134,0,50,84,127,6,0,31,12,23,15,22,2,3,2,0,16,111,23,0,0,0,69,65,33,9,0,82,0,14,114,6,2862.5,3150,3393.5,3102.04,607.01,10,102,12,1,123,9.55,1.05,2,132,NA,NA,NA,NA,NA,NA,NA,NA,NA,NA,NA,NA,NA,NA,NA,NA,NA,NA,NA,NA,NA,NA,NA,NA,NA,NA,NA,NA,NA,NA,NA,NA,NA,NA,NA,NA,NA,NA,11.876,NA,33.8640384129391,NA,NA,NA,NA,NA,NA,NA,NA
2015,"MUNICIPIO","2926905",12084,11918,5928,5990,2648,6287,2983,1305,3117,1568,NA,0.594,NA,NA,81,0,26,1,9,20,23,22,6,0,0,0,80,22,27,31,26.57,5.68,0,6,13,55,0,6,31,10,1,36,1,14,65,32,49,79,2,0,0,1,10,60,9,11,60,9,38,39,40,38.85,2.26,0,21,0,11,39,79,2,40,41,78,1,0,20,6,18,8,14,0,1,2,0,9,79,2,0,0,0,40,41,31,10,1,36,1,6,69,6,2950,3260,3615,3286.56,569.93,6,60,10,1,27,8.86,0.89,0,80,NA,NA,NA,NA,NA,NA,NA,NA,NA,NA,NA,NA,NA,NA,NA,NA,NA,NA,NA,NA,NA,NA,NA,NA,NA,NA,NA,NA,NA,NA,NA,NA,NA,NA,NA,NA,NA,NA,6.385,NA,25.9865255052935,NA,NA,NA,NA,NA,NA,NA,NA
2015,"MUNICIPIO","2927002",40809,37164,18654,18510,10806,19997,6361,5348,9901,3261,NA,0.572,NA,NA,485,0,437,5,117,119,101,77,51,14,1,0,480,19,25,31,25.53,7.09,8,99,197,158,10,9,15,20,1,418,0,202,279,184,301,479,6,0,2,2,36,390,50,40,390,50,38,39,40,38.99,2.32,2,148,64,76,177,264,221,376,109,465,18,0,117,42,193,25,46,6,9,6,0,34,482,0,3,0,0,264,221,15,20,1,418,0,24,421,40,3000,3300,3600,3282.59,551.09,33,355,62,7,470,9.62,0.86,5,474,NA,NA,NA,NA,NA,NA,NA,NA,NA,NA,NA,NA,NA,NA,NA,NA,NA,NA,NA,NA,NA,NA,NA,NA,NA,NA,NA,NA,NA,NA,NA,NA,NA,NA,NA,NA,NA,NA,30.534,NA,48.984951015049,NA,NA,NA,NA,NA,NA,NA,NA
2015,"MUNICIPIO","2927101",8887,7775,3835,3940,2370,4183,1222,1169,2104,667,NA,0.632,NA,NA,182,0,159,3,54,49,38,18,12,7,1,0,179,18,23,28,24.08,7.1,0,25,79,64,2,7,20,7,1,138,12,68,113,60,122,180,1,0,0,1,19,139,15,20,139,15,38,39,40,38.98,2.27,0,52,10,17,94,131,51,108,73,169,6,0,38,7,63,8,26,3,3,1,0,18,118,63,0,1,0,89,93,20,7,1,139,12,9,162,11,2970,3250,3631.25,3267.19,490.56,9,134,24,1,180,9.43,0.77,2,179,NA,NA,NA,NA,NA,NA,NA,NA,NA,NA,NA,NA,NA,NA,NA,NA,NA,NA,NA,NA,NA,NA,NA,NA,NA,NA,NA,NA,NA,NA,NA,NA,NA,NA,NA,NA,NA,NA,7.912,7.912,86.5019011406844,NA,NA,NA,NA,NA,NA,NA,NA
2015,"MUNICIPIO","2927200",31867,29887,14549,15338,8358,15034,6495,4131,7572,3635,NA,0.61,NA,NA,482,0,437,9,108,130,110,70,44,11,0,0,473,20,24,30,25.12,6.81,7,62,173,211,7,19,15,7,0,435,1,360,108,189,293,468,12,1,5,13,39,362,51,58,362,51,38,39,40,38.7,3.12,1,123,29,31,291,66,416,326,156,454,26,0,98,44,158,44,48,10,9,12,0,45,479,0,2,1,0,244,237,15,7,0,435,1,39,421,22,2940,3200,3500,3159.34,598.24,38,354,44,10,468,8.84,0.9,4,477,NA,NA,NA,NA,NA,NA,NA,NA,NA,NA,NA,NA,NA,NA,NA,NA,NA,NA,NA,NA,NA,NA,NA,NA,NA,NA,NA,NA,NA,NA,NA,NA,NA,NA,NA,NA,NA,NA,24.937,1.665,63.6555731642895,NA,NA,NA,NA,NA,NA,NA,NA
2015,"MUNICIPIO","2927309",15385,13456,6554,6902,3609,7443,2404,1799,3763,1340,NA,0.617,NA,NA,168,0,116,0,23,45,46,33,16,5,0,0,168,21,26,32,26.51,6.34,1,14,40,89,2,19,4,74,1,83,0,121,38,71,97,159,8,0,1,2,14,137,9,17,137,9,38,39,40,38.79,2.44,1,46,14,21,70,88,80,117,51,155,10,0,32,28,34,23,17,1,7,8,0,10,160,3,3,2,0,90,78,4,74,1,83,0,14,135,19,2930,3262.5,3622.5,3256.65,609.22,8,120,22,2,145,9.35,0.89,1,153,NA,NA,NA,NA,NA,NA,NA,NA,NA,NA,NA,NA,NA,NA,NA,NA,NA,NA,NA,NA,NA,NA,NA,NA,NA,NA,NA,NA,NA,NA,NA,NA,NA,NA,NA,NA,NA,NA,15.385,NA,44.6452298697847,NA,NA,NA,NA,NA,NA,NA,NA
2015,"MUNICIPIO","2927408",2921087,2675656,1248897,1426759,552800,1609681,513175,272707,854656,299396,NA,0.759,NA,NA,36637,0,33331,262,4822,7683,8303,9001,5239,1250,68,9,36366,22,28,33,27.72,6.84,55,1195,7703,18811,2398,6154,3816,9481,122,22546,35,23619,12784,16613,20024,35668,907,46,217,382,3054,30832,777,3699,30832,777,38,39,40,38.6,2.32,416,9321,3888,3511,17230,479,36158,18306,18281,34606,1716,20,6652,6802,6754,4025,5588,654,792,902,20,2920,35940,578,97,19,0,18844,17785,3816,9481,122,22548,35,3691,30833,2113,2885,3220,3545,3173.55,604.92,2651,27930,3511,593,35794,9.23,1.01,433,35518,NA,NA,NA,NA,NA,NA,NA,NA,NA,NA,NA,NA,NA,NA,NA,NA,NA,NA,NA,NA,NA,NA,NA,NA,NA,NA,NA,NA,NA,NA,NA,NA,NA,NA,NA,NA,NA,NA,NA,NA,42.8675396884829,NA,NA,NA,NA,NA,NA,NA,NA
2015,"MUNICIPIO","2927507",20754,19064,9300,9764,5292,9909,3863,2588,5028,2148,NA,0.583,NA,NA,241,0,64,0,53,51,46,51,29,10,1,0,241,20,26,32,26.8,7.36,2,29,81,98,3,7,3,13,0,77,0,191,43,130,111,235,5,1,0,2,8,204,3,11,204,3,39,39,40,39,2.04,0,29,16,12,75,220,21,147,91,222,9,1,62,40,46,25,22,5,2,4,1,7,237,0,3,1,0,148,93,3,13,0,77,0,10,217,14,2965,3325,3590,3286.74,499.94,16,175,22,0,148,9.4,0.6,2,205,NA,NA,NA,NA,NA,NA,NA,NA,NA,NA,NA,NA,NA,NA,NA,NA,NA,NA,NA,NA,NA,NA,NA,NA,NA,NA,NA,NA,NA,NA,NA,NA,NA,NA,NA,NA,NA,NA,13.243,7,47.9315831344471,NA,NA,NA,NA,NA,NA,NA,NA
2015,"MUNICIPIO","2927606",15100,15060,7715,7345,4470,7806,2784,2175,3789,1381,NA,0.546,NA,NA,228,0,213,5,48,77,48,26,20,3,1,0,223,20,23.5,28.25,24.57,6.82,3,52,98,67,3,5,1,0,0,224,1,98,125,91,137,222,6,0,2,5,19,174,28,26,174,28,38,39.5,41,39.05,2.72,0,57,26,28,110,226,2,140,88,213,6,0,61,11,72,10,29,4,2,6,0,24,219,6,2,1,0,106,121,1,0,0,224,1,16,198,14,2885,3237.5,3560,3228.64,512.84,17,162,31,6,221,9.05,1.16,1,227,NA,NA,NA,NA,NA,NA,NA,NA,NA,NA,NA,NA,NA,NA,NA,NA,NA,NA,NA,NA,NA,NA,NA,NA,NA,NA,NA,NA,NA,NA,NA,NA,NA,NA,NA,NA,NA,NA,9.69,4.318,60.1741884402217,NA,NA,NA,NA,NA,NA,NA,NA
2015,"MUNICIPIO","2927705",28226,26264,13331,12933,8251,14127,3886,4037,7052,1844,NA,0.654,NA,NA,435,0,380,5,100,119,99,64,35,11,2,0,430,20,24,30,25.13,6.87,4,37,147,198,18,23,33,47,4,263,68,132,290,150,285,420,14,0,2,4,49,337,25,55,337,25,38,39,40,38.67,2.37,2,168,38,24,183,382,53,302,132,419,11,1,57,59,107,56,64,2,6,14,1,46,428,1,4,1,0,202,233,33,47,4,263,68,28,383,24,2920,3230,3578,3235.89,551.37,24,316,49,5,428,9.6,0.84,2,430,NA,NA,NA,NA,NA,NA,NA,NA,NA,NA,NA,NA,NA,NA,NA,NA,NA,NA,NA,NA,NA,NA,NA,NA,NA,NA,NA,NA,NA,NA,NA,NA,NA,NA,NA,NA,NA,NA,17.877,11.249,61.6846284741917,NA,NA,NA,NA,NA,NA,NA,NA
2015,"MUNICIPIO","2927804",6750,6673,3422,3251,1642,3660,1371,825,1737,689,NA,0.61,NA,NA,76,0,56,0,22,13,19,14,7,1,0,0,76,19,26,30,25.39,6.81,1,5,36,26,3,3,3,9,0,61,1,43,33,24,52,74,2,0,2,0,9,57,3,11,57,3,38,39,40,38.55,2.89,1,22,4,4,40,76,0,48,27,73,3,0,6,9,19,14,10,2,0,2,0,9,76,0,0,0,0,38,38,3,9,0,61,1,4,67,5,3076,3300,3586,3299.26,574.25,1,58,8,0,59,9,0.53,0,76,NA,NA,NA,NA,NA,NA,NA,NA,NA,NA,NA,NA,NA,NA,NA,NA,NA,NA,NA,NA,NA,NA,NA,NA,NA,NA,NA,NA,NA,NA,NA,NA,NA,NA,NA,NA,NA,NA,5.845,NA,43.7535981577432,NA,NA,NA,NA,NA,NA,NA,NA
2015,"MUNICIPIO","2927903",11177,10363,5135,5228,2572,5401,2390,1219,2680,1329,NA,0.574,NA,NA,135,0,100,0,38,40,28,16,12,1,0,0,135,19,24,28,24.59,6.31,1,10,37,63,4,5,13,23,3,84,0,54,67,57,78,130,4,0,1,1,15,103,10,17,103,10,38,40,40,39.01,2.54,0,43,13,13,60,80,55,86,48,128,6,0,33,4,44,2,20,4,2,4,0,15,134,1,0,0,0,67,68,13,23,3,84,0,9,113,13,3000,3260,3585,3293.09,652.76,7,95,20,2,131,9.33,1.01,3,122,NA,NA,NA,NA,NA,NA,NA,NA,NA,NA,NA,NA,NA,NA,NA,NA,NA,NA,NA,NA,NA,NA,NA,NA,NA,NA,NA,NA,NA,NA,NA,NA,NA,NA,NA,NA,NA,NA,9.225,6.05,50.3731343283582,NA,NA,NA,NA,NA,NA,NA,NA
2015,"MUNICIPIO","2928000",36915,33838,16620,17218,9149,18195,6494,4642,9226,3350,NA,0.598,NA,NA,524,0,359,9,106,151,100,97,44,16,1,0,515,20,24,30,25.53,6.98,8,46,115,205,9,22,61,31,1,391,1,190,326,232,292,522,2,1,6,5,27,455,21,39,455,21,38,39,40,38.67,2.48,0,110,41,47,279,93,431,270,254,507,14,1,136,69,147,49,64,7,6,2,1,33,442,80,0,2,0,254,270,61,32,1,392,1,42,444,38,2934,3200,3560,3204.79,568.64,40,403,60,10,489,8.76,0.99,5,514,NA,NA,NA,NA,NA,NA,NA,NA,NA,NA,NA,NA,NA,NA,NA,NA,NA,NA,NA,NA,NA,NA,NA,NA,NA,NA,NA,NA,NA,NA,NA,NA,NA,NA,NA,NA,NA,NA,29.744,NA,56.7960112724908,NA,NA,NA,NA,NA,NA,NA,NA
2015,"MUNICIPIO","2928059",13626,13344,7051,6293,3870,6818,2656,1914,3189,1190,NA,0.556,NA,NA,193,0,174,8,72,49,41,15,7,1,0,0,185,17,21,26,22.25,6.04,9,32,77,62,1,4,9,11,0,164,0,116,74,77,116,192,0,0,0,1,20,143,19,21,143,19,38,39,40,39.07,2.21,10,63,22,14,70,191,2,153,39,189,3,0,33,28,67,16,16,1,2,0,0,20,182,5,2,4,0,102,91,9,11,0,164,0,14,167,12,2880,3194,3470,3170.11,518.38,24,134,20,1,182,9.33,0.76,0,189,NA,NA,NA,NA,NA,NA,NA,NA,NA,NA,NA,NA,NA,NA,NA,NA,NA,NA,NA,NA,NA,NA,NA,NA,NA,NA,NA,NA,NA,NA,NA,NA,NA,NA,NA,NA,NA,NA,7.739,NA,60.5205393540295,NA,NA,NA,NA,NA,NA,NA,NA
2015,"MUNICIPIO","2928109",41795,40309,20337,19972,10941,21353,8015,5332,10463,4177,NA,0.614,NA,NA,516,0,406,2,96,141,126,94,41,16,0,0,514,20,25,30,25.83,6.58,8,57,151,237,8,30,28,14,0,458,0,139,348,184,332,492,18,1,4,4,53,382,36,62,382,36,38,39,40,38.68,2.76,0,143,48,50,246,91,425,293,217,486,15,0,120,16,172,10,75,4,6,18,0,52,489,18,8,1,0,276,240,29,14,0,459,0,49,439,23,2900,3200,3500,3155.38,535.53,37,361,49,1,482,9.75,0.56,0,511,NA,NA,NA,NA,NA,NA,NA,NA,NA,NA,NA,NA,NA,NA,NA,NA,NA,NA,NA,NA,NA,NA,NA,NA,NA,NA,NA,NA,NA,NA,NA,NA,NA,NA,NA,NA,NA,NA,29.749,6.604,49.3166395871165,NA,NA,NA,NA,NA,NA,NA,NA
2015,"MUNICIPIO","2928208",27260,24750,12551,12199,6483,12660,5607,3126,6125,2948,NA,0.692,NA,NA,309,0,245,3,59,83,80,44,23,15,2,0,306,20,25,31,25.86,7.06,3,31,98,158,6,6,28,6,1,214,3,67,223,113,196,306,3,1,4,3,37,237,27,45,237,27,38,39,40,38.6,3.16,1,128,35,27,99,24,285,187,122,288,17,2,70,15,112,11,37,8,9,3,2,40,307,2,0,0,0,169,140,28,6,1,214,3,12,269,28,3000,3320,3650,3334.25,508.73,11,227,53,2,305,9.37,0.75,1,308,NA,NA,NA,NA,NA,NA,NA,NA,NA,NA,NA,NA,NA,NA,NA,NA,NA,NA,NA,NA,NA,NA,NA,NA,NA,NA,NA,NA,NA,NA,NA,NA,NA,NA,NA,NA,NA,NA,19.658,NA,50.4489795918367,NA,NA,NA,NA,NA,NA,NA,NA
2015,"MUNICIPIO","2928307",9442,8776,4246,4530,2380,4389,2007,1158,2227,1145,NA,0.592,NA,NA,93,0,37,0,9,28,22,13,16,5,0,0,93,22,26,33,27.54,6.86,0,11,29,33,1,2,0,13,1,40,0,52,31,46,47,91,2,0,1,3,3,67,5,7,67,5,38,39,40,38.58,2.94,0,18,3,3,36,53,40,67,26,88,0,0,14,16,22,10,7,0,0,2,0,7,93,0,0,0,0,40,53,0,13,1,40,0,6,80,7,3050,3260,3600,3261.98,552.25,4,63,10,0,66,9.5,0.79,1,77,NA,NA,NA,NA,NA,NA,NA,NA,NA,NA,NA,NA,NA,NA,NA,NA,NA,NA,NA,NA,NA,NA,NA,NA,NA,NA,NA,NA,NA,NA,NA,NA,NA,NA,NA,NA,NA,NA,4.791,NA,41.7602155365963,NA,NA,NA,NA,NA,NA,NA,NA
2015,"MUNICIPIO","2928406",28822,26250,13572,12678,7512,13514,5224,3578,6442,2658,NA,0.605,NA,NA,446,0,171,8,106,102,103,83,33,11,0,0,438,19,25,30.75,25.2,6.82,2,13,44,112,9,15,27,16,2,160,0,113,257,136,310,436,9,0,1,2,45,344,17,48,344,17,39,41,41,39.71,2.27,1,61,10,14,117,195,251,321,123,229,9,0,28,37,29,41,26,3,6,9,0,25,437,8,0,1,0,235,211,45,20,4,272,0,48,380,18,2846.25,3130,3450,3096.65,589.23,54,310,29,15,419,9.1,1.37,2,444,NA,NA,NA,NA,NA,NA,NA,NA,NA,NA,NA,NA,NA,NA,NA,NA,NA,NA,NA,NA,NA,NA,NA,NA,NA,NA,NA,NA,NA,NA,NA,NA,NA,NA,NA,NA,NA,NA,16.265,3.36,69.2331574045328,NA,NA,NA,NA,NA,NA,NA,NA
2015,"MUNICIPIO","2928505",10586,9648,4822,4826,2490,4867,2291,1219,2382,1225,NA,0.587,NA,NA,129,0,107,0,20,38,25,32,9,5,0,0,129,21,26,32,26.5,6.78,0,13,45,58,2,7,7,9,0,97,1,69,53,56,73,126,2,0,0,1,4,118,4,5,118,4,39,39,40,39.07,1.68,1,33,1,5,83,36,93,83,46,118,11,0,43,4,46,5,15,7,2,2,0,3,128,1,0,0,0,60,69,7,9,0,97,1,5,117,7,3050,3300,3600,3283.36,510.9,9,104,9,1,120,9.18,0.7,1,128,NA,NA,NA,NA,NA,NA,NA,NA,NA,NA,NA,NA,NA,NA,NA,NA,NA,NA,NA,NA,NA,NA,NA,NA,NA,NA,NA,NA,NA,NA,NA,NA,NA,NA,NA,NA,NA,NA,7.706,2.2,54.1561712846348,NA,NA,NA,NA,NA,NA,NA,NA
2015,"MUNICIPIO","2928604",61702,57800,27755,30045,13921,32199,11680,6955,16505,6585,NA,0.646,NA,NA,671,0,478,8,158,162,150,116,61,14,2,0,663,20,25,30,25.48,6.86,6,39,167,379,19,35,12,126,2,467,0,438,220,346,325,655,13,1,11,9,52,473,29,73,473,29,38,39,40,38.45,3.08,2,217,88,53,211,490,181,407,263,641,23,0,173,80,121,50,56,7,11,13,0,62,667,0,2,2,0,363,308,12,126,2,467,0,62,574,35,2850,3160,3482.5,3123.9,591.5,41,449,60,16,612,9.15,1.16,5,652,NA,NA,NA,NA,NA,NA,NA,NA,NA,NA,NA,NA,NA,NA,NA,NA,NA,NA,NA,NA,NA,NA,NA,NA,NA,NA,NA,NA,NA,NA,NA,NA,NA,NA,NA,NA,NA,NA,52.793,24.405,40.654347167525,NA,NA,NA,NA,NA,NA,NA,NA
2015,"MUNICIPIO","2928703",101548,90985,42965,48020,21284,54133,15568,10613,28511,8896,NA,0.7,NA,NA,1526,0,698,20,241,352,375,330,169,36,2,1,1505,21,27,32,26.71,6.7,5,78,360,841,90,130,95,211,3,1142,0,960,539,733,793,1484,42,0,9,7,146,1260,67,162,1260,67,38,39,40,38.63,2.16,0,364,152,151,779,76,1450,586,939,1465,48,1,375,242,234,149,258,21,22,42,1,141,1479,44,1,2,0,761,765,95,211,3,1143,0,125,1305,96,2940,3247.5,3550,3217.95,567.79,107,1141,176,9,745,9.44,0.95,10,1510,NA,NA,NA,NA,NA,NA,NA,NA,NA,NA,NA,NA,NA,NA,NA,NA,NA,NA,NA,NA,NA,NA,NA,NA,NA,NA,NA,NA,NA,NA,NA,NA,NA,NA,NA,NA,NA,NA,98.695,17.411,53.5232015713233,NA,NA,NA,NA,NA,NA,NA,NA
2015,"MUNICIPIO","2928802",53193,47880,22906,24974,13005,25880,8995,6318,13517,5139,NA,0.626,NA,NA,761,0,217,4,113,181,194,157,87,20,5,0,757,21,27,32,26.91,6.81,6,57,202,346,18,41,17,53,0,244,0,432,278,404,357,750,8,0,3,4,34,589,25,41,589,25,39,39,40,39.02,1.9,0,103,41,59,253,634,127,452,301,727,19,0,170,120,149,57,91,9,9,8,0,37,750,11,0,0,0,379,382,17,53,0,244,0,59,651,51,2910,3265,3600,3238.37,603.68,55,510,78,4,480,9.32,0.85,1,682,NA,NA,NA,NA,NA,NA,NA,NA,NA,NA,NA,NA,NA,NA,NA,NA,NA,NA,NA,NA,NA,NA,NA,NA,NA,NA,NA,NA,NA,NA,NA,NA,NA,NA,NA,NA,NA,NA,41.856,440,56.2994747355182,NA,NA,NA,NA,NA,NA,NA,NA
2015,"MUNICIPIO","2928901",32640,27659,14530,13129,8410,15226,4023,4158,7061,1910,NA,0.579,NA,NA,486,0,250,4,119,143,116,69,32,3,0,0,482,19,24,29,24.36,6.06,4,23,91,123,9,15,28,28,1,204,0,77,399,212,274,482,4,1,2,4,47,390,37,54,390,37,39,41,41,39.6,2.71,0,70,16,18,156,264,222,275,211,251,12,2,43,48,44,29,40,5,6,4,2,40,442,41,1,2,0,243,243,55,32,2,389,0,43,410,33,2900,3225,3596,3196.94,579.7,45,376,45,8,477,9.15,0.86,4,481,NA,NA,NA,NA,NA,NA,NA,NA,NA,NA,NA,NA,NA,NA,NA,NA,NA,NA,NA,NA,NA,NA,NA,NA,NA,NA,NA,NA,NA,NA,NA,NA,NA,NA,NA,NA,NA,NA,10.899,NA,68.8287777935137,NA,NA,NA,NA,NA,NA,NA,NA
2015,"MUNICIPIO","2928950",9877,9226,4591,4635,2134,4920,2172,1049,2473,1113,NA,0.64,NA,NA,101,0,72,0,15,16,34,21,14,1,0,0,101,22,28,32,27.39,6.36,1,5,24,43,2,10,6,3,0,78,0,47,51,34,67,99,2,0,1,1,7,79,3,9,79,3,38,38,39,38.22,2.28,0,15,2,14,61,85,16,42,59,93,5,0,16,8,23,12,17,0,3,2,0,8,54,47,0,0,0,49,52,6,3,0,78,0,4,89,8,2900,3200,3650,3250.48,535.29,4,69,14,3,92,9.02,0.9,0,98,NA,NA,NA,NA,NA,NA,NA,NA,NA,NA,NA,NA,NA,NA,NA,NA,NA,NA,NA,NA,NA,NA,NA,NA,NA,NA,NA,NA,NA,NA,NA,NA,NA,NA,NA,NA,NA,NA,8.977,NA,40.8410837040032,NA,NA,NA,NA,NA,NA,NA,NA
2015,"MUNICIPIO","2929008",15091,14098,6882,7216,3198,8296,2604,1577,4169,1470,NA,0.639,NA,NA,170,0,26,2,30,50,38,32,14,4,0,0,168,21,25,31,25.65,6.55,1,15,39,101,5,4,3,7,0,145,0,114,54,89,81,168,2,0,1,4,14,133,8,19,133,8,38,39,40,38.75,2.55,0,38,9,14,96,41,129,112,58,168,1,0,70,7,46,0,14,0,1,2,0,19,166,1,3,0,0,90,80,3,7,0,145,0,9,154,7,2966.25,3242.5,3530,3216.71,450,14,123,19,0,36,9.11,0.71,0,166,NA,NA,NA,NA,NA,NA,NA,NA,NA,NA,NA,NA,NA,NA,NA,NA,NA,NA,NA,NA,NA,NA,NA,NA,NA,NA,NA,NA,NA,NA,NA,NA,NA,NA,NA,NA,NA,NA,9.489,8.659,40.7771647877189,NA,NA,NA,NA,NA,NA,NA,NA
2015,"MUNICIPIO","2929057",15647,13048,6536,6512,3738,7089,2221,1841,3510,1161,NA,0.639,NA,NA,214,0,188,4,37,55,55,45,12,6,0,0,210,20,25,30,25.57,6.52,2,22,65,102,4,14,37,13,0,156,1,41,172,81,133,211,3,0,1,4,15,177,15,20,177,15,38,39,40,38.74,2.57,0,64,20,28,92,28,186,148,65,198,4,0,51,17,70,13,25,2,2,3,0,17,196,17,0,1,0,122,92,38,13,0,159,1,19,182,13,2950,3277,3537.5,3226.73,556.32,16,165,21,5,200,9.18,1.11,0,213,NA,NA,NA,NA,NA,NA,NA,NA,NA,NA,NA,NA,NA,NA,NA,NA,NA,NA,NA,NA,NA,NA,NA,NA,NA,NA,NA,NA,NA,NA,NA,NA,NA,NA,NA,NA,NA,NA,12.696,NA,60.968660968661,NA,NA,NA,NA,NA,NA,NA,NA
2015,"MUNICIPIO","2929107",21582,20305,10083,10222,4721,11308,4276,2324,5570,2328,NA,0.616,NA,NA,211,0,125,1,34,51,56,41,23,5,0,0,210,21,26,32,26.58,6.52,0,13,58,117,5,9,13,29,0,152,0,140,66,101,110,207,4,0,0,3,10,186,4,13,186,4,38,39,40,38.97,1.83,1,47,23,15,118,197,14,106,104,205,6,0,58,29,40,18,40,1,3,4,0,10,204,6,0,1,0,98,113,13,29,0,152,0,16,177,18,3000,3300,3590,3293.89,511.9,13,158,28,1,140,9.43,0.74,1,208,NA,NA,NA,NA,NA,NA,NA,NA,NA,NA,NA,NA,NA,NA,NA,NA,NA,NA,NA,NA,NA,NA,NA,NA,NA,NA,NA,NA,NA,NA,NA,NA,NA,NA,NA,NA,NA,NA,10.156,NA,37.8815080789946,NA,NA,NA,NA,NA,NA,NA,NA
2015,"MUNICIPIO","2929206",39329,33183,16203,16980,9038,19476,4669,4402,10044,2534,NA,0.674,NA,NA,657,0,475,6,143,174,136,138,48,12,0,0,651,20,25,31,25.45,6.63,6,48,160,358,29,43,12,117,2,511,0,319,325,330,327,647,8,0,0,8,54,466,32,62,466,32,38,39,40,38.86,2.15,0,191,68,67,195,96,561,368,287,625,24,1,193,56,114,33,75,10,11,8,1,57,657,0,0,0,0,350,307,12,117,2,511,0,38,581,38,2956,3280,3550,3252.29,507.87,40,422,72,7,647,9.43,0.97,5,650,NA,NA,NA,NA,NA,NA,NA,NA,NA,NA,NA,NA,NA,NA,NA,NA,NA,NA,NA,NA,NA,NA,NA,NA,NA,NA,NA,NA,NA,NA,NA,NA,NA,NA,NA,NA,NA,NA,39.329,14.044,65.4121863799283,NA,NA,NA,NA,NA,NA,NA,NA
2015,"MUNICIPIO","2929255",19542,18427,9449,8978,5259,9840,3328,2560,4785,1633,NA,0.592,NA,NA,257,0,227,5,55,70,59,38,24,4,2,0,252,20,24,30,25.32,6.92,1,20,83,131,3,18,29,21,0,194,0,75,174,107,150,252,4,0,5,3,21,206,14,29,206,14,38,39,40,38.76,2.96,0,75,31,37,77,175,82,196,60,248,6,0,69,20,85,17,20,2,4,4,0,26,243,11,1,2,0,130,127,29,21,0,194,0,23,220,14,2945,3250,3600,3211.51,539.1,16,194,31,8,248,9.22,1.15,3,253,NA,NA,NA,NA,NA,NA,NA,NA,NA,NA,NA,NA,NA,NA,NA,NA,NA,NA,NA,NA,NA,NA,NA,NA,NA,NA,NA,NA,NA,NA,NA,NA,NA,NA,NA,NA,NA,NA,18.441,NA,53.7095088819227,NA,NA,NA,NA,NA,NA,NA,NA
2015,"MUNICIPIO","2929305",37554,33283,16019,17264,8604,18681,5998,4263,9587,3414,NA,0.627,NA,NA,420,0,88,4,74,102,100,88,36,16,0,0,416,21,26,31,26.37,6.8,2,36,112,197,12,20,4,19,0,131,0,252,139,238,182,406,7,0,2,3,18,327,10,23,327,10,39,39,40,38.92,2.01,2,51,25,30,149,357,63,260,157,399,10,0,95,71,75,41,30,8,2,7,0,17,418,0,2,0,0,212,208,4,19,0,131,0,41,357,22,2868.5,3186,3527,3144.78,613.51,36,276,33,2,265,9.35,0.76,0,370,NA,NA,NA,NA,NA,NA,NA,NA,NA,NA,NA,NA,NA,NA,NA,NA,NA,NA,NA,NA,NA,NA,NA,NA,NA,NA,NA,NA,NA,NA,NA,NA,NA,NA,NA,NA,NA,NA,27.956,2.852,43.8093251277772,NA,NA,NA,NA,NA,NA,NA,NA
2015,"MUNICIPIO","2929354",6118,5715,2902,2813,1666,2823,1226,788,1427,598,NA,0.546,NA,NA,107,0,107,1,32,22,28,18,5,1,0,0,106,18,24,28.5,24.1,6.29,0,11,37,52,5,2,2,7,0,98,0,72,35,43,64,105,2,0,0,0,7,92,8,7,92,8,38,39,40,38.85,1.93,0,38,5,12,51,107,0,64,43,104,3,0,10,30,12,33,11,1,2,2,0,6,107,0,0,0,0,60,47,2,7,0,98,0,7,95,5,3003,3240,3552.5,3246.12,500.2,8,84,11,2,105,8.77,0.92,0,107,NA,NA,NA,NA,NA,NA,NA,NA,NA,NA,NA,NA,NA,NA,NA,NA,NA,NA,NA,NA,NA,NA,NA,NA,NA,NA,NA,NA,NA,NA,NA,NA,NA,NA,NA,NA,NA,NA,5.457,NA,74.9824807288017,NA,NA,NA,NA,NA,NA,NA,NA
2015,"MUNICIPIO","2929370",11061,10180,5094,5086,2810,5192,2178,1395,2576,1115,NA,0.552,NA,NA,111,0,92,0,22,32,26,14,15,2,0,0,111,20,25,30.5,25.93,6.86,0,9,37,50,2,3,8,12,0,76,0,31,72,37,74,111,0,0,0,1,10,96,3,11,96,3,38,39,40,38.74,2.01,0,25,9,6,64,111,0,65,45,101,2,5,19,12,25,24,10,1,1,0,5,10,111,0,0,0,0,51,60,8,12,0,76,0,4,99,8,2992.5,3250,3637.5,3289.76,507.9,5,91,13,2,106,9.69,0.88,0,110,NA,NA,NA,NA,NA,NA,NA,NA,NA,NA,NA,NA,NA,NA,NA,NA,NA,NA,NA,NA,NA,NA,NA,NA,NA,NA,NA,NA,NA,NA,NA,NA,NA,NA,NA,NA,NA,NA,8.771,NA,43.0900621118012,NA,NA,NA,NA,NA,NA,NA,NA
2015,"MUNICIPIO","2929404",12009,10414,5278,5136,2705,5542,2167,1314,2676,1146,NA,0.593,NA,NA,125,0,57,0,29,32,31,18,13,2,0,0,125,20,25,30,25.38,6.85,1,7,46,60,3,6,8,19,0,93,0,95,29,56,69,123,2,0,0,4,9,104,5,13,104,5,38,39,40,38.57,2.5,0,45,5,13,58,124,1,65,60,121,2,0,24,21,32,12,16,0,2,2,0,12,120,3,1,1,0,65,60,8,19,0,93,0,14,99,12,2940,3280,3545,3236.8,634.29,4,98,18,2,61,9.41,1.19,2,122,NA,NA,NA,NA,NA,NA,NA,NA,NA,NA,NA,NA,NA,NA,NA,NA,NA,NA,NA,NA,NA,NA,NA,NA,NA,NA,NA,NA,NA,NA,NA,NA,NA,NA,NA,NA,NA,NA,4.18,3.875,46.711509715994,NA,NA,NA,NA,NA,NA,NA,NA
2015,"MUNICIPIO","2929503",45482,42153,20708,21445,10341,24266,7546,4985,12434,4026,NA,0.657,NA,NA,570,0,375,6,85,135,166,109,59,10,0,0,564,21,26,31,26.44,6.38,2,24,143,348,18,26,18,140,2,328,2,293,250,240,330,553,16,2,1,3,58,382,15,64,382,15,38,39,40,38.52,2.52,5,132,36,41,311,399,171,323,246,532,14,0,86,62,96,58,65,2,7,16,0,50,568,1,1,0,0,279,291,18,140,2,328,2,47,486,37,2935.75,3250,3599.25,3217.58,600.14,24,361,51,8,556,9.38,1.04,4,545,NA,NA,NA,NA,NA,NA,NA,NA,NA,NA,NA,NA,NA,NA,NA,NA,NA,NA,NA,NA,NA,NA,NA,NA,NA,NA,NA,NA,NA,NA,NA,NA,NA,NA,NA,NA,NA,NA,31.196,1.508,45.8420460028953,NA,NA,NA,NA,NA,NA,NA,NA
2015,"MUNICIPIO","2929602",17664,16585,7978,8607,4107,9159,3319,2035,4646,1926,NA,0.614,NA,NA,218,0,161,1,45,54,50,40,23,5,0,0,217,20.25,26,31,25.98,6.8,0,16,45,120,6,16,10,48,2,130,1,93,109,104,114,210,8,0,2,1,30,169,8,33,169,8,37,38,39,38.15,2.34,0,50,14,20,123,193,25,56,161,205,9,3,69,12,40,14,30,4,3,8,3,27,217,1,0,0,0,106,112,10,48,2,131,1,24,190,4,2850,3165,3500,3124.57,556.13,14,166,18,0,198,9.21,0.7,2,214,NA,NA,NA,NA,NA,NA,NA,NA,NA,NA,NA,NA,NA,NA,NA,NA,NA,NA,NA,NA,NA,NA,NA,NA,NA,NA,NA,NA,NA,NA,NA,NA,NA,NA,NA,NA,NA,NA,10.998,NA,46.9220835126991,NA,NA,NA,NA,NA,NA,NA,NA
2015,"MUNICIPIO","2929701",20320,18964,9567,9397,5550,9652,3762,2768,4664,1965,NA,0.527,NA,NA,197,0,155,2,42,59,35,23,23,10,3,0,195,20,23,31,25.9,7.67,7,43,70,61,1,11,17,17,1,137,0,112,73,88,109,194,2,0,0,2,15,144,26,17,144,26,38,39,41,39.23,2.27,1,74,10,26,64,110,87,157,39,185,11,0,62,14,66,8,11,4,7,2,0,13,194,0,2,1,0,90,107,17,17,1,137,0,10,168,19,2962,3350,3650,3321.5,527.75,10,139,31,4,187,9.19,1.14,1,175,NA,NA,NA,NA,NA,NA,NA,NA,NA,NA,NA,NA,NA,NA,NA,NA,NA,NA,NA,NA,NA,NA,NA,NA,NA,NA,NA,NA,NA,NA,NA,NA,NA,NA,NA,NA,NA,NA,8.199,NA,42.2384219554031,NA,NA,NA,NA,NA,NA,NA,NA
2015,"MUNICIPIO","2929750",12238,11201,5482,5719,2703,6015,2483,1355,2985,1379,NA,0.617,NA,NA,94,0,71,1,16,31,22,17,5,2,0,0,93,20,24,29.75,25.2,6.18,0,8,30,50,2,0,3,21,0,68,0,66,25,36,58,91,2,1,0,0,8,71,5,9,71,5,38,39,40,38.72,2.77,0,26,10,13,34,84,10,69,24,90,3,0,22,6,32,2,10,1,2,2,0,7,93,0,0,1,0,49,45,3,21,0,68,0,14,74,6,2715,3169.5,3450,3124.64,571.47,12,62,6,1,90,9.33,0.87,0,94,NA,NA,NA,NA,NA,NA,NA,NA,NA,NA,NA,NA,NA,NA,NA,NA,NA,NA,NA,NA,NA,NA,NA,NA,NA,NA,NA,NA,NA,NA,NA,NA,NA,NA,NA,NA,NA,NA,12.238,NA,31.4907872696817,NA,NA,NA,NA,NA,NA,NA,NA
2015,"MUNICIPIO","2929800",12739,11845,5933,5912,3115,6086,2644,1484,3047,1381,NA,0.549,NA,NA,137,0,116,2,27,34,42,24,6,2,0,0,135,20,25,29,25.01,6.36,1,16,46,61,3,5,8,6,0,116,0,54,75,54,83,132,4,0,1,1,13,105,10,15,105,10,38,39,40,38.97,2.39,1,33,9,12,68,81,56,91,45,127,3,1,32,13,43,5,13,0,3,3,1,15,136,0,1,0,0,84,53,8,6,0,116,0,12,117,8,2925,3300,3565,3196.37,607.77,15,91,14,0,131,9.47,0.69,2,126,NA,NA,NA,NA,NA,NA,NA,NA,NA,NA,NA,NA,NA,NA,NA,NA,NA,NA,NA,NA,NA,NA,NA,NA,NA,NA,NA,NA,NA,NA,NA,NA,NA,NA,NA,NA,NA,NA,8.523,NA,44.9622579586478,NA,NA,NA,NA,NA,NA,NA,NA
2015,"MUNICIPIO","2929909",45202,41798,20685,21113,12008,21971,7819,5876,11050,4187,NA,0.635,NA,NA,564,0,485,7,114,131,143,108,43,17,1,0,557,20,25,31,25.73,6.75,2,41,176,258,18,45,23,11,0,522,0,299,252,261,303,548,11,0,3,5,48,430,24,56,430,24,38,39,40,38.65,2.35,0,83,14,26,370,213,351,232,326,500,12,7,176,20,146,11,52,5,7,11,7,48,544,9,10,1,0,287,277,23,11,0,522,0,48,489,27,2800,3150,3451.25,3132.27,513.38,50,406,39,4,541,9.35,0.91,3,555,NA,NA,NA,NA,NA,NA,NA,NA,NA,NA,NA,NA,NA,NA,NA,NA,NA,NA,NA,NA,NA,NA,NA,NA,NA,NA,NA,NA,NA,NA,NA,NA,NA,NA,NA,NA,NA,NA,25.221,NA,51.0407239819005,NA,NA,NA,NA,NA,NA,NA,NA
2015,"MUNICIPIO","2930006",11528,10371,5254,5117,2529,5858,1984,1293,2844,980,NA,0.615,NA,NA,106,0,94,2,20,38,26,10,6,4,0,0,104,20,24,28,24.62,6.46,0,9,36,49,1,9,9,14,0,77,0,27,74,44,62,104,2,0,0,0,13,86,7,13,86,7,38,39,40,38.69,2.2,0,33,2,6,61,54,52,72,34,99,4,0,28,11,33,4,14,0,2,2,0,9,105,0,1,0,0,47,59,9,14,0,77,0,16,88,2,2771.25,3100,3430,3059.92,529.26,15,81,6,3,99,9.57,0.8,0,100,NA,NA,NA,NA,NA,NA,NA,NA,NA,NA,NA,NA,NA,NA,NA,NA,NA,NA,NA,NA,NA,NA,NA,NA,NA,NA,NA,NA,NA,NA,NA,NA,NA,NA,NA,NA,NA,NA,10.74,NA,37.2714486638537,NA,NA,NA,NA,NA,NA,NA,NA
2015,"MUNICIPIO","2930105",81330,74419,36020,38399,19239,40268,14912,9396,20841,8162,NA,0.666,NA,NA,1107,0,968,15,236,259,252,198,109,36,2,0,1092,20,25,31,25.84,7.09,8,74,312,563,34,91,56,8,1,1030,1,193,906,426,681,1075,24,1,4,17,127,826,87,149,826,87,38,39,40,38.58,2.61,2,276,87,74,566,165,942,703,398,1038,43,0,174,156,272,130,122,13,25,24,0,132,1101,3,0,3,0,537,569,56,8,1,1030,1,103,946,58,2860,3200,3531,3164.14,580.83,81,789,121,17,1044,8.93,0.75,5,1078,NA,NA,NA,NA,NA,NA,NA,NA,NA,NA,NA,NA,NA,NA,NA,NA,NA,NA,NA,NA,NA,NA,NA,NA,NA,NA,NA,NA,NA,NA,NA,NA,NA,NA,NA,NA,NA,NA,79.416,44.427,53.1164531452425,NA,NA,NA,NA,NA,NA,NA,NA
2015,"MUNICIPIO","2930154",33011,31638,16377,15261,9874,16092,5672,4832,7687,2742,NA,0.595,NA,NA,571,0,445,6,173,157,132,74,23,6,0,0,565,19,23,28,23.69,6.17,7,39,161,317,4,15,54,72,4,343,1,138,410,245,326,561,10,0,2,12,60,430,46,74,430,46,38,39,40,38.71,2.66,1,129,50,58,317,174,397,403,167,549,11,7,159,40,184,20,55,3,8,9,7,62,406,161,4,0,0,288,283,54,72,4,343,1,31,476,64,3035,3350,3605,3309.77,571.26,29,395,98,6,560,9.54,0.83,6,515,NA,NA,NA,NA,NA,NA,NA,NA,NA,NA,NA,NA,NA,NA,NA,NA,NA,NA,NA,NA,NA,NA,NA,NA,NA,NA,NA,NA,NA,NA,NA,NA,NA,NA,NA,NA,NA,NA,NA,NA,74.2812540653051,NA,NA,NA,NA,NA,NA,NA,NA
2015,"MUNICIPIO","2930204",41464,37425,19277,18148,12109,19459,5857,5885,9371,2892,NA,0.585,NA,NA,482,0,325,9,125,113,106,84,33,11,1,0,473,19,24,30,24.85,6.77,4,30,102,185,7,8,12,20,0,304,0,174,298,165,317,472,10,0,4,5,56,340,36,65,340,36,38,39,41,38.95,2.54,1,104,52,57,116,318,164,289,193,330,8,0,52,45,79,58,47,2,5,10,0,42,478,2,1,1,0,231,251,16,20,0,421,0,26,434,22,2931.25,3250,3600,3238.33,519.24,30,339,60,5,474,8.92,0.73,3,476,NA,NA,NA,NA,NA,NA,NA,NA,NA,NA,NA,NA,NA,NA,NA,NA,NA,NA,NA,NA,NA,NA,NA,NA,NA,NA,NA,NA,NA,NA,NA,NA,NA,NA,NA,NA,NA,NA,NA,NA,51.4352790523957,NA,NA,NA,NA,NA,NA,NA,NA
2015,"MUNICIPIO","2930303",18389,18112,9243,8869,4659,9633,3820,2313,4643,1913,NA,0.608,NA,NA,244,0,240,2,37,76,57,57,13,2,0,0,242,21,25,31,25.54,6.04,0,7,60,157,3,16,25,13,0,205,0,57,184,87,157,244,0,0,2,2,16,210,14,20,210,14,38,39,40,38.95,2.37,1,51,9,19,163,16,228,128,116,230,11,3,38,40,65,29,39,3,8,0,3,19,242,1,0,1,0,130,114,25,13,0,205,0,8,196,40,3200,3500,3850,3505.53,612.83,3,169,62,5,238,9.2,1.19,0,243,NA,NA,NA,NA,NA,NA,NA,NA,NA,NA,NA,NA,NA,NA,NA,NA,NA,NA,NA,NA,NA,NA,NA,NA,NA,NA,NA,NA,NA,NA,NA,NA,NA,NA,NA,NA,NA,NA,11.274,NA,52.5522291621796,NA,NA,NA,NA,NA,NA,NA,NA
2015,"MUNICIPIO","2930402",15351,15401,7587,7814,3895,7795,3711,1889,3839,2086,NA,0.566,NA,NA,156,0,47,1,35,32,39,25,23,0,0,1,154,20,27,31,26.03,7.13,0,13,39,61,1,2,4,7,0,56,0,84,56,75,81,152,2,1,0,0,6,116,2,7,116,2,39,39,40,38.84,2.41,0,28,13,13,38,123,33,110,45,151,3,0,28,18,40,11,17,1,2,2,0,4,154,0,1,1,0,76,79,4,7,0,56,0,14,138,4,2917.5,3207.5,3520,3160.53,579.53,13,96,10,6,86,8.91,2.31,0,142,NA,NA,NA,NA,NA,NA,NA,NA,NA,NA,NA,NA,NA,NA,NA,NA,NA,NA,NA,NA,NA,NA,NA,NA,NA,NA,NA,NA,NA,NA,NA,NA,NA,NA,NA,NA,NA,NA,9.005,NA,40.6355821828601,NA,NA,NA,NA,NA,NA,NA,NA
2015,"MUNICIPIO","2930501",83275,76762,37680,39082,20216,43091,13455,9855,21865,7362,NA,0.634,NA,NA,1166,0,1012,14,224,301,281,215,105,24,2,0,1152,20,25,31,25.67,6.61,5,77,281,524,23,78,112,96,5,855,1,752,382,554,612,1142,23,0,7,10,144,879,63,161,879,63,37,39,40,38.4,2.42,7,322,140,152,481,195,971,503,659,1037,76,10,318,90,261,44,110,21,50,23,10,142,1138,26,2,0,0,576,590,112,96,5,855,1,83,1014,69,2900,3200,3500,3169.08,565.47,82,834,136,28,1100,9.33,1.05,5,1133,NA,NA,NA,NA,NA,NA,NA,NA,NA,NA,NA,NA,NA,NA,NA,NA,NA,NA,NA,NA,NA,NA,NA,NA,NA,NA,NA,NA,NA,NA,NA,NA,NA,NA,NA,NA,NA,NA,76.904,7.502,53.3272353075692,NA,NA,NA,NA,NA,NA,NA,NA
2015,"MUNICIPIO","2930600",13373,12344,6040,6304,3034,6501,2809,1529,3257,1518,NA,0.59,NA,NA,146,0,110,1,39,28,43,20,11,4,0,0,145,19,25,29,25.12,6.77,0,16,50,59,3,5,11,6,0,113,0,78,62,67,79,142,2,0,0,1,8,115,8,9,115,8,38,39,40,38.92,2,1,43,6,8,75,104,42,114,30,135,5,1,46,8,48,6,7,0,3,2,1,7,146,0,0,0,0,71,75,11,6,0,113,0,6,126,14,3001.25,3323,3727.5,3323.77,520.97,7,95,24,3,141,9.02,1.06,1,127,NA,NA,NA,NA,NA,NA,NA,NA,NA,NA,NA,NA,NA,NA,NA,NA,NA,NA,NA,NA,NA,NA,NA,NA,NA,NA,NA,NA,NA,NA,NA,NA,NA,NA,NA,NA,NA,NA,13.373,NA,44.8265274792754,NA,NA,NA,NA,NA,NA,NA,NA
2015,"MUNICIPIO","2930709",133202,118047,58013,60034,32117,69413,16517,15753,35532,8749,NA,0.675,NA,NA,1840,0,1634,9,331,456,463,358,186,32,5,0,1831,21,26,31,26.13,6.62,4,104,509,1015,83,109,66,271,5,1468,3,1011,811,742,1098,1797,39,0,7,21,179,1465,84,207,1465,84,38,39,40,38.77,2.26,25,540,253,227,622,1020,820,1108,728,1751,81,0,355,245,458,187,246,26,39,39,0,157,1823,7,4,5,0,975,865,66,271,5,1468,3,184,1532,124,2896.25,3249,3545.25,3199.96,588.78,157,1340,187,23,1809,9.37,0.96,38,1788,NA,NA,NA,NA,NA,NA,NA,NA,NA,NA,NA,NA,NA,NA,NA,NA,NA,NA,NA,NA,NA,NA,NA,NA,NA,NA,NA,NA,NA,NA,NA,NA,NA,NA,NA,NA,NA,NA,101.761,40.395,51.784307103456,NA,NA,NA,NA,NA,NA,NA,NA
2015,"MUNICIPIO","2930758",13320,12050,6265,5785,3929,6225,1896,1871,2981,933,NA,0.564,NA,NA,167,0,109,1,33,55,38,26,10,4,0,0,166,20,24,29,25.01,6.25,0,11,41,87,1,6,9,11,0,108,0,26,123,61,106,162,3,0,0,4,6,131,17,10,131,17,38,39,41,39.17,2.56,0,40,6,6,101,96,71,130,35,159,5,0,33,20,59,14,17,2,2,3,0,6,86,79,2,0,0,72,95,9,11,0,108,0,11,145,11,3000,3300,3600,3249.19,595.83,8,120,20,1,159,9.67,0.6,0,137,NA,NA,NA,NA,NA,NA,NA,NA,NA,NA,NA,NA,NA,NA,NA,NA,NA,NA,NA,NA,NA,NA,NA,NA,NA,NA,NA,NA,NA,NA,NA,NA,NA,NA,NA,NA,NA,NA,NA,NA,56.0214693056021,NA,NA,NA,NA,NA,NA,NA,NA
2015,"MUNICIPIO","2930766",11767,12592,6282,6310,3456,6526,2610,1729,3283,1298,NA,0.533,NA,NA,113,0,73,0,34,21,36,11,8,1,2,0,113,19,25,29,24.95,6.94,1,24,33,33,1,6,24,4,0,84,0,80,31,51,62,108,5,0,1,1,10,82,2,12,82,2,38,39,40,38.52,2.65,0,34,4,2,54,113,0,77,36,106,6,1,32,5,28,6,7,2,2,5,1,10,113,0,0,0,0,57,56,24,4,0,84,0,7,93,13,2950,3300,3600,3275.86,592.92,4,75,14,1,108,8.94,0.69,2,111,NA,NA,NA,NA,NA,NA,NA,NA,NA,NA,NA,NA,NA,NA,NA,NA,NA,NA,NA,NA,NA,NA,NA,NA,NA,NA,NA,NA,NA,NA,NA,NA,NA,NA,NA,NA,NA,NA,8.079,NA,34.4197380444715,NA,NA,NA,NA,NA,NA,NA,NA
2015,"MUNICIPIO","2930774",23583,22000,10799,11201,6339,11551,4110,3140,5843,2218,NA,0.631,NA,NA,390,0,378,5,103,114,80,57,23,7,1,0,385,19,23,28.75,24.37,6.52,3,46,130,192,7,8,14,16,1,357,1,90,297,151,239,379,11,0,0,3,41,324,21,44,324,21,38,39,40,38.9,2.2,8,104,38,37,191,362,28,248,142,370,18,0,75,52,106,45,43,5,10,11,0,41,381,0,3,6,0,180,210,14,16,1,357,1,28,342,20,2936.25,3235,3567.5,3215.53,531.1,32,296,40,3,380,9.13,0.86,2,386,NA,NA,NA,NA,NA,NA,NA,NA,NA,NA,NA,NA,NA,NA,NA,NA,NA,NA,NA,NA,NA,NA,NA,NA,NA,NA,NA,NA,NA,NA,NA,NA,NA,NA,NA,NA,NA,NA,23.583,17.25,66.7465343145644,NA,NA,NA,NA,NA,NA,NA,NA
2015,"MUNICIPIO","2930808",17332,15899,8053,7846,4926,8146,2827,2477,3897,1472,NA,0.592,NA,NA,266,0,250,3,65,67,65,40,21,5,0,0,263,19,24,29,24.95,6.51,1,26,73,143,2,16,21,10,0,230,1,83,176,102,164,262,4,0,1,2,25,216,20,28,216,20,38,39,40,38.96,2.25,1,93,9,7,148,157,109,180,86,258,5,2,71,15,103,5,33,1,3,2,2,28,263,3,0,0,0,120,146,21,10,0,230,1,18,240,8,2938.75,3250,3516.25,3204.14,482.42,16,213,25,8,258,8.99,0.98,5,261,NA,NA,NA,NA,NA,NA,NA,NA,NA,NA,NA,NA,NA,NA,NA,NA,NA,NA,NA,NA,NA,NA,NA,NA,NA,NA,NA,NA,NA,NA,NA,NA,NA,NA,NA,NA,NA,NA,7.749,NA,68.2576340774955,NA,NA,NA,NA,NA,NA,NA,NA
2015,"MUNICIPIO","2930907",13025,11431,5939,5492,3100,5958,2373,1459,2822,1211,NA,0.584,NA,NA,96,0,92,0,15,29,33,11,3,4,1,0,96,21,25,29,25.67,6.12,1,14,23,50,0,5,12,1,2,79,0,10,86,39,57,94,2,0,0,3,9,77,5,12,77,5,38,39,40,38.59,2.24,0,11,6,13,65,41,55,61,35,93,2,1,23,9,39,3,6,1,1,2,1,9,91,5,0,0,0,41,55,12,1,2,79,0,9,79,8,2900,3250,3677.5,3239.96,622.06,5,74,12,2,94,9.16,1.11,1,93,NA,NA,NA,NA,NA,NA,NA,NA,NA,NA,NA,NA,NA,NA,NA,NA,NA,NA,NA,NA,NA,NA,NA,NA,NA,NA,NA,NA,NA,NA,NA,NA,NA,NA,NA,NA,NA,NA,11.763,NA,34.0184266477675,NA,NA,NA,NA,NA,NA,NA,NA
2015,"MUNICIPIO","2931004",21282,20013,10071,9942,4737,10804,4472,2343,5316,2283,NA,0.577,NA,NA,253,0,196,3,33,63,69,56,22,7,0,0,250,22,26,31,26.63,6.35,2,43,78,89,5,14,32,3,1,200,0,82,165,106,147,250,3,0,1,0,19,214,9,20,214,9,37.5,38,40,38.47,1.89,0,63,16,34,120,246,7,104,149,242,11,0,33,59,32,52,36,3,8,3,0,18,193,58,0,2,0,131,121,32,3,1,200,0,22,224,7,2855,3135,3375,3092.61,499.83,21,205,12,4,226,9.27,1.14,3,249,NA,NA,NA,NA,NA,NA,NA,NA,NA,NA,NA,NA,NA,NA,NA,NA,NA,NA,NA,NA,NA,NA,NA,NA,NA,NA,NA,NA,NA,NA,NA,NA,NA,NA,NA,NA,NA,NA,11.642,NA,47.5921745673439,NA,NA,NA,NA,NA,NA,NA,NA
2015,"MUNICIPIO","2931053",17702,16128,8126,8002,4292,8456,3380,2096,4163,1743,NA,0.599,NA,NA,175,0,107,1,33,39,51,31,16,4,0,0,174,21,26,31,26.28,6.5,2,19,50,91,4,5,48,30,0,88,0,21,150,76,99,171,4,0,0,5,12,147,7,17,147,7,38,39,40,38.7,2.25,1,23,6,18,112,122,53,110,64,171,1,0,51,11,53,7,26,1,0,4,0,15,173,2,0,0,0,91,84,48,30,0,88,0,18,150,7,2900,3200,3507.5,3166.46,543.58,13,137,14,1,125,9.44,0.71,1,170,NA,NA,NA,NA,NA,NA,NA,NA,NA,NA,NA,NA,NA,NA,NA,NA,NA,NA,NA,NA,NA,NA,NA,NA,NA,NA,NA,NA,NA,NA,NA,NA,NA,NA,NA,NA,NA,NA,11.281,NA,42.036992553447,NA,NA,NA,NA,NA,NA,NA,NA
2015,"MUNICIPIO","2931103",8553,8008,3977,4031,1965,4228,1815,954,2081,996,NA,0.597,NA,NA,67,0,8,1,9,23,12,5,14,3,0,0,66,21,25,34.5,26.63,7.64,0,9,28,19,0,1,1,1,0,22,0,50,12,36,31,62,4,0,0,0,5,43,3,5,43,3,39,39,40,38.96,2.19,0,4,7,2,21,62,5,45,22,64,2,0,17,6,14,2,4,0,2,4,0,3,65,0,2,0,0,27,40,1,1,0,22,0,4,61,2,2913,3200,3490,3158.42,543.12,5,37,5,0,27,9.33,0.55,0,53,NA,NA,NA,NA,NA,NA,NA,NA,NA,NA,NA,NA,NA,NA,NA,NA,NA,NA,NA,NA,NA,NA,NA,NA,NA,NA,NA,NA,NA,NA,NA,NA,NA,NA,NA,NA,NA,NA,7.22,NA,32.1960595867371,NA,NA,NA,NA,NA,NA,NA,NA
2015,"MUNICIPIO","2931202",21091,18748,9586,9162,5840,9854,3054,2813,4837,1512,NA,0.566,NA,NA,274,0,248,6,63,69,70,45,20,1,0,0,268,19.25,24,29,24.78,6.45,2,25,96,114,9,13,9,17,0,231,0,157,117,122,152,262,12,0,0,7,23,232,7,30,232,7,38,39,39,38.52,2.15,2,49,29,62,113,244,30,198,76,230,21,9,61,30,71,19,18,4,13,12,9,19,268,0,6,0,0,137,137,13,17,0,240,0,31,230,12,2820,3140,3500,3117.57,554.46,24,192,27,11,256,8.66,1.04,3,257,NA,NA,NA,NA,NA,NA,NA,NA,NA,NA,NA,NA,NA,NA,NA,NA,NA,NA,NA,NA,NA,NA,NA,NA,NA,NA,NA,NA,NA,NA,NA,NA,NA,NA,NA,NA,NA,NA,10.496,7.049,56.6466818275791,NA,NA,NA,NA,NA,NA,NA,NA
2015,"MUNICIPIO","2931301",17398,16516,8337,8179,5079,9031,2406,2481,4436,1262,NA,0.594,NA,NA,205,0,166,2,59,59,35,35,11,3,1,0,203,19,23,29,24.2,6.65,1,26,71,86,0,4,2,9,0,172,0,163,37,78,127,205,0,1,1,4,21,154,12,27,154,12,38,39,40,38.6,3.11,0,55,16,15,102,64,141,173,32,196,4,0,40,22,68,14,14,2,2,0,0,27,205,0,0,0,0,114,91,2,9,0,173,0,13,181,11,2892,3226,3600,3231.4,551.58,21,137,27,3,194,8.99,0.85,1,194,NA,NA,NA,NA,NA,NA,NA,NA,NA,NA,NA,NA,NA,NA,NA,NA,NA,NA,NA,NA,NA,NA,NA,NA,NA,NA,NA,NA,NA,NA,NA,NA,NA,NA,NA,NA,NA,NA,13.365,7,46.2128043282236,NA,NA,NA,NA,NA,NA,NA,NA
2015,"MUNICIPIO","2931350",157804,138341,68077,70264,36779,77969,23593,18264,39688,12312,NA,0.685,NA,NA,2688,0,2458,30,504,692,654,531,225,50,2,0,2658,20,25,30,25.73,6.46,14,147,726,1370,128,276,239,222,2,2095,1,427,2206,1072,1616,2593,90,0,18,36,300,2177,130,354,2177,130,38,39,40,38.5,2.47,2,610,249,244,1464,31,2657,1424,1261,2573,90,3,256,647,337,488,467,27,41,89,3,286,2686,0,1,1,0,1377,1310,239,222,2,2095,1,238,2327,123,2900,3204,3504.25,3170.55,553.69,159,2063,275,17,2655,9.27,0.73,36,2636,NA,NA,NA,NA,NA,NA,NA,NA,NA,NA,NA,NA,NA,NA,NA,NA,NA,NA,NA,NA,NA,NA,NA,NA,NA,NA,NA,NA,NA,NA,NA,NA,NA,NA,NA,NA,NA,NA,121.821,32.779,67.728280588591,NA,NA,NA,NA,NA,NA,NA,NA
2015,"MUNICIPIO","2931400",8013,7895,3856,4039,1931,4280,1684,899,2163,977,NA,0.594,NA,NA,62,0,15,0,11,17,17,10,5,2,0,0,62,21,25,30,25.69,6.86,0,1,20,30,2,1,2,4,0,16,0,48,9,39,23,59,2,0,0,0,1,52,1,1,52,1,39,39,40,39.28,1.5,0,13,2,1,20,62,0,43,18,59,1,0,16,11,10,8,4,1,0,2,0,1,62,0,0,0,0,26,36,2,4,0,16,0,7,51,4,2783.5,3040,3535.25,3086.6,712.89,8,38,5,0,28,9.32,0.72,0,54,NA,NA,NA,NA,NA,NA,NA,NA,NA,NA,NA,NA,NA,NA,NA,NA,NA,NA,NA,NA,NA,NA,NA,NA,NA,NA,NA,NA,NA,NA,NA,NA,NA,NA,NA,NA,NA,NA,6.915,NA,28.6638927415626,NA,NA,NA,NA,NA,NA,NA,NA
2015,"MUNICIPIO","2931509",23011,21482,10801,10681,6408,11466,3608,3089,5729,1863,NA,0.566,NA,NA,309,0,254,2,58,83,97,37,26,6,0,0,307,20,25,29,25.47,6.19,2,37,100,133,6,13,27,35,2,219,1,189,117,129,180,300,8,0,3,0,28,249,11,31,249,11,38,39,40,38.59,2.33,0,80,21,28,159,177,132,167,142,290,9,4,84,13,94,23,25,2,7,8,4,24,297,12,0,0,0,151,158,27,35,2,219,1,23,272,14,2970,3250,3550,3219.83,493.41,23,224,34,7,288,9.27,1.22,5,295,NA,NA,NA,NA,NA,NA,NA,NA,NA,NA,NA,NA,NA,NA,NA,NA,NA,NA,NA,NA,NA,NA,NA,NA,NA,NA,NA,NA,NA,NA,NA,NA,NA,NA,NA,NA,NA,NA,19.836,2.4,53.9361145051492,NA,NA,NA,NA,NA,NA,NA,NA
2015,"MUNICIPIO","2931608",15178,14836,7725,7111,4328,8215,2293,2063,3980,1068,NA,0.555,NA,NA,177,0,162,3,49,63,34,20,8,0,0,0,174,19,22,27,23.22,5.65,2,22,72,71,2,7,5,25,2,141,0,72,102,74,103,177,0,0,0,3,5,158,5,8,158,5,38,39,40,39.05,1.81,0,64,16,17,75,67,110,141,36,168,7,1,57,9,71,8,11,6,1,0,1,8,177,0,0,0,0,80,97,5,25,2,141,0,7,149,21,3100,3320,3700,3353.7,548.48,8,132,30,2,170,8.76,0.79,0,177,NA,NA,NA,NA,NA,NA,NA,NA,NA,NA,NA,NA,NA,NA,NA,NA,NA,NA,NA,NA,NA,NA,NA,NA,NA,NA,NA,NA,NA,NA,NA,NA,NA,NA,NA,NA,NA,NA,6.741,NA,44.4723618090452,NA,NA,NA,NA,NA,NA,NA,NA
2015,"MUNICIPIO","2931707",13547,12803,6221,6582,3400,6874,2529,1640,3510,1432,NA,0.578,NA,NA,137,0,85,1,23,36,27,28,19,3,0,0,136,20,25,31,26.39,6.72,0,7,38,81,1,7,0,31,1,71,0,105,30,57,80,128,8,0,1,0,14,105,7,15,105,7,38,39,40,38.8,2.29,0,37,12,10,56,134,3,95,40,131,4,0,27,20,28,15,17,0,2,8,0,8,132,2,0,3,0,71,66,0,31,1,71,0,16,116,5,2940,3212,3460,3171.94,549.45,9,94,13,2,116,9.33,0.83,1,129,NA,NA,NA,NA,NA,NA,NA,NA,NA,NA,NA,NA,NA,NA,NA,NA,NA,NA,NA,NA,NA,NA,NA,NA,NA,NA,NA,NA,NA,NA,NA,NA,NA,NA,NA,NA,NA,NA,8.814,NA,39.031339031339,NA,NA,NA,NA,NA,NA,NA,NA
2015,"MUNICIPIO","2931806",18187,17029,8532,8497,3913,8511,4605,1972,4148,2377,NA,0.528,NA,NA,179,0,157,1,29,49,36,32,23,6,3,0,178,22,26,32,27.13,7.19,5,37,55,63,3,8,7,6,0,160,0,61,116,80,99,174,3,0,0,3,17,138,10,20,138,10,37,39,40,38.51,2.43,0,39,10,15,87,147,32,88,91,178,1,0,38,29,24,28,25,1,0,3,0,18,179,0,0,0,0,92,87,7,6,0,160,0,11,158,10,2900,3165,3500,3160.95,668.1,11,132,16,2,175,9.29,0.97,1,174,NA,NA,NA,NA,NA,NA,NA,NA,NA,NA,NA,NA,NA,NA,NA,NA,NA,NA,NA,NA,NA,NA,NA,NA,NA,NA,NA,NA,NA,NA,NA,NA,NA,NA,NA,NA,NA,NA,4.894,NA,43.1533269045323,NA,NA,NA,NA,NA,NA,NA,NA
2015,"MUNICIPIO","2931905",55777,52418,26254,26164,14372,27323,10723,7091,13455,5618,NA,0.579,NA,NA,578,0,382,11,111,160,126,100,50,20,0,0,567,20,25,31,25.68,6.89,15,60,184,213,26,32,109,25,0,375,1,269,278,232,346,568,9,0,2,3,48,471,32,53,471,32,38,39,40,38.97,2.28,3,149,56,75,268,263,315,417,160,556,17,1,172,26,214,26,45,6,9,9,1,46,575,3,0,0,0,295,283,109,25,0,375,1,39,502,37,2946,3260,3550,3227.24,567.11,34,435,66,9,404,9.15,1.05,2,564,NA,NA,NA,NA,NA,NA,NA,NA,NA,NA,NA,NA,NA,NA,NA,NA,NA,NA,NA,NA,NA,NA,NA,NA,NA,NA,NA,NA,NA,NA,NA,NA,NA,NA,NA,NA,NA,NA,28.873,11.234,42.9580081753995,NA,NA,NA,NA,NA,NA,NA,NA
2015,"MUNICIPIO","2932002",25087,24294,12218,12076,6245,12486,5563,3025,6165,2886,NA,0.605,NA,NA,292,0,278,6,65,82,75,37,19,8,0,0,286,20,24,29,24.7,6.48,1,20,80,170,4,13,50,10,2,223,0,86,204,113,179,281,10,0,0,2,32,242,12,34,242,12,38,39,40,38.82,2.14,3,101,28,42,106,159,133,221,70,279,11,0,65,26,105,25,21,2,5,10,0,28,290,1,1,0,0,156,136,50,10,2,223,0,27,239,25,2997.5,3350,3660,3279.08,575.42,24,213,38,4,285,9.14,0.87,6,279,NA,NA,NA,NA,NA,NA,NA,NA,NA,NA,NA,NA,NA,NA,NA,NA,NA,NA,NA,NA,NA,NA,NA,NA,NA,NA,NA,NA,NA,NA,NA,NA,NA,NA,NA,NA,NA,NA,15.999,NA,47.3641524736415,NA,NA,NA,NA,NA,NA,NA,NA
2015,"MUNICIPIO","2932101",20782,19750,10035,9715,5079,10259,4412,2530,4952,2233,NA,0.582,NA,NA,254,0,205,0,42,62,73,45,28,4,0,0,254,21,26,30,26.2,6.44,2,29,87,118,2,14,19,10,0,222,0,103,143,99,155,248,5,1,1,3,16,214,9,21,214,9,38,39,40,38.75,2.36,0,61,14,23,148,105,149,162,91,239,10,3,70,15,79,12,33,1,8,5,3,19,253,1,0,0,0,123,131,19,10,0,222,0,14,215,25,3092.5,3400,3696.25,3362.09,573.7,6,187,40,3,216,8.8,0.89,0,253,NA,NA,NA,NA,NA,NA,NA,NA,NA,NA,NA,NA,NA,NA,NA,NA,NA,NA,NA,NA,NA,NA,NA,NA,NA,NA,NA,NA,NA,NA,NA,NA,NA,NA,NA,NA,NA,NA,9.971,5.359,51.2924071082391,NA,NA,NA,NA,NA,NA,NA,NA
2015,"MUNICIPIO","2932200",20813,20691,10100,10591,5647,10869,4175,2798,5667,2126,NA,0.611,NA,NA,301,0,246,7,78,70,71,52,22,1,0,0,294,19,24,29,24.56,6.6,5,40,106,115,13,19,6,35,2,255,1,172,122,123,178,294,6,0,1,3,20,251,18,24,251,18,38,39,40,38.82,2.25,4,113,19,34,114,250,51,206,95,297,4,0,41,68,57,60,34,1,3,6,0,22,301,0,0,0,0,158,143,6,35,2,255,1,20,268,13,2930,3240,3530,3215.88,512.76,28,219,30,8,245,8.8,0.83,0,301,NA,NA,NA,NA,NA,NA,NA,NA,NA,NA,NA,NA,NA,NA,NA,NA,NA,NA,NA,NA,NA,NA,NA,NA,NA,NA,NA,NA,NA,NA,NA,NA,NA,NA,NA,NA,NA,NA,17.803,NA,53.1145226751368,NA,NA,NA,NA,NA,NA,NA,NA
2015,"MUNICIPIO","2932309",27051,25004,12488,12516,6930,12980,5094,3341,6583,2592,NA,0.593,NA,NA,231,0,194,5,55,71,34,41,18,7,0,0,226,19,23,30,24.92,6.92,1,40,66,86,8,13,7,19,0,193,0,109,104,81,150,231,0,0,1,2,12,182,18,15,182,18,38,39,40,39.07,2.31,3,69,20,21,95,184,47,124,107,227,4,0,37,34,65,28,34,2,2,0,0,13,231,0,0,0,0,128,103,7,19,0,193,0,14,199,18,2941.5,3250,3575,3239.39,581.66,22,154,29,5,226,8.96,1.02,2,224,NA,NA,NA,NA,NA,NA,NA,NA,NA,NA,NA,NA,NA,NA,NA,NA,NA,NA,NA,NA,NA,NA,NA,NA,NA,NA,NA,NA,NA,NA,NA,NA,NA,NA,NA,NA,NA,NA,21.064,NA,35.0903843232569,NA,NA,NA,NA,NA,NA,NA,NA
2015,"MUNICIPIO","2932408",14483,13625,6968,6657,3284,7297,3044,1615,3511,1531,NA,0.617,NA,NA,169,0,159,2,34,55,34,29,7,8,0,0,167,20,24,30,25.05,6.75,1,19,45,90,4,10,20,21,0,121,0,72,95,65,104,165,4,0,2,5,18,128,16,25,128,16,38,39,40,38.6,3.22,1,38,9,9,107,119,50,116,52,164,5,0,47,5,64,2,17,2,3,4,0,25,160,8,0,1,0,93,76,20,21,0,121,0,17,134,18,2850,3300,3610,3251.1,663.3,14,112,31,6,163,9.12,1.3,0,167,NA,NA,NA,NA,NA,NA,NA,NA,NA,NA,NA,NA,NA,NA,NA,NA,NA,NA,NA,NA,NA,NA,NA,NA,NA,NA,NA,NA,NA,NA,NA,NA,NA,NA,NA,NA,NA,NA,14.483,NA,48.1344346340074,NA,NA,NA,NA,NA,NA,NA,NA
2015,"MUNICIPIO","2932457",19055,17000,8777,8223,4799,9564,2637,2423,4552,1248,NA,0.515,NA,NA,164,0,125,3,47,41,37,23,9,3,1,0,161,19,23,29,24.32,6.69,1,18,56,53,2,3,13,1,2,133,0,78,72,69,95,160,4,0,0,0,14,131,8,14,131,8,38,39,40,39.16,2.01,0,70,14,9,57,143,21,124,39,149,5,0,46,6,53,8,13,1,3,4,0,13,142,21,0,1,0,73,91,13,1,2,133,0,11,140,13,2908,3300,3510,3247.1,515.21,10,117,19,6,152,8.84,1.08,0,133,NA,NA,NA,NA,NA,NA,NA,NA,NA,NA,NA,NA,NA,NA,NA,NA,NA,NA,NA,NA,NA,NA,NA,NA,NA,NA,NA,NA,NA,NA,NA,NA,NA,NA,NA,NA,NA,NA,9.656,NA,36.0281195079086,NA,NA,NA,NA,NA,NA,NA,NA
2015,"MUNICIPIO","2932507",22105,24110,12557,11553,6996,12553,4561,3398,6111,2044,NA,0.56,NA,NA,250,0,187,3,69,74,54,31,16,3,0,0,247,19,22,28,24.02,6.49,7,43,81,103,6,7,6,23,1,214,1,57,190,94,156,247,2,2,2,0,35,188,23,39,188,23,38,39,40,38.57,3.18,4,97,26,33,80,161,89,176,73,238,9,1,66,5,93,4,33,6,3,2,1,34,246,0,2,2,0,133,117,6,23,1,214,1,25,208,17,2946.25,3272.5,3582.5,3238.46,570.76,21,177,35,2,106,9.49,0.94,3,243,NA,NA,NA,NA,NA,NA,NA,NA,NA,NA,NA,NA,NA,NA,NA,NA,NA,NA,NA,NA,NA,NA,NA,NA,NA,NA,NA,NA,NA,NA,NA,NA,NA,NA,NA,NA,NA,NA,13.72,1.669,40.9098347242677,NA,NA,NA,NA,NA,NA,NA,NA
2015,"MUNICIPIO","2932606",17301,16466,8331,8135,4046,8881,3539,1988,4333,1814,NA,0.598,NA,NA,234,0,213,1,30,75,65,46,10,7,0,0,233,22,26,30,26.15,5.95,1,14,51,133,11,15,27,12,0,184,2,15,214,104,130,227,6,1,0,3,19,209,2,23,209,2,38,39,40,38.61,2.34,0,33,7,8,182,89,145,122,112,226,6,0,67,23,55,16,43,1,3,6,0,17,232,1,0,1,0,108,126,27,12,0,185,2,27,201,6,2872.5,3160,3465,3125.11,549.56,18,194,14,0,230,9.5,0.57,2,222,NA,NA,NA,NA,NA,NA,NA,NA,NA,NA,NA,NA,NA,NA,NA,NA,NA,NA,NA,NA,NA,NA,NA,NA,NA,NA,NA,NA,NA,NA,NA,NA,NA,NA,NA,NA,NA,NA,NA,NA,54.0041541657051,NA,NA,NA,NA,NA,NA,NA,NA
2015,"MUNICIPIO","2932705",21849,19837,9857,9980,5406,10404,4027,2717,5284,1979,NA,0.616,NA,NA,316,0,192,6,92,78,60,51,23,4,2,0,310,18,23,30,24.21,7.05,2,44,120,115,10,14,7,25,1,266,1,82,218,128,188,310,6,1,0,8,29,225,28,38,225,28,38,39,40,38.76,2.86,5,105,32,38,110,296,20,203,111,305,7,1,95,3,91,9,46,2,4,5,1,33,293,7,14,1,0,172,144,7,25,1,266,1,29,258,21,2962.5,3260,3550,3206.25,566.88,22,218,33,6,200,9.42,1.15,1,311,NA,NA,NA,NA,NA,NA,NA,NA,NA,NA,NA,NA,NA,NA,NA,NA,NA,NA,NA,NA,NA,NA,NA,NA,NA,NA,NA,NA,NA,NA,NA,NA,NA,NA,NA,NA,NA,NA,17.414,2.631,59.8031794095382,NA,NA,NA,NA,NA,NA,NA,NA
2015,"MUNICIPIO","2932804",19593,18173,8936,9237,5696,9296,3181,2891,4664,1682,NA,0.59,NA,NA,247,0,227,6,59,70,63,31,11,7,0,0,241,19,24,28,24.26,6.51,1,28,96,95,2,18,13,8,0,219,0,168,75,97,150,243,4,0,1,2,19,210,9,22,210,9,38,39,40,38.8,2.13,1,76,24,27,114,187,60,157,90,238,8,1,51,35,81,18,28,2,4,4,1,18,243,4,0,0,0,129,118,13,8,0,219,0,16,211,20,3000,3400,3600,3305.5,545.93,11,194,31,5,233,9.31,1.07,1,244,NA,NA,NA,NA,NA,NA,NA,NA,NA,NA,NA,NA,NA,NA,NA,NA,NA,NA,NA,NA,NA,NA,NA,NA,NA,NA,NA,NA,NA,NA,NA,NA,NA,NA,NA,NA,NA,NA,14.085,NA,52.958833619211,NA,NA,NA,NA,NA,NA,NA,NA
2015,"MUNICIPIO","2932903",97305,88673,43531,45142,23637,49611,15425,11552,25359,8231,NA,0.623,NA,NA,1527,0,1500,24,303,410,358,269,139,21,3,0,1503,20,25,30,25.49,6.54,8,157,495,710,50,94,127,153,16,1227,0,757,762,667,860,1500,26,2,3,7,64,1409,39,76,1409,39,39,39,39,38.88,1.66,25,303,191,346,640,95,1432,851,676,1299,147,77,374,145,375,128,189,69,72,26,77,64,1523,2,2,0,0,769,758,127,153,16,1228,0,123,1324,80,2922.5,3224,3530,3195.74,549.26,161,1178,154,103,1409,8.4,1.21,17,1510,NA,NA,NA,NA,NA,NA,NA,NA,NA,NA,NA,NA,NA,NA,NA,NA,NA,NA,NA,NA,NA,NA,NA,NA,NA,NA,NA,NA,NA,NA,NA,NA,NA,NA,NA,NA,NA,NA,83.682,71.032,60.2153081746126,NA,NA,NA,NA,NA,NA,NA,NA
2015,"MUNICIPIO","2933000",27906,24560,12152,12408,5703,14008,4849,2809,7126,2473,NA,0.637,NA,NA,260,0,203,2,49,45,76,57,26,5,0,0,258,21,27,31.25,26.6,6.47,1,7,67,146,8,19,22,21,0,189,0,105,149,99,161,257,3,0,0,1,29,196,12,30,196,12,38,39,40,38.6,1.98,1,45,9,21,152,170,90,142,117,252,8,0,48,25,55,19,55,2,5,3,0,27,199,58,0,3,0,129,131,22,21,0,189,0,25,218,17,2817.5,3198,3581,3165.25,538.31,21,177,31,4,232,9.11,1.03,4,247,NA,NA,NA,NA,NA,NA,NA,NA,NA,NA,NA,NA,NA,NA,NA,NA,NA,NA,NA,NA,NA,NA,NA,NA,NA,NA,NA,NA,NA,NA,NA,NA,NA,NA,NA,NA,NA,NA,23.287,NA,36.4861072130227,NA,NA,NA,NA,NA,NA,NA,NA
2015,"MUNICIPIO","2933059",14729,13786,6984,6802,3620,7087,3079,1742,3471,1589,NA,0.539,NA,NA,141,0,116,2,40,39,28,8,18,6,0,0,139,19,23,29,24.74,7.46,1,19,46,54,3,4,17,15,0,95,0,53,80,70,71,138,2,0,2,1,16,111,9,19,111,9,38,39,40,38.78,2.81,0,37,21,14,57,139,2,90,50,131,6,0,23,32,27,17,12,4,2,2,0,16,140,0,0,1,0,68,73,17,15,0,95,0,9,119,13,3070,3300,3600,3292.3,609.65,10,98,22,1,137,9.66,1.03,1,137,NA,NA,NA,NA,NA,NA,NA,NA,NA,NA,NA,NA,NA,NA,NA,NA,NA,NA,NA,NA,NA,NA,NA,NA,NA,NA,NA,NA,NA,NA,NA,NA,NA,NA,NA,NA,NA,NA,12.471,NA,40.6222990492653,NA,NA,NA,NA,NA,NA,NA,NA
2015,"MUNICIPIO","2933109",9416,8661,4355,4306,1995,4550,2116,987,2211,1108,NA,0.575,NA,NA,95,0,74,2,16,40,16,16,3,2,0,0,93,20,23,29,24.28,5.89,0,7,33,39,3,1,8,5,0,75,0,49,44,50,45,95,0,0,0,1,8,74,5,9,74,5,38,40,40,39.16,2.15,0,25,3,3,54,50,45,78,17,90,2,0,33,5,26,5,6,1,1,0,0,9,94,0,1,0,0,37,58,8,5,0,75,0,4,84,7,2934.5,3254,3507,3259.93,522.3,6,69,10,2,92,8.87,0.95,0,80,NA,NA,NA,NA,NA,NA,NA,NA,NA,NA,NA,NA,NA,NA,NA,NA,NA,NA,NA,NA,NA,NA,NA,NA,NA,NA,NA,NA,NA,NA,NA,NA,NA,NA,NA,NA,NA,NA,7.435,NA,42.9669832654907,NA,NA,NA,NA,NA,NA,NA,NA
2015,"MUNICIPIO","2933158",13470,13073,6622,6451,3582,6751,2740,1771,3304,1376,NA,0.555,NA,NA,172,0,140,4,44,44,43,28,6,3,0,0,168,19,24,29,24.52,6.3,1,12,63,68,1,9,11,7,0,139,0,65,99,70,102,172,0,0,0,1,15,140,10,16,140,10,38,39,40,38.98,2.07,1,64,6,10,81,115,57,125,46,165,2,0,40,18,31,33,21,1,1,0,0,16,171,1,0,0,0,95,77,11,7,0,139,0,9,135,28,3000,3322.5,3762.5,3375.56,594.92,13,110,41,0,170,9.08,0.68,0,148,NA,NA,NA,NA,NA,NA,NA,NA,NA,NA,NA,NA,NA,NA,NA,NA,NA,NA,NA,NA,NA,NA,NA,NA,NA,NA,NA,NA,NA,NA,NA,NA,NA,NA,NA,NA,NA,NA,11.878,8.76,52.0581113801453,NA,NA,NA,NA,NA,NA,NA,NA
2015,"MUNICIPIO","2933174",9363,9109,4534,4575,2216,4936,1957,1102,2417,1056,NA,0.586,NA,NA,116,0,58,2,26,27,30,18,10,3,0,0,114,20,25,30,25.49,6.72,1,10,33,56,1,9,3,15,0,92,0,80,33,63,53,116,0,0,0,1,17,89,6,18,89,6,38,39,40,38.63,2.34,1,37,10,17,49,115,1,60,56,116,0,0,31,21,20,6,17,0,0,0,0,18,115,0,1,0,0,55,61,3,15,0,92,0,8,100,8,2903.75,3230,3622.5,3237.34,551.5,7,87,16,2,59,9.31,1.4,0,116,NA,NA,NA,NA,NA,NA,NA,NA,NA,NA,NA,NA,NA,NA,NA,NA,NA,NA,NA,NA,NA,NA,NA,NA,NA,NA,NA,NA,NA,NA,NA,NA,NA,NA,NA,NA,NA,NA,3.799,NA,47.9933802234175,NA,NA,NA,NA,NA,NA,NA,NA
2015,"MUNICIPIO","2933208",42650,37567,18722,18845,9914,20323,7330,4895,10172,3778,NA,0.645,NA,NA,479,0,346,3,89,131,121,81,40,14,0,0,476,20.5,25,30,25.76,6.54,1,30,153,268,16,6,7,82,3,374,1,266,204,193,286,461,17,0,2,5,51,331,23,58,331,23,38,39,40,38.7,2.47,1,153,32,50,204,477,2,290,189,458,14,4,82,58,86,39,67,2,7,16,4,49,473,5,0,1,0,254,225,7,82,3,374,1,40,412,27,2919,3230,3536.5,3204.3,539.65,37,295,49,15,431,9.05,0.99,1,329,NA,NA,NA,NA,NA,NA,NA,NA,NA,NA,NA,NA,NA,NA,NA,NA,NA,NA,NA,NA,NA,NA,NA,NA,NA,NA,NA,NA,NA,NA,NA,NA,NA,NA,NA,NA,NA,NA,42.65,5.335,47.0900511207236,NA,NA,NA,NA,NA,NA,NA,NA
2015,"MUNICIPIO","2933257",6696,6800,3564,3236,1836,3382,1582,898,1565,773,NA,0.577,NA,NA,90,0,86,2,25,22,16,12,12,0,1,0,88,19,23.5,30.75,24.92,7.34,0,7,31,35,6,11,5,9,0,75,0,20,66,39,51,86,4,0,1,1,10,73,4,12,73,4,38,39,40,38.35,2.45,0,33,7,17,32,63,27,54,36,85,4,0,17,14,25,6,9,2,2,4,0,9,90,0,0,0,0,51,39,5,9,0,75,0,10,77,3,2852.5,3222.5,3600,3184.7,548.39,6,68,10,1,89,9.27,0.82,0,90,NA,NA,NA,NA,NA,NA,NA,NA,NA,NA,NA,NA,NA,NA,NA,NA,NA,NA,NA,NA,NA,NA,NA,NA,NA,NA,NA,NA,NA,NA,NA,NA,NA,NA,NA,NA,NA,NA,3.357,NA,57.5079872204473,NA,NA,NA,NA,NA,NA,NA,NA
2015,"MUNICIPIO","2933307",343230,306866,147879,158987,76768,173821,56277,37639,90555,30793,NA,0.678,NA,NA,5538,0,4940,35,914,1343,1391,1111,580,156,8,0,5503,21,26,31,26.54,6.7,42,477,1658,2330,205,587,419,125,12,4876,7,3160,2338,2300,3238,5428,108,5,20,52,580,4142,309,657,4142,309,38,39,40,38.55,2.39,4,995,482,614,2499,34,5504,3102,2432,5321,174,10,844,952,868,785,829,70,80,106,10,557,5505,2,27,4,0,2789,2749,419,125,12,4876,7,520,4777,239,2870,3200,3510,3150.25,602.24,411,3971,513,51,5436,9.37,0.86,25,5502,NA,NA,NA,NA,NA,NA,NA,NA,NA,NA,NA,NA,NA,NA,NA,NA,NA,NA,NA,NA,NA,NA,NA,NA,NA,NA,NA,NA,NA,NA,NA,NA,NA,NA,NA,NA,NA,NA,343.23,277.103,61.1562034122909,NA,NA,NA,NA,NA,NA,NA,NA
2015,"MUNICIPIO","2933406",9731,8983,4498,4485,2575,4682,1726,1263,2314,908,NA,0.587,NA,NA,128,0,117,3,37,42,23,8,12,3,0,0,125,19,22,27,23.83,6.74,0,8,53,56,3,8,3,4,0,121,0,96,32,53,75,121,7,0,0,1,22,99,5,23,99,5,38,39,40,38.51,2.16,0,26,18,22,62,33,95,79,49,124,3,1,22,22,38,6,15,1,0,6,1,16,128,0,0,0,0,65,63,3,4,0,121,0,13,105,10,2811.25,3300,3600,3205.2,609.07,9,95,16,1,117,9.16,0.55,1,127,NA,NA,NA,NA,NA,NA,NA,NA,NA,NA,NA,NA,NA,NA,NA,NA,NA,NA,NA,NA,NA,NA,NA,NA,NA,NA,NA,NA,NA,NA,NA,NA,NA,NA,NA,NA,NA,NA,7.266,NA,55.3154710458081,NA,NA,NA,NA,NA,NA,NA,NA
2015,"MUNICIPIO","2933455",13008,12485,6496,5989,3563,6523,2399,1728,3085,1176,NA,0.6,NA,NA,179,0,164,5,39,49,37,36,7,6,0,0,174,20,24,30,24.99,6.72,2,26,67,73,3,6,17,20,2,132,0,29,147,57,122,177,2,1,0,1,20,137,16,22,137,16,38,39,40,38.77,2.69,0,47,8,12,104,171,8,107,72,172,6,0,21,26,37,34,27,1,4,2,0,22,151,24,0,4,0,88,91,18,20,2,132,0,17,160,2,2869,3170,3415,3124.45,445.19,14,141,7,3,175,9.1,0.83,2,177,NA,NA,NA,NA,NA,NA,NA,NA,NA,NA,NA,NA,NA,NA,NA,NA,NA,NA,NA,NA,NA,NA,NA,NA,NA,NA,NA,NA,NA,NA,NA,NA,NA,NA,NA,NA,NA,NA,8.338,NA,58.0226904376013,NA,NA,NA,NA,NA,NA,NA,NA
2015,"MUNICIPIO","2933505",22530,22189,11475,10714,6878,11734,3577,3395,5649,1670,NA,0.544,NA,NA,377,0,319,7,119,104,82,43,18,2,1,1,369,18,22,28,23.43,6.29,8,52,153,122,8,10,15,38,0,310,0,141,226,159,218,370,7,0,1,8,41,278,22,50,278,22,38,39,40,38.66,2.62,1,106,60,72,119,173,204,287,90,353,13,5,97,25,108,22,28,8,5,7,5,41,371,0,5,1,0,192,185,15,38,0,310,0,30,323,24,2850,3200,3555,3191.04,542.07,28,259,45,11,351,8.73,0.91,1,364,NA,NA,NA,NA,NA,NA,NA,NA,NA,NA,NA,NA,NA,NA,NA,NA,NA,NA,NA,NA,NA,NA,NA,NA,NA,NA,NA,NA,NA,NA,NA,NA,NA,NA,NA,NA,NA,NA,9.076,NA,66.7374756594087,NA,NA,NA,NA,NA,NA,NA,NA
2015,"MUNICIPIO","2933604",48316,45536,22509,23027,14185,23178,8173,7050,11631,4346,NA,0.585,NA,NA,850,0,721,18,196,242,195,120,55,21,3,0,832,19,24,29,24.72,6.76,15,90,305,390,8,31,37,63,2,702,0,347,487,313,537,816,31,0,4,7,76,668,69,87,668,69,38,39,40,38.93,2.42,10,310,137,121,193,376,474,625,220,789,31,2,218,35,304,24,98,7,14,30,2,75,787,16,46,1,0,446,404,37,63,2,702,0,58,725,67,3000,3302.5,3600,3283.33,552.76,46,618,97,18,787,9.06,0.91,2,830,NA,NA,NA,NA,NA,NA,NA,NA,NA,NA,NA,NA,NA,NA,NA,NA,NA,NA,NA,NA,NA,NA,NA,NA,NA,NA,NA,NA,NA,NA,NA,NA,NA,NA,NA,NA,NA,NA,45.562,6.248,73.0805605708881,NA,NA,NA,NA,NA,NA,NA,NA
2015,"MUNICIPIO",NA,NA,NA,NA,NA,NA,NA,NA,NA,NA,NA,NA,NA,NA,NA,12,0,9,0,1,4,3,3,1,0,0,0,12,22.75,26,30.5,26.75,5.61,0,1,6,2,0,2,1,0,0,9,0,3,8,4,8,12,0,0,0,0,1,10,0,1,10,0,37,39,39,38.27,1.35,0,3,0,1,6,12,0,7,5,11,1,0,1,1,2,1,4,0,1,0,0,1,12,0,0,0,0,7,5,1,0,0,9,0,1,9,2,2900,3148,3392.5,3243.5,607.87,0,9,2,0,12,9.42,0.51,0,12,NA,NA,NA,NA,NA,NA,NA,NA,NA,NA,NA,NA,NA,NA,NA,NA,NA,NA,NA,NA,NA,NA,NA,NA,NA,NA,NA,NA,NA,NA,NA,NA,NA,NA,NA,NA,NA,NA,NA,NA,NA,NA,NA,NA,NA,NA,NA,NA,NA
